timestamp,cpu_percent,memory_percent,load_1min,temp_c,source,disk_read_mb,disk_write_mb,net_rx_mb,net_tx_mb,battery_percent,upstream
2025-12-21T18:45:23.787690,2.5,21.1,0.42,64.0,daemon,17201.8,98863.1,4726.2,7361.5,100.0,
2025-12-21T18:46:24.015368,1.7,21.4,0.59,52.0,daemon,21126.4,98905.4,4728.8,7367.4,100.0,
2025-12-21T18:47:24.268632,2.5,20.8,0.60,45.0,daemon,21126.4,99061.7,4729.3,7369.2,100.0,
2025-12-21T18:48:24.487973,1.7,20.8,0.31,45.0,daemon,21126.4,99112.8,4729.4,7369.3,100.0,
2025-12-21T18:49:24.691520,14.2,21.4,0.41,87.0,daemon,21126.4,99126.3,4729.7,7370.3,100.0,
2025-12-21T18:50:24.896398,9.0,21.1,0.23,62.0,daemon,21126.4,99188.5,4730.5,7373.9,100.0,
2025-12-21T18:51:25.096099,1.7,21.1,0.61,60.0,daemon,21126.4,99346.5,4730.9,7376.8,100.0,
2025-12-21T18:52:25.303624,0.8,21.1,0.45,39.0,daemon,21126.4,99365.3,4730.9,7376.8,100.0,
2025-12-21T18:53:25.525282,3.3,20.8,0.57,47.0,daemon,21126.4,99382.0,4731.6,7381.3,100.0,
2025-12-21T18:54:25.763285,0.8,20.8,0.34,44.0,daemon,21126.4,99401.4,4732.2,7384.9,100.0,
2025-12-21T18:55:25.998871,0.8,20.8,0.23,41.0,daemon,21126.4,99423.6,4732.3,7384.9,100.0,
2025-12-21T18:56:26.227538,4.2,20.5,0.39,41.0,daemon,21126.4,99447.4,4732.4,7385.0,100.0,
2025-12-21T18:57:26.438728,0.0,20.8,0.30,56.0,daemon,21126.4,99471.8,4732.5,7385.0,100.0,
2025-12-21T18:58:26.652285,5.0,20.8,0.14,60.0,daemon,21126.4,99492.4,4732.8,7386.1,100.0,
2025-12-21T18:59:26.881016,5.0,20.8,0.42,46.0,daemon,21126.4,99503.7,4733.4,7391.3,100.0,
2025-12-21T19:00:27.108890,2.5,21.1,0.27,56.0,daemon,21126.4,99525.9,4733.8,7392.5,100.0,
2025-12-21T19:01:27.327007,8.5,20.8,0.33,65.0,daemon,21126.4,99543.9,4734.4,7397.6,100.0,
2025-12-21T19:02:27.542805,5.0,21.1,0.98,70.0,daemon,21126.4,99572.8,4735.8,7402.3,100.0,
2025-12-21T19:03:27.754617,4.2,21.1,0.68,64.0,daemon,21126.4,99759.8,4736.0,7402.9,100.0,
2025-12-21T19:04:27.969285,5.0,21.1,0.92,55.0,daemon,21126.4,99785.8,4736.1,7404.3,100.0,
2025-12-21T19:05:28.193846,6.7,21.1,0.69,71.0,daemon,21126.4,99820.7,4737.9,7408.8,100.0,
2025-12-21T19:06:28.411774,6.6,21.8,0.87,59.0,daemon,21126.4,100011.1,4738.9,7417.4,100.0,
2025-12-21T19:07:28.648495,2.5,20.8,0.68,62.0,daemon,21126.4,100026.6,4740.1,7420.1,100.0,
2025-12-21T19:08:28.882405,2.5,20.8,0.36,65.0,daemon,21126.4,100051.2,4741.3,7427.8,100.0,
2025-12-21T19:09:29.113354,4.1,20.8,0.53,62.0,daemon,21126.4,100064.4,4742.6,7435.6,100.0,
2025-12-21T19:10:29.332860,4.2,20.8,0.55,47.0,daemon,21126.4,100090.7,4743.7,7444.9,100.0,
2025-12-21T19:11:29.566862,0.8,20.8,0.54,44.0,daemon,21126.4,100110.9,4744.2,7451.0,100.0,
2025-12-21T19:12:29.783967,5.7,20.8,0.35,64.0,daemon,21126.4,100126.6,4744.7,7453.3,100.0,
2025-12-21T19:13:30.004170,0.0,21.1,0.26,57.0,daemon,21126.4,100137.2,4744.9,7454.4,100.0,
2025-12-21T19:14:30.234882,5.8,21.1,0.42,45.0,daemon,21126.4,100324.7,4744.9,7454.5,100.0,
2025-12-21T19:15:30.472136,2.5,21.1,0.36,43.0,daemon,21126.4,100355.1,4745.3,7454.6,100.0,
2025-12-21T19:16:30.705775,4.1,20.8,0.34,41.0,daemon,21127.2,100366.0,4745.4,7454.6,100.0,
2025-12-21T19:17:30.928615,0.0,20.8,0.30,52.0,daemon,21127.2,100412.6,4745.5,7454.7,100.0,
2025-12-21T19:18:31.160160,0.8,20.8,0.16,41.0,daemon,21127.2,100433.0,4745.7,7454.7,100.0,
2025-12-21T19:19:31.396489,0.8,20.8,0.10,44.0,daemon,21127.2,100450.3,4745.8,7454.7,100.0,
2025-12-21T19:20:31.614266,1.7,20.8,0.08,55.0,daemon,21127.2,100458.8,4745.8,7454.8,100.0,
2025-12-21T19:21:31.856448,0.8,20.8,0.08,40.0,daemon,21127.2,100469.6,4745.9,7454.8,100.0,
2025-12-21T19:22:32.094884,0.8,20.8,0.08,41.0,daemon,21127.2,100475.7,4746.0,7454.8,100.0,
2025-12-21T19:23:32.327150,3.3,20.8,0.03,48.0,daemon,21127.2,100488.8,4746.1,7454.9,100.0,
2025-12-21T19:24:32.540984,4.2,21.4,0.24,49.0,daemon,21127.2,100525.2,4746.9,7455.2,100.0,
2025-12-21T19:25:32.765603,2.5,21.1,0.28,61.0,daemon,21127.2,100579.9,4748.2,7456.9,100.0,
2025-12-21T19:26:32.984639,10.1,20.1,0.45,72.0,daemon,21127.2,100614.5,4769.4,7485.1,100.0,
2025-12-21T19:27:33.196912,5.0,20.5,0.46,65.0,daemon,21127.2,100720.8,4770.1,7490.1,100.0,
2025-12-21T19:28:33.419155,1.7,20.5,0.38,51.0,daemon,21127.2,100781.4,4790.8,7519.5,100.0,
2025-12-21T19:29:33.647922,5.8,20.8,0.39,47.0,daemon,21127.2,100828.9,4791.4,7524.4,100.0,
2025-12-21T19:30:33.882957,4.1,20.5,0.44,45.0,daemon,21127.2,100866.3,4792.4,7534.1,100.0,
2025-12-21T19:31:34.109777,5.0,20.8,1.02,55.0,daemon,21127.2,100895.7,4812.8,7557.3,100.0,
2025-12-21T19:32:34.339971,2.5,20.5,0.37,56.0,daemon,21127.2,100975.1,4812.9,7557.4,100.0,
2025-12-21T19:33:34.550562,1.7,20.5,0.22,57.0,daemon,21127.2,100992.2,4813.0,7557.4,100.0,
2025-12-21T19:34:34.781507,1.7,20.5,0.39,59.0,daemon,21127.2,101026.3,4813.2,7559.2,100.0,
2025-12-21T19:35:35.024516,2.5,20.5,0.45,57.0,daemon,21127.2,101047.5,4813.7,7561.1,100.0,
2025-12-21T19:36:35.248287,2.5,20.8,0.39,65.0,daemon,21127.2,101072.8,4834.8,7584.7,100.0,
2025-12-21T19:37:35.471741,2.5,20.8,0.43,59.0,daemon,21127.2,101147.1,4834.9,7585.3,100.0,
2025-12-21T19:38:35.707026,0.8,20.8,0.23,55.0,daemon,21127.2,101169.7,4836.0,7589.1,100.0,
2025-12-21T19:39:35.945108,0.8,20.8,0.16,41.0,daemon,21127.2,101195.8,4836.1,7589.2,100.0,
2025-12-21T19:40:36.188483,0.8,20.8,0.15,40.0,daemon,21127.2,101216.8,4836.2,7589.2,100.0,
2025-12-21T19:41:36.412080,0.0,20.8,0.12,52.0,daemon,21127.2,101231.5,4836.2,7589.2,100.0,
2025-12-21T19:42:36.634126,0.8,20.8,0.18,53.0,daemon,21127.2,101250.3,4836.2,7589.3,100.0,
2025-12-21T19:43:36.847820,0.0,20.5,0.06,56.0,daemon,21127.2,101257.6,4836.3,7589.3,100.0,
2025-12-21T19:44:37.067192,0.8,20.5,0.05,56.0,daemon,21127.2,101275.7,4836.4,7589.3,100.0,
2025-12-21T19:45:37.302181,0.0,20.5,0.02,40.0,daemon,21127.2,101292.3,4836.4,7589.4,100.0,
2025-12-21T19:46:37.535433,0.8,20.5,0.00,37.0,daemon,21127.2,101311.2,4836.4,7589.4,100.0,
2025-12-21T19:47:37.777331,0.8,20.5,0.10,39.0,daemon,21127.2,101326.2,4836.5,7589.5,100.0,
2025-12-21T19:48:38.015701,0.0,20.5,0.09,40.0,daemon,21127.2,101374.2,4836.5,7589.5,100.0,
2025-12-21T19:49:38.253784,0.8,20.5,0.11,41.0,daemon,21127.2,101394.6,4836.6,7589.5,100.0,
2025-12-21T19:50:38.486482,0.8,20.5,0.04,41.0,daemon,21127.2,101413.2,4836.6,7589.6,100.0,
2025-12-21T19:51:38.724421,0.8,20.5,0.14,40.0,daemon,21127.2,101427.1,4836.7,7589.6,100.0,
2025-12-21T19:52:38.950092,0.8,20.5,0.22,56.0,daemon,21127.2,101446.7,4836.8,7589.6,100.0,
2025-12-21T19:53:39.190518,0.0,20.5,0.08,40.0,daemon,21127.2,101457.4,4836.9,7589.6,100.0,
2025-12-21T19:54:39.412743,1.6,20.5,0.07,57.0,daemon,21127.2,101478.2,4836.9,7589.7,100.0,
2025-12-21T19:55:39.646712,0.8,20.5,0.13,55.0,daemon,21127.2,101500.4,4837.0,7589.7,100.0,
2025-12-21T19:56:39.864275,0.0,20.8,0.08,60.0,daemon,21127.2,101593.2,4837.6,7589.9,100.0,
2025-12-21T19:57:40.092117,0.0,20.5,0.16,40.0,daemon,21127.2,101671.3,4838.1,7590.1,100.0,
2025-12-21T19:58:40.329627,0.8,20.5,0.06,44.0,daemon,21127.2,101688.1,4838.1,7590.1,100.0,
2025-12-21T19:59:40.553560,0.0,20.5,0.02,59.0,daemon,21127.2,101699.0,4838.2,7590.1,100.0,
2025-12-21T20:00:40.791681,0.8,20.5,0.08,39.0,daemon,21127.2,101712.9,4838.3,7590.2,100.0,
2025-12-21T20:01:41.027754,0.8,20.8,0.18,40.0,daemon,21127.2,101726.5,4838.3,7590.2,100.0,
2025-12-21T20:02:41.258644,0.0,20.8,0.18,55.0,daemon,21127.2,101735.5,4838.4,7590.2,100.0,
2025-12-21T20:03:41.518023,0.8,20.8,0.13,34.0,daemon,21127.2,101750.9,4838.6,7590.3,100.0,
2025-12-21T20:04:41.794058,1.7,20.8,0.05,32.0,daemon,21127.2,101795.6,4838.8,7590.3,100.0,
2025-12-21T20:05:42.057963,0.8,20.8,0.02,32.0,daemon,21127.2,101817.3,4839.0,7590.4,99.5,
2025-12-21T20:06:42.346043,7.4,20.8,0.09,31.0,daemon,21127.2,101834.9,4839.0,7590.4,99.3,
2025-12-21T20:07:42.626836,0.8,21.1,0.24,32.0,daemon,21127.2,101919.3,4839.4,7590.5,99.1,
2025-12-21T20:08:42.908461,0.0,21.1,0.12,32.0,daemon,21127.2,101961.9,4839.4,7590.6,98.9,
2025-12-21T20:09:43.191203,0.8,20.8,0.16,32.0,daemon,21127.2,101982.0,4839.5,7590.6,98.8,
2025-12-21T20:10:43.479606,0.8,20.8,0.10,31.0,daemon,21127.2,101998.5,4839.6,7590.6,98.7,
2025-12-21T20:11:43.765817,0.0,20.8,0.07,32.0,daemon,21127.2,102012.5,4839.6,7590.7,98.5,
2025-12-21T20:12:44.027991,0.8,20.8,0.02,33.0,daemon,21127.2,102027.5,4839.7,7590.7,98.4,
2025-12-21T20:13:44.298284,11.6,20.8,0.14,34.0,daemon,21127.2,102041.3,4839.8,7590.8,98.2,
2025-12-21T20:14:44.571421,10.0,20.8,0.39,33.0,daemon,21127.2,102063.9,4840.0,7590.8,98.0,
2025-12-21T20:15:44.844098,10.7,20.8,0.25,37.0,daemon,21127.2,102082.0,4840.0,7590.8,97.9,
2025-12-21T20:16:45.076622,6.7,20.8,0.09,38.0,daemon,21127.2,102100.8,4840.1,7590.9,97.7,
2025-12-21T20:17:45.306398,9.9,21.1,0.60,39.0,daemon,21127.2,102128.0,4840.5,7591.6,97.5,
2025-12-21T20:18:45.574202,4.9,20.8,0.96,36.0,daemon,21153.3,102216.8,4841.1,7591.7,97.2,
2025-12-21T20:19:45.850761,1.6,20.8,0.56,35.0,daemon,21153.3,102239.3,4841.2,7591.7,97.0,
2025-12-21T20:20:46.119120,0.8,20.8,0.28,35.0,daemon,21153.3,102259.4,4841.2,7591.7,96.8,
2025-12-21T20:21:46.396223,0.8,20.8,0.18,34.0,daemon,21153.3,102302.5,4842.3,7591.9,96.6,
2025-12-21T20:22:46.651871,0.8,20.8,0.10,33.0,daemon,21153.3,102325.8,4842.3,7591.9,96.4,
2025-12-21T20:23:46.914035,2.5,20.8,0.11,33.0,daemon,21153.3,102345.6,4842.4,7591.9,96.3,
2025-12-21T20:24:47.161466,0.8,20.8,0.31,36.0,daemon,21153.3,102365.2,4842.5,7592.0,96.1,
2025-12-21T20:25:47.393365,4.2,20.8,0.51,36.0,daemon,21153.3,102389.8,4842.5,7592.0,95.9,
2025-12-21T20:26:47.654185,3.3,20.8,0.52,35.0,daemon,21153.3,102408.3,4842.9,7592.1,95.7,
2025-12-21T20:27:47.888787,0.8,20.8,0.31,35.0,daemon,21153.3,102430.7,4842.9,7592.1,95.5,
2025-12-21T20:28:48.127758,0.8,20.8,0.46,35.0,daemon,21153.3,102451.3,4843.4,7594.0,95.2,
2025-12-21T20:29:48.375590,1.7,20.8,1.48,34.0,daemon,21153.3,102473.3,4843.5,7594.0,95.0,
2025-12-21T20:30:48.628463,1.7,20.8,0.86,35.0,daemon,21153.3,102494.7,4843.6,7594.1,94.9,
2025-12-21T20:31:48.880425,3.3,20.8,0.35,35.0,daemon,21153.3,102511.3,4843.7,7594.7,94.7,
2025-12-21T20:32:49.134267,0.8,20.8,0.50,34.0,daemon,21153.3,102527.8,4843.8,7594.8,94.4,
2025-12-21T20:33:49.391920,3.3,20.8,0.50,35.0,daemon,21153.3,102542.7,4843.9,7595.4,94.3,
2025-12-21T20:34:49.654623,0.0,20.8,0.31,33.0,daemon,21153.3,102560.5,4844.0,7596.1,94.1,
2025-12-21T20:35:49.931517,4.9,20.8,0.55,34.0,daemon,21153.3,102583.8,4844.7,7598.7,93.8,
2025-12-21T20:36:50.209553,3.3,20.8,0.33,35.0,daemon,21153.3,102608.4,4844.8,7598.8,93.6,
2025-12-21T20:37:50.478427,4.1,20.8,0.21,33.0,daemon,21153.3,102626.0,4845.0,7599.5,93.4,
2025-12-21T20:38:50.742412,0.0,20.8,0.17,35.0,daemon,21153.3,102679.6,4845.4,7602.0,93.2,
2025-12-21T20:39:50.990602,13.2,21.1,0.41,39.0,daemon,21153.3,102829.1,4845.7,7603.3,93.0,
2025-12-21T20:40:51.239338,27.7,21.1,0.73,44.0,daemon,21153.3,102886.6,4846.7,7610.1,92.7,
2025-12-21T20:41:51.474524,8.3,21.1,0.52,38.0,daemon,21153.3,103010.1,4847.1,7612.8,92.5,
2025-12-21T20:42:51.752770,1.6,21.1,0.27,33.0,daemon,21153.3,103060.5,4847.2,7612.8,92.3,
2025-12-21T20:43:52.017987,13.2,21.1,0.51,34.0,daemon,21153.3,103075.9,4847.2,7612.8,92.2,
2025-12-21T20:44:52.295334,1.7,21.4,0.37,33.0,daemon,21153.3,103098.3,4847.4,7612.9,92.0,
2025-12-21T20:45:52.576625,0.0,21.8,0.30,34.0,daemon,21153.3,103118.2,4847.6,7613.0,91.8,
2025-12-21T20:46:52.857631,0.8,21.8,0.15,33.0,daemon,21153.3,103137.5,4847.8,7613.1,91.6,
2025-12-21T20:47:53.139641,0.0,21.8,0.10,33.0,daemon,21153.3,103156.3,4847.8,7613.2,91.4,
2025-12-21T20:48:53.415590,0.0,21.8,0.07,32.0,daemon,21153.3,103201.9,4848.0,7613.3,91.3,
2025-12-21T20:49:53.694322,0.0,21.4,0.35,32.0,daemon,21153.3,103210.2,4848.1,7613.3,91.2,
2025-12-21T20:50:53.972575,0.8,21.4,0.12,34.0,daemon,21153.3,103225.9,4848.3,7613.4,91.0,
2025-12-21T20:51:54.247409,0.0,21.4,0.04,32.0,daemon,21153.3,103247.6,4848.4,7613.5,90.9,
2025-12-21T20:52:54.528245,0.0,21.4,0.22,32.0,daemon,21153.3,103264.9,4848.5,7613.5,90.7,
2025-12-21T20:53:54.810977,6.7,21.1,1.45,35.0,daemon,21153.3,103296.9,4848.8,7613.6,90.5,
2025-12-21T20:54:55.062948,1.7,20.8,0.94,36.0,daemon,21153.3,103353.5,4849.2,7614.0,90.3,
2025-12-21T20:55:55.345432,0.0,20.8,0.69,34.0,daemon,21153.3,103395.3,4849.4,7614.1,90.0,
2025-12-21T20:56:55.618116,10.9,20.8,0.53,34.0,daemon,21153.3,103438.5,4850.0,7614.3,89.8,
2025-12-21T20:57:55.853831,6.8,21.4,0.56,37.0,daemon,21153.3,103581.7,4851.3,7614.8,89.6,
2025-12-21T20:58:56.121935,5.8,21.8,1.01,36.0,daemon,21153.3,104370.6,4855.0,7615.7,89.1,
2025-12-21T20:59:56.377493,0.0,21.8,0.85,34.0,daemon,21153.3,104530.8,4855.4,7616.1,89.0,
2025-12-21T21:00:56.641484,0.8,21.4,0.31,33.0,daemon,21153.3,104554.8,4855.5,7616.2,88.8,
2025-12-21T21:01:56.919665,4.2,21.4,0.27,33.0,daemon,21153.3,104566.7,4855.6,7616.2,88.7,
2025-12-21T21:02:57.148132,2.5,22.1,0.64,39.0,daemon,21153.3,104590.7,4856.3,7616.3,88.4,
2025-12-21T21:03:57.405991,0.0,21.8,0.23,35.0,daemon,21153.3,104631.6,4856.6,7616.4,88.2,
2025-12-21T21:04:57.669218,3.3,21.4,0.43,33.0,daemon,21153.3,104648.6,4856.9,7616.4,88.0,
2025-12-21T21:05:57.896063,14.3,21.8,0.19,37.0,daemon,21153.3,104666.1,4857.1,7616.5,87.8,
2025-12-21T21:06:58.180378,5.9,21.1,0.71,35.0,daemon,21153.3,104709.6,4858.5,7617.9,87.6,
2025-12-21T21:07:58.441675,2.5,21.1,0.86,35.0,daemon,21153.3,104733.2,4859.4,7619.1,87.3,
2025-12-21T21:08:58.719043,0.0,21.1,0.36,32.0,daemon,21153.3,104752.2,4859.5,7619.1,87.1,
2025-12-21T21:09:58.996864,0.0,21.4,0.21,33.0,daemon,21153.3,104759.8,4859.5,7619.2,87.0,
2025-12-21T21:10:59.273893,0.0,21.4,0.20,33.0,daemon,21153.3,104776.7,4859.6,7619.3,86.8,
2025-12-21T21:11:59.547707,5.8,21.4,0.07,37.0,daemon,21153.3,104963.6,4859.7,7619.3,86.7,
2025-12-21T21:12:59.804903,2.5,21.1,0.02,35.0,daemon,21153.3,104984.3,4859.7,7619.3,86.5,
2025-12-21T21:14:00.085407,0.0,21.1,0.12,32.0,daemon,21153.3,105002.0,4859.9,7619.4,86.4,
2025-12-21T21:15:00.355450,0.0,21.1,0.04,33.0,daemon,21153.3,105021.3,4860.1,7619.6,86.2,
2025-12-21T21:16:00.629308,0.0,21.1,0.08,32.0,daemon,21153.3,105030.1,4860.2,7619.7,86.0,
2025-12-21T21:17:00.905173,22.5,21.1,0.24,34.0,daemon,21153.3,105055.9,4860.3,7619.7,85.8,
2025-12-21T21:18:01.162926,3.3,21.4,0.91,35.0,daemon,21153.3,105103.3,4860.3,7619.8,85.6,
2025-12-21T21:19:01.439207,0.0,21.1,0.43,32.0,daemon,21153.3,105164.7,4860.4,7619.9,85.4,
2025-12-21T21:20:01.718486,2.5,21.1,0.24,33.0,daemon,21153.3,105188.9,4860.5,7620.1,85.2,
2025-12-21T21:21:01.999901,0.0,21.1,0.09,33.0,daemon,21153.3,105204.5,4860.8,7620.3,85.1,
2025-12-21T21:22:02.273718,0.8,21.1,0.28,33.0,daemon,21153.3,105225.1,4860.9,7620.3,84.9,
2025-12-21T21:23:02.549035,2.5,21.1,0.20,33.0,daemon,21153.3,105243.1,4861.0,7620.4,84.7,
2025-12-21T21:24:02.823669,0.0,21.4,0.14,34.0,daemon,21153.3,105261.6,4861.0,7620.4,84.5,
2025-12-21T21:25:03.102910,0.0,21.1,0.05,35.0,daemon,21153.3,105276.6,4861.1,7620.4,84.3,
2025-12-21T21:26:03.363069,0.8,21.1,0.21,35.0,daemon,21153.3,105285.2,4861.1,7620.5,84.2,
2025-12-21T21:27:03.636394,0.8,21.1,0.27,34.0,daemon,21153.3,105306.5,4861.5,7620.6,84.1,
2025-12-21T21:28:03.919511,3.3,20.8,0.14,35.0,daemon,21153.3,105324.9,4861.6,7620.8,83.9,
2025-12-21T21:29:04.167394,11.8,20.8,0.14,39.0,daemon,21153.3,105344.1,4861.7,7620.8,83.6,
2025-12-21T21:30:04.429330,2.5,20.8,0.38,37.0,daemon,21153.3,105361.8,4862.0,7621.3,83.4,
2025-12-21T21:31:04.688426,3.3,20.8,0.39,38.0,daemon,21153.3,105377.3,4862.3,7621.3,83.2,
2025-12-21T21:32:04.945933,6.7,20.8,0.34,39.0,daemon,21153.3,105396.0,4863.5,7621.9,83.0,
2025-12-21T21:33:05.199633,3.4,20.8,0.38,39.0,daemon,21153.3,105446.2,4864.8,7623.4,82.7,
2025-12-21T21:34:05.470978,13.4,21.1,0.53,39.0,daemon,21153.3,105472.0,4866.3,7624.7,82.4,
2025-12-21T21:35:05.726091,5.0,21.1,0.72,38.0,daemon,21153.3,105508.8,4867.0,7625.9,82.2,
2025-12-21T21:36:05.984149,0.0,21.1,0.47,38.0,daemon,21153.3,105530.2,4867.1,7625.9,82.0,
2025-12-21T21:37:06.239015,5.8,21.1,0.78,40.0,daemon,21153.3,105548.4,4867.2,7626.0,81.8,
2025-12-21T21:38:06.525346,3.4,21.1,0.87,37.0,daemon,21153.3,105593.7,4879.5,7626.6,81.5,
2025-12-21T21:39:06.785234,3.3,21.1,0.86,36.0,daemon,21153.3,105720.4,4881.6,7626.7,81.2,
2025-12-21T21:40:07.024448,4.2,21.1,0.39,38.0,daemon,21153.3,105757.9,4882.0,7627.5,81.0,
2025-12-21T21:41:07.290486,0.8,21.1,0.64,34.0,daemon,21153.3,105799.4,4882.8,7628.0,80.7,
2025-12-21T21:42:07.563339,0.8,21.1,0.55,34.0,daemon,21153.3,105986.0,4883.0,7628.4,80.5,
2025-12-21T21:43:07.839613,0.0,21.1,0.29,34.0,daemon,21153.3,106108.1,4903.5,7629.3,80.3,
2025-12-21T21:44:08.102012,0.8,21.1,0.22,34.0,daemon,21153.3,106164.8,4903.6,7630.0,80.1,
2025-12-21T21:45:08.373516,4.2,21.4,0.48,35.0,daemon,21153.3,106187.5,4903.9,7630.8,79.8,
2025-12-21T21:46:08.650740,7.5,21.4,0.47,35.0,daemon,21153.3,106205.5,4905.0,7631.9,79.6,
2025-12-21T21:47:08.912517,2.5,21.8,0.48,37.0,daemon,21153.3,106285.9,4925.3,7652.1,79.3,
2025-12-21T21:48:09.191771,0.0,21.4,0.45,33.0,daemon,21153.3,106346.2,4925.9,7652.2,79.1,
2025-12-21T21:49:09.469918,0.0,21.4,0.53,34.0,daemon,21153.3,106398.2,4926.5,7652.4,78.9,
2025-12-21T21:50:09.752313,3.3,21.4,0.27,33.0,daemon,21153.3,106423.4,4926.9,7653.6,78.7,
2025-12-21T21:51:10.017637,8.3,22.1,0.34,37.0,daemon,21153.3,106438.4,4948.3,7674.4,78.4,
2025-12-21T21:52:10.296714,17.5,21.8,0.42,35.0,daemon,21153.3,106526.8,4949.3,7674.6,78.1,
2025-12-21T21:53:10.566503,0.8,21.8,0.54,37.0,daemon,21153.3,106666.8,4971.4,7675.1,77.8,
2025-12-21T21:54:10.822686,0.0,21.4,0.36,34.0,daemon,21153.3,106783.9,4971.7,7675.2,77.6,
2025-12-21T21:55:11.093853,0.0,21.4,0.64,31.0,daemon,21153.3,106814.5,4971.8,7675.3,77.4,
2025-12-21T21:56:11.372826,5.0,21.8,0.31,32.0,daemon,21153.3,106830.8,4972.0,7675.3,77.3,
2025-12-21T21:57:11.629447,0.0,21.4,0.15,32.0,daemon,21153.3,106859.0,4972.3,7675.4,77.2,
2025-12-21T21:58:11.913335,0.0,21.4,0.05,32.0,daemon,21153.3,106876.7,4972.4,7675.5,77.0,
2025-12-21T21:59:12.191963,0.8,21.4,0.13,31.0,daemon,21153.3,106895.3,4972.5,7675.6,76.8,
2025-12-21T22:00:12.452389,1.7,21.4,0.13,31.0,daemon,21153.3,106910.8,4972.6,7675.6,76.7,
2025-12-21T22:01:12.731772,0.8,21.4,0.04,31.0,daemon,21153.3,106925.3,4972.8,7675.7,76.6,
2025-12-21T22:02:12.985876,1.7,21.4,0.04,33.0,daemon,21153.3,106938.1,4972.9,7675.7,76.4,
2025-12-21T22:03:13.240885,0.0,21.4,0.08,32.0,daemon,21153.3,106956.5,4973.1,7675.8,76.3,
2025-12-21T22:04:13.519328,0.0,21.4,0.14,32.0,daemon,21153.3,106980.5,4973.2,7675.8,76.2,
2025-12-21T22:05:13.787087,0.8,21.4,0.16,33.0,daemon,21153.3,106997.4,4973.4,7675.9,76.0,
2025-12-21T22:06:14.042877,2.5,21.4,0.28,34.0,daemon,21153.3,107010.5,4973.6,7676.0,75.9,
2025-12-21T22:07:14.274512,3.3,21.4,0.28,35.0,daemon,21153.3,107031.3,4973.7,7676.1,75.7,
2025-12-21T22:08:14.545661,1.7,21.8,0.43,34.0,daemon,21153.3,107064.9,4974.2,7677.2,75.5,
2025-12-21T22:09:14.818749,4.2,21.8,0.36,34.0,daemon,21153.3,107087.4,4974.5,7677.3,75.2,
2025-12-21T22:10:15.099070,0.0,21.8,0.50,33.0,daemon,21153.3,107130.8,4974.8,7678.0,74.9,
2025-12-21T22:11:15.376044,1.7,21.8,0.18,33.0,daemon,21153.3,107169.3,4975.0,7678.1,74.8,
2025-12-21T22:12:15.654474,0.0,21.8,0.23,32.0,daemon,21153.3,107353.5,4975.1,7678.1,74.7,
2025-12-21T22:13:15.921201,0.8,21.8,0.13,32.0,daemon,21153.3,107366.8,4975.2,7678.2,74.5,
2025-12-21T22:14:16.198684,0.8,21.8,0.17,33.0,daemon,21153.3,107387.7,4975.3,7678.3,74.3,
2025-12-21T22:15:16.476076,0.0,21.8,0.06,33.0,daemon,21153.3,107406.2,4975.5,7678.3,74.2,
2025-12-21T22:16:16.753059,0.0,21.8,0.02,33.0,daemon,21153.3,107418.6,4975.7,7678.4,74.1,
2025-12-21T22:17:17.031413,0.8,21.8,0.12,33.0,daemon,21153.3,107434.6,4975.7,7678.4,74.0,
2025-12-21T22:18:17.302750,12.7,22.1,0.29,35.0,daemon,21153.3,107448.2,4976.2,7678.6,73.7,
2025-12-21T22:19:17.583439,0.8,21.8,0.37,34.0,daemon,21153.3,107512.1,4976.5,7678.7,73.5,
2025-12-21T22:20:17.862861,0.8,21.8,0.32,34.0,daemon,21153.3,107543.5,4976.7,7678.8,73.3,
2025-12-21T22:21:18.136317,2.5,21.8,0.13,33.0,daemon,21153.3,107560.5,4976.8,7678.8,73.2,
2025-12-21T22:22:18.417216,2.5,21.8,0.05,33.0,daemon,21153.3,107574.7,4976.8,7678.9,73.0,
2025-12-21T23:12:55.379701,0.0,21.8,0.16,28.0,daemon,21153.3,107645.6,4976.9,7679.0,71.9,
2025-12-21T23:13:55.655614,0.0,21.4,0.06,29.0,daemon,21153.3,107701.3,4977.4,7679.3,71.7,
2025-12-21T23:14:55.922883,0.0,21.4,0.02,30.0,daemon,21153.3,107716.1,4977.4,7679.4,71.6,
2025-12-21T23:15:56.186206,0.8,21.4,0.17,29.0,daemon,21153.3,107730.8,4977.5,7679.4,71.5,
2025-12-21T23:16:56.449042,1.7,21.8,0.13,30.0,daemon,21153.3,107749.1,4977.9,7679.5,71.3,
2025-12-21T23:17:56.732719,4.1,21.4,0.84,29.0,daemon,21153.3,107764.0,4978.1,7679.5,71.2,
2025-12-21T23:18:57.016335,0.8,21.8,0.38,30.0,daemon,21153.3,107776.9,4978.1,7679.6,71.1,
2025-12-21T23:19:57.286684,0.0,21.4,0.23,30.0,daemon,21153.3,107790.8,4978.3,7679.6,71.0,
2025-12-21T23:20:57.554425,0.0,21.4,0.13,31.0,daemon,21153.3,107802.7,4978.4,7679.7,70.8,
2025-12-22T04:46:02.864335,8.4,23.7,0.26,31.0,daemon,21153.5,108329.3,4992.4,7680.1,67.1,
2025-12-22T04:47:03.151541,1.7,23.1,0.78,31.0,daemon,21155.0,108921.3,5028.4,7680.8,66.8,
2025-12-22T04:48:03.459275,0.0,23.4,0.49,30.0,daemon,21155.0,109097.3,5032.7,7681.0,66.6,
2025-12-22T04:49:03.750482,0.8,23.4,0.22,29.0,daemon,21155.0,109126.3,5033.0,7681.1,66.5,
2025-12-22T04:50:04.020465,10.7,23.4,0.28,29.0,daemon,21155.0,109141.3,5033.5,7681.2,66.4,
2025-12-22T04:51:04.319743,0.0,23.4,0.10,28.0,daemon,21155.0,109164.2,5033.7,7681.2,66.3,
2025-12-22T04:52:04.620717,0.0,23.4,0.04,27.0,daemon,21155.0,109176.9,5033.8,7681.3,66.2,
2025-12-22T04:53:04.929723,0.0,22.4,0.05,27.0,daemon,21155.0,109186.0,5033.9,7681.3,66.1,
2025-12-22T04:54:05.195196,6.6,23.1,0.16,31.0,daemon,21155.0,109217.1,5034.2,7681.4,66.0,
2025-12-22T04:55:05.482065,0.0,22.4,0.21,31.0,daemon,21155.0,109334.0,5034.4,7681.5,65.8,
2025-12-22T04:56:05.771070,7.4,23.1,0.38,33.0,daemon,21155.0,109515.5,5034.7,7681.8,65.6,
2025-12-22T04:57:06.036523,10.9,22.7,0.28,37.0,daemon,21155.0,109664.3,5036.1,7682.1,65.3,
2025-12-22T04:58:06.297456,9.8,21.8,0.64,37.0,daemon,21155.0,109730.7,5036.7,7682.7,65.1,
2025-12-22T04:59:06.574487,12.4,21.8,0.38,34.0,daemon,21155.0,109783.7,5036.8,7682.8,64.8,
2025-12-22T05:00:06.854147,3.3,21.8,0.69,36.0,daemon,21155.0,109860.4,5037.1,7682.9,64.6,
2025-12-22T05:01:07.124370,10.9,21.8,0.64,37.0,daemon,21155.0,109903.0,5037.5,7683.0,64.4,
2025-12-22T05:02:07.393085,3.4,21.8,0.63,35.0,daemon,21278.7,109958.3,5038.4,7683.2,64.1,
2025-12-22T05:03:07.659507,39.8,21.8,0.54,40.0,daemon,21278.7,110031.2,5038.7,7683.4,63.9,
2025-12-22T05:04:07.934952,5.9,22.1,1.01,36.0,daemon,21278.7,110090.3,5039.9,7683.9,63.7,
2025-12-22T05:05:08.217002,6.7,22.1,0.81,34.0,daemon,21278.7,110153.4,5040.1,7684.0,63.4,
2025-12-22T05:06:08.493135,0.8,22.1,0.71,34.0,daemon,21278.7,110182.5,5040.3,7684.1,63.2,
2025-12-22T05:07:08.756838,2.5,22.1,0.76,34.0,daemon,21278.7,110212.9,5040.5,7685.2,62.9,
2025-12-22T05:08:09.007905,2.5,22.1,0.79,35.0,daemon,21278.7,110241.4,5040.8,7686.3,62.7,
2025-12-22T05:09:09.256054,22.7,22.1,0.50,39.0,daemon,21278.7,110261.8,5040.9,7686.4,62.5,
2025-12-22T05:10:09.514700,13.4,22.4,0.91,35.0,daemon,21278.7,110379.4,5048.8,7686.8,62.2,
2025-12-22T05:11:09.800725,5.0,22.1,0.43,33.0,daemon,21278.7,110498.0,5048.9,7686.9,62.0,
2025-12-22T05:12:10.072744,8.4,22.1,0.54,34.0,daemon,21278.7,110514.6,5049.0,7687.0,61.8,
2025-12-22T05:13:10.334015,1.7,22.1,0.36,34.0,daemon,21278.7,110525.7,5049.1,7687.0,61.5,
2025-12-22T05:14:10.616398,10.9,22.7,0.34,34.0,daemon,21278.7,110551.1,5050.4,7693.1,61.3,
2025-12-22T05:15:10.901637,8.5,23.4,0.54,35.0,daemon,21278.7,110626.2,5051.5,7693.5,61.0,
2025-12-22T05:16:11.182712,14.3,23.4,1.20,38.0,daemon,21278.7,110740.3,5052.0,7693.7,60.7,
2025-12-22T05:17:11.447483,10.1,23.4,1.59,37.0,daemon,21278.7,110793.8,5052.2,7693.8,60.4,
2025-12-22T05:18:11.726473,4.2,23.4,1.56,35.0,daemon,21278.7,110837.0,5052.5,7693.9,60.1,
2025-12-22T05:19:11.979634,7.6,23.4,1.12,37.0,daemon,21278.7,110920.1,5052.9,7694.1,59.8,
2025-12-22T05:20:12.234648,8.3,23.4,0.59,35.0,daemon,21278.7,110961.7,5053.3,7694.2,59.6,
2025-12-22T05:21:12.520640,9.2,23.4,0.39,33.0,daemon,21278.7,110993.8,5053.5,7695.3,59.4,
2025-12-22T05:22:12.796133,0.0,22.4,0.23,33.0,daemon,21278.7,111022.5,5053.7,7695.4,59.1,
2025-12-22T05:23:13.078628,0.8,22.1,0.08,33.0,daemon,21278.8,111043.5,5053.9,7697.6,58.9,
2025-12-22T05:24:13.312332,13.2,22.4,0.40,39.0,daemon,21278.8,111058.9,5054.4,7701.1,58.7,
2025-12-22T05:25:13.600220,7.5,22.4,0.42,34.0,daemon,21278.8,111209.9,5055.2,7709.2,58.5,
2025-12-22T05:26:13.863213,5.8,22.4,0.32,36.0,daemon,21278.8,111259.3,5055.5,7711.6,58.3,
2025-12-22T05:27:14.145513,5.0,22.1,0.61,34.0,daemon,21278.8,111280.5,5055.9,7712.9,58.0,
2025-12-22T05:28:14.425953,3.3,22.1,0.55,34.0,daemon,21278.8,111300.2,5056.7,7716.7,57.8,
2025-12-22T05:29:14.707340,3.3,22.1,0.40,33.0,daemon,21278.8,111328.1,5057.8,7721.9,57.6,
2025-12-22T05:30:14.974646,4.9,22.4,0.84,36.0,daemon,21278.8,111356.6,5078.2,7742.0,57.3,
2025-12-22T05:31:15.240987,9.2,22.7,0.78,37.0,daemon,21278.8,111468.9,5079.5,7745.1,57.1,
2025-12-22T05:32:15.500229,0.8,22.7,0.51,35.0,daemon,21278.8,111569.5,5081.2,7751.0,56.8,
2025-12-22T05:33:15.771016,3.3,22.4,0.43,35.0,daemon,21278.8,111644.8,5082.2,7752.7,56.5,
2025-12-22T05:34:16.020248,6.6,22.4,0.84,34.0,daemon,21278.8,111694.8,5085.1,7756.3,56.2,
2025-12-22T05:35:16.292321,0.0,22.1,0.66,34.0,daemon,21278.8,111704.8,5085.3,7756.3,56.0,
2025-12-22T05:36:16.572622,4.2,22.1,0.29,34.0,daemon,21278.8,111728.1,5085.4,7756.4,55.8,
2025-12-22T05:37:16.825849,1.7,21.8,0.22,34.0,daemon,21278.8,111755.6,5085.6,7756.5,55.6,
2025-12-22T05:38:17.089663,4.2,22.1,0.22,35.0,daemon,21278.8,111780.5,5085.6,7756.5,55.4,
2025-12-22T05:39:17.361771,2.5,21.8,0.23,32.0,daemon,21278.8,111800.3,5085.7,7756.5,55.3,
2025-12-22T05:40:17.641155,4.2,22.1,0.16,33.0,daemon,21278.8,111819.4,5086.0,7757.9,55.1,
2025-12-22T05:41:17.919193,2.5,22.1,0.06,32.0,daemon,21278.8,111833.6,5086.1,7757.9,54.9,
2025-12-22T05:42:18.182739,41.5,24.0,1.65,40.0,daemon,21278.8,111980.4,5149.8,7822.2,54.5,
2025-12-22T05:43:18.467468,4.1,22.1,0.98,37.0,daemon,21278.8,112106.4,5212.4,7890.5,54.2,
2025-12-22T05:44:18.752715,3.4,22.1,0.60,36.0,daemon,21278.8,112128.2,5213.7,7896.4,54.0,
2025-12-22T05:45:19.031344,3.3,22.1,0.57,37.0,daemon,21278.8,112141.9,5214.6,7900.8,53.7,
2025-12-22T05:46:19.317108,4.2,22.4,0.65,37.0,daemon,21278.8,112165.3,5215.9,7909.7,53.5,
2025-12-22T05:47:19.602264,0.8,22.1,0.37,36.0,daemon,21278.8,112187.7,5216.5,7912.8,53.3,
2025-12-22T05:48:19.859924,0.0,22.1,0.13,36.0,daemon,21278.8,112215.7,5216.6,7912.9,53.1,
2025-12-22T05:49:20.119646,8.5,22.1,0.12,36.0,daemon,21278.8,112240.6,5217.6,7913.3,53.0,
2025-12-22T05:50:20.360583,9.1,22.1,0.33,38.0,daemon,21278.8,112282.5,5220.8,7914.4,52.7,
2025-12-22T05:51:20.617993,5.8,22.1,0.89,36.0,daemon,21278.8,112329.4,5220.9,7914.4,52.5,
2025-12-22T05:52:20.901067,1.7,21.8,0.57,35.0,daemon,21278.8,112368.5,5221.5,7918.9,52.2,
2025-12-22T05:53:21.182358,1.7,22.1,0.59,34.0,daemon,21278.8,112416.8,5223.7,7924.7,52.0,
2025-12-22T05:54:21.463544,1.7,22.1,0.42,33.0,daemon,21278.8,112447.6,5223.8,7924.8,51.8,
2025-12-22T05:55:21.719494,2.5,22.1,0.25,35.0,daemon,21278.8,112624.8,5223.9,7924.9,51.6,
2025-12-22T05:56:21.995023,0.8,22.1,0.35,35.0,daemon,21278.8,112659.1,5224.1,7926.4,51.3,
2025-12-22T05:57:22.277246,3.3,22.1,0.50,34.0,daemon,21278.8,112690.5,5224.3,7926.5,51.0,
2025-12-22T05:58:22.539494,0.0,23.1,0.88,37.0,daemon,21278.8,112735.1,5224.8,7931.1,50.8,
2025-12-22T05:59:22.799943,2.5,22.1,1.29,37.0,daemon,21278.8,112809.5,5226.9,7931.6,50.5,
2025-12-22T06:00:23.031442,9.2,21.8,1.27,41.0,daemon,21278.8,112940.5,5241.2,7931.7,50.0,
2025-12-22T06:01:23.272587,15.7,22.4,1.58,44.0,daemon,21278.9,113058.0,5241.9,7933.1,49.6,
2025-12-22T06:02:23.506512,11.7,22.7,1.87,45.0,daemon,21278.9,113115.8,5242.7,7934.9,49.1,
2025-12-22T06:03:23.741461,11.5,22.4,1.38,44.0,daemon,21278.9,113148.2,5242.9,7935.1,48.7,
2025-12-22T06:04:23.963262,14.2,22.7,1.41,45.0,daemon,21278.9,113171.0,5244.6,7937.0,48.2,
2025-12-22T06:05:24.186636,10.8,22.7,1.26,44.0,daemon,21278.9,113191.6,5245.0,7937.5,47.8,
2025-12-22T06:06:24.420950,8.3,22.1,1.43,44.0,daemon,21278.9,113214.3,5246.4,7939.0,47.4,
2025-12-22T06:07:24.652504,8.3,22.1,1.37,44.0,daemon,21278.9,113242.6,5246.6,7939.2,46.9,
2025-12-22T06:08:24.886551,9.2,24.0,1.75,44.0,daemon,21278.9,113414.0,5286.7,7979.2,46.5,
2025-12-22T06:09:25.104382,8.3,24.0,1.51,44.0,daemon,21278.9,113519.4,5288.4,7980.9,46.0,
2025-12-22T06:10:25.358664,9.8,24.0,1.18,46.0,daemon,21278.9,113609.2,5288.5,7980.9,45.6,
2025-12-22T06:11:25.628990,3.3,20.5,0.58,38.0,daemon,21278.9,113699.3,5288.6,7981.0,45.4,
2025-12-22T06:12:25.852216,22.5,20.8,0.63,42.0,daemon,21279.0,113714.8,5308.8,8001.3,45.1,
2025-12-22T06:13:26.130042,0.0,21.4,0.78,38.0,daemon,21279.0,113843.9,5309.6,8001.5,44.8,
2025-12-22T06:14:26.386036,0.0,21.1,0.48,38.0,daemon,21279.0,113930.8,5310.3,8010.6,44.6,
2025-12-22T06:15:26.659097,3.3,21.1,0.30,36.0,daemon,21279.0,113952.0,5310.5,8010.6,44.5,
2025-12-22T06:16:26.916803,1.7,21.1,0.11,35.0,daemon,21279.0,113972.1,5310.5,8010.6,44.3,
2025-12-22T06:17:27.201989,0.0,21.1,0.14,34.0,daemon,21279.0,113983.8,5310.6,8010.6,44.2,
2025-12-22T06:18:27.479904,0.8,21.1,0.15,33.0,daemon,21279.0,114003.9,5310.7,8010.7,44.0,
2025-12-22T06:19:27.754799,17.5,21.1,0.23,37.0,daemon,21279.0,114029.8,5311.1,8015.3,43.8,
2025-12-22T06:20:28.027312,0.8,21.8,0.41,34.0,daemon,21279.0,114081.5,5312.3,8020.4,43.6,
2025-12-22T06:21:28.305237,2.5,21.8,0.21,33.0,daemon,21279.0,114102.1,5312.5,8022.0,43.4,
2025-12-22T06:22:28.563407,0.8,21.4,0.25,35.0,daemon,21279.0,114138.5,5312.9,8023.8,43.1,
2025-12-22T06:23:28.846576,0.0,21.4,0.21,34.0,daemon,21279.0,114162.3,5312.9,8023.8,43.0,
2025-12-22T06:24:29.116420,13.4,21.4,0.82,37.0,daemon,21279.2,114216.3,5313.7,8023.9,42.7,
2025-12-22T06:25:29.374820,8.3,21.4,0.61,38.0,daemon,21279.2,114319.0,5314.5,8027.3,42.3,
2025-12-22T06:26:29.655352,6.7,21.4,0.94,37.0,daemon,21279.2,114367.3,5315.2,8038.5,42.0,
2025-12-22T12:56:21.618634,10.9,21.8,1.03,26.0,daemon,21279.2,114425.4,5315.3,8038.6,37.4,
2025-12-22T12:57:21.891426,4.2,21.8,0.54,29.0,daemon,21279.2,114513.7,5316.1,8038.9,37.0,
2025-12-22T12:58:22.146929,4.2,21.8,0.67,31.0,daemon,21279.2,114574.3,5316.3,8039.0,36.8,
2025-12-22T12:59:22.358931,4.2,22.1,1.25,57.0,daemon,21279.2,114613.1,5335.0,8039.1,36.8,
2025-12-22T13:00:22.585061,3.3,22.1,0.53,55.0,daemon,21279.2,114719.6,5335.1,8039.1,37.5,
2025-12-22T13:01:22.810795,4.1,22.1,0.52,59.0,daemon,21279.2,114758.6,5335.2,8039.2,38.3,
2025-12-22T13:02:23.030466,2.5,22.1,1.07,57.0,daemon,21279.2,114777.9,5335.2,8039.2,39.1,
2025-12-22T13:03:23.258186,3.3,22.1,0.61,60.0,daemon,21279.2,114788.8,5335.2,8039.2,39.9,
2025-12-22T13:04:23.477113,3.3,21.1,0.51,59.0,daemon,21279.2,114802.6,5335.3,8039.2,40.7,
2025-12-22T13:05:23.706467,3.4,21.1,0.63,57.0,daemon,21279.2,114816.2,5335.3,8039.2,41.5,
2025-12-22T13:06:23.952198,3.4,21.4,0.62,44.0,daemon,21279.2,114835.4,5335.4,8039.3,42.2,
2025-12-22T13:07:24.173835,2.5,21.1,0.59,57.0,daemon,21279.2,114864.9,5335.4,8039.3,43.0,
2025-12-22T13:08:24.410546,3.4,21.4,0.49,43.0,daemon,21279.2,114885.6,5335.4,8039.3,43.8,
2025-12-22T13:09:24.647804,2.5,21.1,0.63,45.0,daemon,21279.2,114902.0,5335.4,8039.3,44.6,
2025-12-22T13:10:24.888442,2.5,21.1,1.24,44.0,daemon,21279.2,114914.9,5335.5,8039.3,45.3,
2025-12-22T13:11:25.122546,5.8,21.1,0.66,41.0,daemon,21279.2,114925.5,5335.5,8039.4,46.1,
2025-12-22T13:12:25.368224,4.1,21.1,0.78,42.0,daemon,21279.2,114936.9,5335.5,8039.4,46.8,
2025-12-22T13:13:25.605711,5.8,21.1,0.81,41.0,daemon,21279.2,114943.1,5335.5,8039.4,47.6,
2025-12-22T13:14:25.842848,3.3,21.1,0.45,45.0,daemon,21279.2,114952.8,5335.6,8039.4,48.4,
2025-12-22T13:51:17.894415,6.8,21.4,0.55,41.0,daemon,21279.2,115024.3,5356.4,8059.7,83.0,
2025-12-22T13:52:18.107735,2.5,22.1,0.95,60.0,daemon,21279.2,115139.9,5356.6,8060.2,83.6,
2025-12-22T13:53:18.335759,2.5,22.1,0.68,61.0,daemon,21279.2,115156.1,5356.7,8060.2,84.3,
2025-12-22T13:54:18.555736,4.9,22.1,0.94,60.0,daemon,21279.2,115176.4,5356.9,8060.3,85.0,
2025-12-22T13:55:18.765932,4.9,22.1,0.53,64.0,daemon,21279.2,115183.7,5356.9,8060.3,85.7,
2025-12-22T13:56:18.970311,5.7,22.4,0.52,59.0,daemon,21279.2,115205.9,5357.1,8060.4,86.3,
2025-12-22T13:57:19.196268,4.1,22.4,0.88,60.0,daemon,21279.2,115219.3,5357.1,8060.4,86.9,
2025-12-22T13:58:19.427575,3.4,22.4,0.35,47.0,daemon,21279.2,115252.8,5357.4,8060.5,87.5,
2025-12-22T13:59:19.655884,4.1,22.4,0.55,45.0,daemon,21279.2,115289.6,5357.5,8060.5,88.1,
2025-12-22T14:00:19.899958,3.4,22.4,0.61,44.0,daemon,21279.2,115312.0,5357.6,8060.6,88.7,
2025-12-22T14:01:20.131240,4.2,22.4,0.60,41.0,daemon,21279.2,115327.2,5357.6,8060.6,89.2,
2025-12-22T14:02:20.318986,0.0,22.4,0.69,59.0,daemon,21279.2,115345.3,5357.8,8060.7,89.7,
2025-12-22T14:03:20.535228,8.3,22.7,0.79,62.0,daemon,21279.2,115364.6,5358.7,8062.4,90.1,
2025-12-22T14:04:20.746567,3.3,22.7,0.57,60.0,daemon,21279.2,115433.2,5359.8,8063.7,90.6,
2025-12-22T14:05:20.956129,7.5,22.4,0.30,59.0,daemon,21279.2,115490.2,5359.9,8063.8,91.0,
2025-12-22T14:06:21.175116,0.8,22.4,0.37,41.0,daemon,21279.2,115559.3,5361.8,8063.9,91.4,
2025-12-22T14:07:21.409136,0.0,22.4,0.13,41.0,daemon,21279.2,115668.0,5361.9,8063.9,91.9,
2025-12-22T14:08:21.639383,0.0,22.1,0.41,40.0,daemon,21279.2,115703.2,5362.0,8064.0,92.2,
2025-12-22T14:09:21.858465,2.5,22.1,0.38,62.0,daemon,21279.2,115749.9,5362.4,8064.1,92.6,
2025-12-22T14:10:22.078112,3.4,21.8,0.77,60.0,daemon,21279.2,115807.1,5362.6,8064.2,93.0,
2025-12-22T14:11:22.267960,7.5,21.8,1.22,59.0,daemon,21279.2,115837.5,5362.9,8064.2,93.3,
2025-12-22T14:12:22.482187,2.5,21.8,0.90,61.0,daemon,21279.2,115852.3,5362.9,8064.3,93.7,
2025-12-22T14:13:22.708368,4.2,21.8,0.81,45.0,daemon,21279.2,115865.5,5363.0,8064.3,94.0,
2025-12-22T14:14:22.890783,12.6,22.7,0.94,79.0,daemon,21279.2,115903.5,5363.1,8064.4,94.3,
2025-12-22T14:15:23.109531,5.8,22.4,0.50,47.0,daemon,21279.2,116010.3,5363.3,8064.4,94.6,
2025-12-22T14:16:23.333402,3.3,22.1,0.49,45.0,daemon,21279.2,116036.0,5363.5,8064.5,94.9,
2025-12-22T14:17:23.558702,4.2,21.8,0.66,59.0,daemon,21279.2,116056.4,5363.6,8064.5,95.2,
2025-12-22T14:18:23.781832,3.3,22.1,0.63,44.0,daemon,21279.2,116083.0,5363.7,8064.6,95.4,
2025-12-22T14:19:24.006713,6.5,21.8,0.56,61.0,daemon,21279.2,116100.8,5363.8,8064.6,95.7,
2025-12-22T14:20:24.229842,4.2,21.4,0.40,60.0,daemon,21279.2,116113.0,5363.8,8064.6,95.9,
2025-12-22T14:21:24.443395,6.6,21.8,0.66,57.0,daemon,21279.2,116143.2,5364.0,8064.7,96.1,
2025-12-22T14:22:24.663574,5.0,21.8,0.38,62.0,daemon,21279.2,116169.2,5364.1,8064.7,96.4,
2025-12-22T14:23:24.876705,5.9,21.8,0.44,61.0,daemon,21279.2,116180.3,5364.4,8064.8,96.6,
2025-12-22T14:24:25.074176,20.0,21.8,0.52,65.0,daemon,21304.2,116202.1,5364.7,8068.1,96.8,
2025-12-22T14:25:25.283141,8.3,21.8,0.85,61.0,daemon,21304.3,116320.3,5365.0,8068.2,97.0,
2025-12-22T14:26:25.524192,3.3,21.8,0.38,45.0,daemon,21304.3,116361.9,5365.5,8068.3,97.2,
2025-12-22T14:27:25.771534,4.1,21.8,0.45,61.0,daemon,21304.3,116383.5,5365.6,8068.3,97.3,
2025-12-22T14:28:25.987965,2.5,21.8,0.71,59.0,daemon,21304.3,116399.5,5365.8,8068.4,97.5,
2025-12-22T14:29:26.206349,3.3,22.1,0.41,52.0,daemon,21304.3,116414.3,5365.9,8068.4,97.7,
2025-12-22T14:30:26.413779,2.5,21.8,0.49,59.0,daemon,21304.3,116426.8,5365.9,8068.4,97.9,
2025-12-22T14:31:26.632217,2.5,21.8,0.48,62.0,daemon,21304.3,116443.0,5366.0,8068.5,98.0,
2025-12-22T14:32:26.862672,3.3,21.8,0.51,61.0,daemon,21304.3,116463.1,5366.1,8068.5,98.2,
2025-12-22T14:33:27.082062,5.0,22.1,0.46,61.0,daemon,21304.3,116481.8,5366.3,8070.2,98.3,
2025-12-22T14:34:27.314060,4.2,22.1,0.80,66.0,daemon,21304.3,116498.4,5367.5,8076.0,98.4,
2025-12-22T14:35:27.542134,5.0,22.4,0.83,64.0,daemon,21304.3,116681.4,5368.6,8089.9,98.5,
2025-12-22T14:36:27.751639,3.4,22.4,0.44,43.0,daemon,21304.3,116708.4,5369.3,8095.2,98.7,
2025-12-22T14:37:27.939837,3.3,22.7,0.48,64.0,daemon,21304.3,116760.6,5369.5,8095.2,98.8,
2025-12-22T14:38:28.161705,3.3,22.4,0.63,44.0,daemon,21304.3,116776.3,5369.7,8095.3,98.9,
2025-12-22T14:39:28.383616,0.0,22.1,0.35,43.0,daemon,21304.3,116794.3,5369.9,8095.4,99.0,
2025-12-22T14:40:28.575818,12.5,24.0,1.66,75.0,daemon,21304.3,116887.7,5460.3,8185.7,99.0,
2025-12-22T14:41:28.801046,18.2,22.4,1.35,70.0,daemon,21304.3,117041.0,5493.2,8216.8,99.1,
2025-12-22T14:42:29.024293,17.6,22.4,1.19,83.0,daemon,21304.3,117114.4,5494.4,8216.9,99.2,
2025-12-22T14:43:29.234596,8.4,22.4,1.25,71.0,daemon,21304.3,117163.4,5495.2,8217.1,99.3,
2025-12-22T14:44:29.460046,13.2,22.4,1.42,75.0,daemon,21304.3,117206.9,5499.0,8217.1,99.4,
2025-12-22T14:45:29.699592,2.5,22.1,0.83,48.0,daemon,21304.3,117251.9,5500.4,8217.2,99.4,
2025-12-22T14:46:29.910052,5.0,22.1,0.35,47.0,daemon,21304.3,117278.5,5500.5,8218.9,99.4,
2025-12-22T14:47:30.139575,3.3,22.1,0.52,61.0,daemon,21304.3,117310.0,5501.3,8229.4,99.4,
2025-12-22T14:48:30.347470,13.3,22.1,0.86,77.0,daemon,21304.3,117378.4,5503.1,8238.7,99.4,
2025-12-22T14:49:30.573468,3.3,22.4,0.99,50.0,daemon,21304.3,117412.0,5504.5,8249.8,99.4,
2025-12-22T14:50:30.811812,2.5,22.1,0.75,48.0,daemon,21304.3,117466.8,5504.9,8252.5,99.4,
2025-12-22T14:51:31.043879,3.3,22.1,1.06,44.0,daemon,21304.3,117500.1,5505.5,8257.2,99.4,
2025-12-22T14:52:31.284482,2.5,22.1,0.62,47.0,daemon,21304.3,117522.5,5506.2,8263.0,100.0,
2025-12-22T14:53:31.528086,2.5,22.1,0.56,47.0,daemon,21305.0,117560.2,5513.5,8268.0,100.0,
2025-12-22T14:54:31.764161,2.5,22.1,0.66,47.0,daemon,21305.0,117618.7,5543.8,8300.1,100.0,
2025-12-22T14:55:32.005293,1.7,22.4,0.69,43.0,daemon,21305.0,117678.3,5544.0,8301.2,100.0,
2025-12-22T14:56:32.215743,0.8,22.1,0.43,60.0,daemon,21305.0,117701.6,5544.9,8306.5,100.0,
2025-12-22T14:57:32.440066,1.7,22.1,0.30,44.0,daemon,21305.0,117728.5,5545.1,8307.6,100.0,
2025-12-22T14:58:32.650944,1.7,22.1,0.40,60.0,daemon,21305.0,117747.0,5545.1,8307.6,100.0,
2025-12-22T14:59:32.863119,3.3,22.1,0.41,60.0,daemon,21305.0,117757.4,5545.2,8308.7,100.0,
2025-12-22T15:00:33.081488,1.7,22.1,0.31,57.0,daemon,21305.0,117769.6,5545.3,8308.7,100.0,
2025-12-22T15:01:33.298080,2.5,22.1,0.33,50.0,daemon,21305.0,117783.9,5545.4,8308.8,100.0,
2025-12-22T15:02:33.538036,3.3,22.1,0.27,60.0,daemon,21305.0,117798.9,5545.7,8310.0,100.0,
2025-12-22T15:03:33.761438,0.8,22.1,0.43,61.0,daemon,21305.0,117818.1,5545.7,8310.0,100.0,
2025-12-22T15:04:33.995487,3.3,22.1,0.39,62.0,daemon,21305.0,117830.9,5545.7,8310.0,100.0,
2025-12-22T15:05:34.220588,2.5,22.1,0.28,61.0,daemon,21305.0,117843.9,5545.8,8310.0,100.0,
2025-12-22T15:06:34.430330,3.3,22.1,0.36,56.0,daemon,21305.0,117851.4,5545.9,8310.0,100.0,
2025-12-22T15:07:34.636732,1.7,22.4,0.37,65.0,daemon,21305.0,117908.3,5576.4,8342.5,100.0,
2025-12-22T15:08:34.849119,2.5,22.1,0.36,57.0,daemon,21305.0,117998.4,5576.5,8342.5,100.0,
2025-12-22T15:09:35.093343,2.5,22.1,0.45,55.0,daemon,21305.0,118017.6,5576.5,8342.5,100.0,
2025-12-22T15:10:35.347337,1.7,22.1,0.32,51.0,daemon,21305.0,118030.9,5576.6,8342.6,100.0,
2025-12-22T15:11:35.592249,3.4,22.1,0.51,47.0,daemon,21305.0,118049.7,5577.0,8343.9,100.0,
2025-12-22T15:21:13.063659,5.8,22.4,0.40,59.0,daemon,21305.0,118095.6,5577.7,8348.1,100.0,
2025-12-22T15:22:13.283903,0.0,22.4,0.37,47.0,daemon,21305.0,118173.0,5609.4,8381.8,100.0,
2025-12-22T15:23:13.524187,1.6,22.7,0.13,41.0,daemon,21305.0,118301.0,5609.5,8381.8,100.0,
2025-12-22T15:24:13.763694,0.0,22.1,0.05,41.0,daemon,21305.0,118393.9,5609.6,8381.8,100.0,
2025-12-22T15:25:13.997498,4.2,22.1,0.02,44.0,daemon,21305.0,118417.7,5609.6,8381.8,100.0,
2025-12-22T15:26:14.210263,0.0,23.1,1.11,69.0,daemon,21305.0,118528.9,5731.0,8503.1,100.0,
2025-12-22T15:27:14.410967,0.8,22.4,0.51,60.0,daemon,21305.0,118612.6,5731.4,8504.9,100.0,
2025-12-22T15:28:14.636288,5.8,22.4,0.47,47.0,daemon,21305.0,118644.4,5731.6,8505.0,100.0,
2025-12-22T15:29:14.848764,6.7,22.7,1.42,66.0,daemon,21305.0,118740.4,5732.2,8505.1,100.0,
2025-12-22T15:30:15.085283,4.2,22.4,0.77,45.0,daemon,21305.0,118771.4,5732.2,8505.1,100.0,
2025-12-22T15:31:15.292441,3.3,22.4,0.86,59.0,daemon,21305.0,118795.1,5732.3,8505.1,100.0,
2025-12-22T15:32:15.507076,2.5,22.4,0.39,43.0,daemon,21305.0,118826.4,5732.5,8505.2,100.0,
2025-12-22T15:33:15.717773,4.9,22.4,0.37,59.0,daemon,21305.0,118834.0,5732.5,8505.2,100.0,
2025-12-22T15:34:15.936475,2.5,22.4,0.70,60.0,daemon,21305.0,118851.1,5732.5,8505.2,100.0,
2025-12-22T15:35:16.165575,4.2,22.4,0.26,57.0,daemon,21305.0,118866.3,5732.5,8505.2,100.0,
2025-12-22T15:36:16.372575,3.3,22.7,0.38,57.0,daemon,21305.0,118881.4,5732.5,8505.2,100.0,
2025-12-22T15:37:16.610126,4.2,22.7,0.40,43.0,daemon,21305.0,118899.6,5732.6,8505.2,100.0,
2025-12-22T15:38:16.830463,3.4,22.7,0.50,57.0,daemon,21305.0,118918.8,5732.6,8505.3,100.0,
2025-12-22T15:39:17.052745,3.3,22.7,0.25,44.0,daemon,21305.0,118933.7,5732.6,8505.3,100.0,
2025-12-22T15:40:17.291841,3.4,22.7,0.64,44.0,daemon,21305.0,118948.2,5732.6,8505.3,100.0,
2025-12-22T15:41:17.538007,4.2,22.7,0.67,45.0,daemon,21305.0,118957.5,5732.7,8505.3,100.0,
2025-12-22T15:42:17.755822,2.5,22.7,0.29,48.0,daemon,21305.0,118977.6,5732.7,8505.3,100.0,
2025-12-22T15:43:17.991163,4.2,22.7,0.44,53.0,daemon,21305.0,118990.0,5732.8,8505.4,100.0,
2025-12-22T15:44:18.205199,3.4,22.7,0.44,60.0,daemon,21305.0,119001.4,5732.8,8505.4,100.0,
2025-12-22T15:45:18.412488,3.3,22.7,0.59,60.0,daemon,21305.0,119014.6,5732.8,8505.4,100.0,
2025-12-22T15:46:18.629485,3.3,22.4,0.28,59.0,daemon,21305.0,119054.5,5732.8,8505.4,100.0,
2025-12-22T15:47:18.833807,3.3,22.7,0.39,56.0,daemon,21305.0,119069.4,5732.9,8505.4,100.0,
2025-12-22T15:48:19.039563,3.3,22.4,0.55,40.0,daemon,21305.0,119078.0,5732.9,8505.5,100.0,
2025-12-22T15:49:19.234712,4.9,22.7,0.26,59.0,daemon,21305.0,119091.2,5733.0,8505.5,100.0,
2025-12-22T15:50:19.469826,4.2,22.7,0.39,43.0,daemon,21305.0,119102.2,5733.0,8505.5,100.0,
2025-12-22T15:51:19.676246,5.0,22.7,0.78,41.0,daemon,21305.0,119113.9,5733.0,8505.5,100.0,
2025-12-22T15:52:19.905997,3.4,22.7,0.29,40.0,daemon,21305.0,119131.7,5733.1,8505.5,100.0,
2025-12-22T15:53:20.150931,3.3,22.7,0.47,43.0,daemon,21305.0,119148.8,5733.1,8505.5,100.0,
2025-12-22T15:54:20.378964,3.3,22.7,0.83,56.0,daemon,21305.0,119161.9,5733.1,8505.6,100.0,
2025-12-22T15:55:20.619164,2.5,22.7,0.73,47.0,daemon,21305.0,119173.8,5733.2,8505.6,100.0,
2025-12-22T15:56:20.859570,2.5,22.7,0.33,44.0,daemon,21305.0,119189.0,5733.2,8505.6,100.0,
2025-12-22T15:57:21.076186,3.4,22.7,0.53,51.0,daemon,21305.0,119205.8,5733.3,8505.6,100.0,
2025-12-22T15:58:21.291544,3.3,22.7,0.75,60.0,daemon,21305.0,119222.2,5733.3,8505.7,100.0,
2025-12-22T15:59:21.522657,4.1,22.7,0.27,59.0,daemon,21305.0,119236.3,5733.3,8505.7,100.0,
2025-12-22T16:00:21.743510,5.0,22.7,0.39,43.0,daemon,21305.0,119248.8,5733.4,8505.7,100.0,
2025-12-22T16:01:21.941940,4.2,23.4,0.44,78.0,daemon,21305.0,119255.5,5733.4,8505.7,100.0,
2025-12-22T16:11:15.925737,2.5,22.4,0.94,60.0,daemon,21305.1,119406.1,5734.6,8506.1,100.0,
2025-12-22T16:12:16.149040,8.3,22.4,0.57,44.0,daemon,21305.1,119457.6,5734.7,8506.1,100.0,
2025-12-22T16:13:16.349899,8.3,23.7,1.05,73.0,daemon,21305.1,119534.2,5742.0,8506.4,100.0,
2025-12-22T16:14:16.570086,6.7,23.1,0.97,61.0,daemon,21305.1,119607.8,5746.3,8506.5,100.0,
2025-12-22T16:15:16.812069,3.3,22.4,1.13,60.0,daemon,21305.1,119650.2,5747.3,8506.6,100.0,
2025-12-22T16:16:17.037252,11.6,23.7,1.24,69.0,daemon,21350.6,119708.1,5747.8,8506.6,100.0,
2025-12-22T16:17:17.246867,10.0,23.4,1.36,77.0,daemon,21350.6,119811.7,5747.8,8506.7,100.0,
2025-12-22T16:18:17.466431,11.5,23.4,1.41,77.0,daemon,21350.6,119820.3,5747.9,8506.7,100.0,
2025-12-22T16:19:17.681944,11.6,23.4,1.35,75.0,daemon,21350.6,119833.9,5747.9,8506.7,100.0,
2025-12-22T16:20:17.881482,13.2,23.4,1.61,80.0,daemon,21350.6,119905.9,5759.2,8518.0,100.0,
2025-12-22T16:21:18.106618,9.2,24.0,1.43,77.0,daemon,21350.6,119961.9,5760.2,8519.0,100.0,
2025-12-22T16:22:18.305642,13.2,24.7,1.61,77.0,daemon,21350.6,120063.9,5769.4,8519.3,100.0,
2025-12-22T16:23:18.507941,15.1,24.4,1.56,75.0,daemon,21350.6,120160.2,5770.4,8519.3,100.0,
2025-12-22T16:24:18.727488,13.3,24.7,1.26,80.0,daemon,21350.6,120247.0,5771.3,8519.4,100.0,
2025-12-22T16:25:18.959397,16.5,24.7,1.55,76.0,daemon,21350.6,120315.9,5773.9,8519.5,100.0,
2025-12-22T16:26:19.190060,9.9,24.7,1.45,80.0,daemon,21350.6,120362.7,5774.1,8519.6,100.0,
2025-12-22T16:27:19.398832,10.1,24.7,1.33,78.0,daemon,21350.6,120388.3,5774.2,8519.6,100.0,
2025-12-22T16:28:19.591638,17.8,26.3,2.22,77.0,daemon,21350.6,120480.7,5780.5,8519.9,100.0,
2025-12-22T16:29:19.809729,11.8,26.0,1.97,76.0,daemon,21350.6,120578.6,5781.3,8520.1,100.0,
2025-12-22T16:30:20.016986,11.7,26.3,2.19,77.0,daemon,21350.6,120682.4,5784.9,8520.2,100.0,
2025-12-22T16:31:20.233217,15.1,26.6,1.97,74.0,daemon,21350.6,120761.9,5787.1,8520.5,100.0,
2025-12-22T16:32:20.448364,14.2,26.9,1.72,72.0,daemon,21350.6,120819.9,5787.9,8520.6,100.0,
2025-12-22T16:33:20.662461,16.8,26.9,1.40,78.0,daemon,21350.6,120893.6,5788.6,8520.8,100.0,
2025-12-22T16:34:20.865961,11.6,26.6,1.56,80.0,daemon,21350.6,120956.4,5789.4,8520.9,100.0,
2025-12-22T16:35:21.084734,10.7,26.6,1.63,78.0,daemon,21350.6,121005.3,5796.6,8521.0,100.0,
2025-12-22T16:36:21.301478,18.2,26.6,1.50,77.0,daemon,21350.6,121053.5,5796.9,8521.0,100.0,
2025-12-22T16:37:21.536454,20.7,26.9,1.76,76.0,daemon,21350.6,121108.1,5797.2,8521.2,100.0,
2025-12-22T16:38:21.763766,12.5,27.3,2.11,74.0,daemon,21350.6,121203.1,5799.6,8521.4,100.0,
2025-12-22T16:39:21.990529,20.7,27.3,1.75,66.0,daemon,21350.6,121307.9,5806.6,8521.5,100.0,
2025-12-22T16:40:22.192108,12.7,27.3,1.76,76.0,daemon,21350.6,121395.0,5807.3,8521.6,100.0,
2025-12-22T16:41:22.409699,14.2,27.3,2.28,76.0,daemon,21350.6,121474.8,5809.7,8521.8,100.0,
2025-12-22T16:42:22.610634,12.5,24.7,2.17,78.0,daemon,21350.6,121574.0,5812.0,8521.9,100.0,
2025-12-22T16:43:22.809671,10.1,24.7,2.14,80.0,daemon,21350.6,121652.0,5813.1,8522.0,100.0,
2025-12-22T16:44:23.014249,12.3,24.7,1.57,78.0,daemon,21350.6,121701.8,5813.1,8522.1,100.0,
2025-12-22T16:45:23.235513,10.0,24.7,1.47,81.0,daemon,21350.6,121716.5,5813.3,8522.1,100.0,
2025-12-22T16:46:23.440079,8.4,24.7,1.28,83.0,daemon,21350.6,121743.1,5813.7,8522.2,100.0,
2025-12-22T16:47:23.656876,9.2,24.0,1.30,78.0,daemon,21350.6,121767.8,5813.9,8522.4,100.0,
2025-12-22T16:48:23.862834,10.7,24.4,1.38,80.0,daemon,21350.6,121790.5,5816.0,8522.5,100.0,
2025-12-22T16:49:24.083174,9.1,24.4,1.17,78.0,daemon,21350.6,121811.1,5816.1,8522.5,100.0,
2025-12-22T16:50:24.300702,9.8,24.4,1.39,79.0,daemon,21350.6,121823.9,5816.1,8522.5,100.0,
2025-12-22T16:51:24.522253,10.8,24.4,1.38,81.0,daemon,21350.6,121850.0,5816.2,8522.6,100.0,
2025-12-22T16:52:24.753750,8.4,24.4,1.36,80.0,daemon,21350.6,121877.7,5816.3,8522.6,100.0,
2025-12-22T16:53:24.967381,9.2,24.4,1.17,78.0,daemon,21350.6,121896.5,5816.4,8522.6,100.0,
2025-12-22T16:54:25.168099,8.4,24.4,1.22,80.0,daemon,21350.6,121910.9,5816.4,8522.7,100.0,
2025-12-22T16:55:25.385133,8.4,24.4,1.45,80.0,daemon,21350.6,121953.6,5816.5,8522.7,100.0,
2025-12-22T16:56:25.633214,9.9,25.0,1.33,53.0,daemon,21350.6,121985.4,5816.6,8522.8,99.3,
2025-12-22T16:57:25.858697,45.3,25.3,1.73,50.0,daemon,21350.6,122028.5,5817.5,8523.4,98.9,
2025-12-22T16:57:25.993382,14.2,25.3,1.73,50.0,refresh,21350.6,122028.5,5817.5,8523.4,98.9,
2025-12-22T16:57:26.172627,12.9,25.3,1.73,50.0,refresh,21350.6,122028.5,5817.5,8523.4,98.9,
2025-12-22T16:58:26.079740,9.1,24.7,1.53,46.0,daemon,21350.6,122093.4,5817.7,8523.5,98.5,
2025-12-22T16:59:26.314412,12.4,25.0,1.27,46.0,daemon,21350.6,122113.8,5817.9,8523.8,98.2,
2025-12-22T17:00:26.558553,8.3,25.0,1.17,44.0,daemon,21350.6,122130.5,5818.1,8524.0,97.8,
2025-12-22T17:01:26.789700,13.3,24.7,1.06,44.0,daemon,21350.6,122147.8,5819.2,8525.3,97.4,
2025-12-22T17:02:27.018779,8.3,24.7,1.30,44.0,daemon,21350.6,122171.0,5820.7,8526.9,97.0,
2025-12-22T17:03:27.267001,8.3,23.7,1.43,44.0,daemon,21363.8,122217.8,5820.8,8527.0,96.6,
2025-12-22T17:04:27.502944,9.1,23.7,1.24,44.0,daemon,21363.8,122226.3,5821.0,8527.2,96.3,
2025-12-22T17:05:27.724824,15.0,23.7,1.21,44.0,daemon,21363.8,122249.2,5821.3,8527.5,95.9,
2025-12-22T17:06:27.955901,9.2,24.4,1.41,44.0,daemon,21363.8,122275.6,5821.8,8528.2,95.5,
2025-12-22T17:07:28.195355,10.7,24.4,1.67,43.0,daemon,21363.8,122301.4,5821.9,8528.3,95.1,
2025-12-22T17:08:28.448565,10.0,24.4,1.71,44.0,daemon,21363.8,122321.7,5822.6,8529.7,94.7,
2025-12-22T17:09:28.709708,9.9,24.4,1.52,46.0,daemon,21363.8,122337.7,5823.1,8530.0,94.3,
2025-12-22T17:10:28.954794,20.8,25.0,2.12,50.0,daemon,21364.5,123382.3,5965.3,8530.7,93.9,
2025-12-22T17:11:29.210237,25.6,25.6,1.90,47.0,daemon,21367.9,124898.9,6312.4,8531.7,93.5,
2025-12-22T17:12:29.440324,8.4,24.0,1.72,46.0,daemon,21399.2,127133.4,6312.4,8531.7,93.1,
2025-12-22T17:13:29.676742,10.8,24.0,1.38,43.0,daemon,21399.2,127143.2,6312.7,8531.9,92.7,
2025-12-22T17:14:29.892674,11.8,24.0,1.27,45.0,daemon,21399.2,127156.5,6312.8,8532.0,92.3,
2025-12-22T17:15:30.149744,13.3,24.4,1.40,45.0,daemon,21399.2,127167.5,6312.9,8532.1,91.9,
2025-12-22T17:16:30.361020,12.4,24.4,1.62,47.0,daemon,21399.3,127194.4,6634.5,8562.6,91.5,
2025-12-22T17:17:30.593368,9.2,24.4,1.56,44.0,daemon,21399.3,127227.3,6634.7,8562.9,91.1,
2025-12-22T17:18:30.826390,8.3,24.4,1.28,44.0,daemon,21399.3,127243.6,6634.7,8562.9,90.8,
2025-12-22T17:19:31.061749,9.1,24.4,1.10,43.0,daemon,21399.3,127253.8,6634.7,8562.9,90.4,
2025-12-22T17:20:31.297263,8.3,24.4,1.26,44.0,daemon,21399.3,127286.1,6647.4,8563.0,90.0,
2025-12-22T17:21:31.528254,9.2,23.4,1.27,44.0,daemon,21399.3,127309.6,6649.5,8563.1,89.6,
2025-12-22T17:22:31.763676,8.3,23.4,1.27,44.0,daemon,21399.3,127329.7,6649.6,8563.1,89.3,
2025-12-22T17:23:32.009275,8.3,23.7,1.26,44.0,daemon,21399.3,127351.8,6649.7,8563.2,88.9,
2025-12-22T17:24:32.244183,12.6,23.4,1.22,44.0,daemon,21399.3,127395.4,6649.7,8563.2,88.6,
2025-12-22T17:25:32.480830,9.8,24.0,1.33,44.0,daemon,21402.8,127424.1,6649.9,8563.2,88.2,
2025-12-22T17:26:32.718572,10.8,23.7,1.16,46.0,daemon,21402.8,127475.8,6650.4,8563.3,87.8,
2025-12-22T17:27:32.940171,10.8,23.7,1.16,44.0,daemon,21402.8,127514.3,6650.5,8563.3,87.4,
2025-12-22T17:28:33.172139,8.3,23.7,1.23,44.0,daemon,21402.8,127535.9,6650.5,8563.4,87.0,
2025-12-22T17:29:33.413821,10.8,24.0,1.35,45.0,daemon,21402.8,127556.6,6650.6,8563.4,86.7,
2025-12-22T17:30:33.646288,9.1,23.7,1.21,44.0,daemon,21402.8,127576.3,6651.0,8563.5,86.3,
2025-12-22T17:31:33.885405,16.0,23.7,1.24,44.0,daemon,21402.8,127589.1,6651.1,8563.5,85.9,
2025-12-22T17:32:34.106585,9.1,24.0,1.25,44.0,daemon,21402.8,127628.1,6651.3,8563.5,85.5,
2025-12-22T17:33:34.346223,11.9,24.0,1.36,44.0,daemon,21402.8,127710.2,6651.6,8563.7,85.1,
2025-12-22T17:34:34.592384,13.6,24.0,1.50,45.0,daemon,21402.8,127735.7,6652.6,8564.3,84.7,
2025-12-22T17:35:34.840968,11.6,23.7,1.45,46.0,daemon,21402.8,127753.5,6653.2,8565.0,84.3,
2025-12-22T17:36:35.083667,11.8,24.0,1.44,48.0,daemon,21402.8,127776.2,6653.5,8565.2,83.9,
2025-12-22T17:37:35.315257,10.8,24.0,1.56,46.0,daemon,21402.8,127797.3,6654.6,8566.4,83.5,
2025-12-22T17:38:35.555081,11.7,24.0,1.50,44.0,daemon,21402.8,127816.7,6654.9,8566.6,83.1,
2025-12-22T17:39:35.785943,9.1,24.0,1.31,44.0,daemon,21402.8,127835.0,6655.0,8566.6,82.8,
2025-12-22T17:40:36.020913,10.7,24.0,1.15,44.0,daemon,21402.8,127859.5,6655.0,8566.6,82.4,
2025-12-22T17:41:36.270213,10.1,24.0,1.41,45.0,daemon,21402.8,127883.0,6655.9,8568.0,82.0,
2025-12-22T17:42:36.504137,8.4,24.0,1.35,45.0,daemon,21402.8,127901.6,6656.3,8568.4,81.6,
2025-12-22T17:43:36.735618,20.0,24.0,1.23,46.0,daemon,21402.8,127914.4,6656.3,8568.4,81.2,
2025-12-22T17:44:36.982179,9.1,24.0,1.15,47.0,daemon,21402.8,127931.8,6656.4,8568.4,80.8,
2025-12-22T17:45:37.222564,9.1,24.0,1.16,44.0,daemon,21402.8,127951.6,6656.4,8568.5,80.4,
2025-12-22T17:46:37.453725,11.8,24.0,1.17,46.0,daemon,21402.8,127974.5,6656.8,8568.5,80.1,
2025-12-22T17:47:37.698107,8.3,24.0,1.24,47.0,daemon,21402.8,127991.2,6656.8,8568.5,79.7,
2025-12-22T17:48:37.935773,9.1,24.0,1.09,47.0,daemon,21402.8,128004.8,6656.8,8568.5,79.4,
2025-12-22T17:49:38.177794,11.5,24.0,1.07,48.0,daemon,21402.8,128019.5,6656.9,8568.6,79.0,
2025-12-22T17:50:38.408113,9.1,24.0,1.14,48.0,daemon,21402.8,128033.6,6656.9,8568.6,78.7,
2025-12-22T17:51:38.663851,10.7,24.0,1.07,48.0,daemon,21402.8,128049.3,6657.0,8568.6,78.3,
2025-12-22T17:52:38.901802,8.3,24.0,1.10,50.0,daemon,21402.8,128063.4,6657.0,8568.6,77.9,
2025-12-22T17:53:39.149833,8.3,24.0,1.09,50.0,daemon,21402.8,128074.6,6657.0,8568.7,77.6,
2025-12-22T17:54:39.379786,11.7,24.0,1.14,51.0,daemon,21402.8,128116.2,6657.1,8568.7,77.2,
2025-12-22T17:55:39.612640,9.8,24.0,1.05,50.0,daemon,21402.8,128132.5,6657.1,8568.7,76.8,
2025-12-22T17:56:39.856628,10.8,24.0,1.10,51.0,daemon,21402.8,128153.6,6657.2,8568.8,76.4,
2025-12-22T17:57:40.102118,8.3,24.0,1.12,51.0,daemon,21402.8,128164.4,6657.2,8568.8,76.1,
2025-12-22T17:58:40.355693,12.5,24.4,1.44,51.0,daemon,21402.8,128185.1,6658.0,8570.7,75.7,
2025-12-22T17:59:40.586396,9.9,24.4,1.64,51.0,daemon,21402.8,128202.5,6658.4,8571.3,75.2,
2025-12-22T18:00:40.826893,11.7,24.0,1.39,51.0,daemon,21402.8,128213.6,6658.6,8571.8,74.9,
2025-12-22T18:01:41.052807,11.9,24.4,1.61,47.0,daemon,21402.8,128230.1,6658.9,8572.6,74.5,
2025-12-22T18:02:41.287692,10.1,24.0,1.27,43.0,daemon,21402.8,128243.5,6659.0,8572.7,74.1,
2025-12-22T18:03:41.520205,10.9,24.0,1.40,46.0,daemon,21402.8,128255.8,6659.0,8572.7,73.7,
2025-12-22T18:04:41.771702,10.7,24.0,1.30,48.0,daemon,21402.8,128270.7,6659.3,8573.2,73.3,
2025-12-22T18:05:42.037678,23.5,25.0,2.15,51.0,daemon,21402.8,128306.0,6660.7,8575.4,72.9,
2025-12-22T18:06:42.259520,8.3,24.4,1.51,51.0,daemon,21402.8,128404.7,6661.2,8575.5,72.5,
2025-12-22T18:07:42.490841,8.3,23.7,1.41,49.0,daemon,21402.8,128414.4,6661.3,8575.5,72.1,
2025-12-22T18:08:42.725558,11.6,24.0,1.23,50.0,daemon,21402.8,128425.6,6661.3,8575.6,71.7,
2025-12-22T18:09:42.965974,8.3,24.0,1.49,51.0,daemon,21402.8,128436.2,6661.4,8575.6,71.3,
2025-12-22T18:10:43.207509,9.2,24.4,1.57,51.0,daemon,21402.8,128460.0,6661.8,8577.0,70.9,
2025-12-22T18:11:43.444933,8.4,24.0,1.33,52.0,daemon,21402.8,128477.8,6662.0,8577.1,70.6,
2025-12-22T18:12:43.681254,10.7,24.0,1.18,51.0,daemon,21402.8,128487.3,6662.0,8577.1,70.2,
2025-12-22T18:13:43.930620,12.5,24.0,1.46,51.0,daemon,21402.8,128500.3,6662.2,8577.5,69.8,
2025-12-22T18:14:44.169568,10.0,24.0,1.62,50.0,daemon,21402.8,128514.0,6662.5,8578.1,69.4,
2025-12-22T18:15:44.381974,8.3,24.0,1.47,47.0,daemon,21402.8,128523.5,6662.5,8578.1,69.0,
2025-12-22T18:16:44.616844,8.3,24.0,1.17,44.0,daemon,21402.8,128545.2,6662.9,8578.2,68.6,
2025-12-22T18:17:44.849899,8.4,24.0,1.06,46.0,daemon,21402.8,128555.2,6662.9,8578.2,68.2,
2025-12-22T18:18:45.086549,8.3,24.0,1.02,44.0,daemon,21402.8,128568.3,6663.0,8578.2,67.9,
2025-12-22T18:19:45.318451,8.4,24.0,1.12,45.0,daemon,21402.8,128572.5,6663.0,8578.2,67.5,
2025-12-22T18:20:45.564128,11.6,24.0,1.18,45.0,daemon,21402.8,128583.7,6663.1,8578.3,67.1,
2025-12-22T18:21:45.797102,8.3,24.0,1.06,43.0,daemon,21402.8,128599.0,6663.1,8578.3,66.7,
2025-12-22T18:22:46.025784,8.4,24.0,1.26,44.0,daemon,21402.8,128604.2,6663.1,8578.3,66.3,
2025-12-22T18:23:46.255457,27.3,24.0,1.27,43.0,daemon,21402.8,128612.7,6663.2,8578.3,66.0,
2025-12-22T18:24:46.517595,19.7,24.7,1.35,48.0,daemon,21402.8,128652.8,6663.8,8578.9,65.6,
2025-12-22T18:25:46.763343,8.3,24.7,1.31,45.0,daemon,21402.8,128673.3,6664.2,8579.3,65.1,
2025-12-22T18:26:47.003606,9.2,24.7,1.39,46.0,daemon,21402.8,128706.3,6665.0,8579.9,64.7,
2025-12-22T18:27:47.236786,11.7,24.7,1.23,44.0,daemon,21402.8,128732.1,6665.9,8581.0,64.4,
2025-12-22T18:28:47.474237,9.1,25.0,1.47,45.0,daemon,21402.8,128756.3,6666.7,8581.5,63.9,
2025-12-22T18:29:47.703702,11.7,25.0,1.27,45.0,daemon,21402.8,128803.0,6667.9,8582.8,63.5,
2025-12-22T18:30:47.941838,8.3,25.0,1.15,44.0,daemon,21402.8,128818.4,6669.1,8584.1,63.1,
2025-12-22T18:31:48.172757,11.8,25.0,1.05,44.0,daemon,21402.8,128834.7,6670.4,8585.4,62.8,
2025-12-22T18:32:48.400845,9.9,25.0,1.10,46.0,daemon,21402.8,128858.2,6671.9,8587.0,62.3,
2025-12-22T18:33:48.640881,8.4,25.0,1.33,46.0,daemon,21402.8,128878.6,6673.4,8588.5,61.9,
2025-12-22T18:34:48.894177,10.1,25.3,1.24,46.0,daemon,21402.8,128896.2,6673.9,8588.9,61.5,
2025-12-22T18:35:49.141932,10.9,25.3,1.40,44.0,daemon,21402.8,128919.8,6675.4,8590.4,61.1,
2025-12-22T18:36:49.391147,15.1,25.3,1.30,44.0,daemon,21402.8,128947.0,6677.5,8592.5,60.7,
2025-12-22T18:37:49.623760,9.2,25.6,1.30,46.0,daemon,21402.8,128970.3,6686.1,8601.2,60.2,
2025-12-22T18:38:49.869973,12.4,25.6,1.25,44.0,daemon,21402.8,129035.0,6687.0,8602.1,59.9,
2025-12-22T18:39:50.101253,9.9,25.6,1.20,44.0,daemon,21402.8,129052.5,6688.5,8603.6,59.5,
2025-12-22T18:40:50.343605,11.7,25.6,1.42,44.0,daemon,21402.8,129075.4,6689.8,8604.7,59.0,
2025-12-22T18:41:50.593678,13.3,26.6,1.72,45.0,daemon,21402.8,129107.4,6692.2,8606.6,58.6,
2025-12-22T18:42:50.836715,13.4,26.9,1.51,46.0,daemon,21402.8,129218.9,6693.3,8607.9,58.1,
2025-12-22T18:43:51.085074,10.7,26.3,1.22,46.0,daemon,21402.8,129261.7,6695.8,8610.3,57.7,
2025-12-22T18:44:51.316952,9.2,26.6,1.35,45.0,daemon,21402.8,129286.1,6696.9,8611.5,57.2,
2025-12-22T18:45:51.560284,16.8,27.3,1.73,47.0,daemon,21402.8,129351.3,6702.6,8612.4,56.8,
2025-12-22T18:46:51.785894,14.9,27.3,1.70,47.0,daemon,21402.8,129437.6,6704.8,8614.3,56.4,
2025-12-22T18:47:52.029129,10.7,26.9,1.53,46.0,daemon,21402.8,129469.0,6707.4,8616.9,55.9,
2025-12-22T18:48:52.259350,9.9,27.3,1.88,46.0,daemon,21402.8,129495.9,6709.8,8619.5,55.4,
2025-12-22T18:49:52.501814,10.7,27.3,1.79,46.0,daemon,21402.8,129508.5,6712.1,8621.8,55.0,
2025-12-22T18:50:52.737525,11.7,26.9,1.84,45.0,daemon,21402.8,129532.3,6713.4,8623.2,54.6,
2025-12-22T18:51:52.972340,12.5,26.9,1.41,48.0,daemon,21402.8,129552.9,6713.5,8623.2,54.2,
2025-12-22T18:52:53.215293,9.1,27.3,1.42,48.0,daemon,21402.8,129564.5,6713.5,8623.3,53.8,
2025-12-22T18:53:53.456276,16.7,26.9,1.72,48.0,daemon,21402.8,129578.0,6714.4,8624.2,53.3,
2025-12-22T18:54:53.712973,10.3,27.3,1.34,47.0,daemon,21402.8,129628.5,6715.5,8625.3,52.9,
2025-12-22T18:55:53.950823,14.2,27.3,1.42,46.0,daemon,21402.8,129654.1,6717.8,8627.6,52.5,
2025-12-22T18:56:54.187271,9.9,27.3,1.51,44.0,daemon,21402.8,129722.6,6723.1,8628.4,52.0,
2025-12-22T18:57:54.428020,14.2,27.3,1.86,44.0,daemon,21402.8,129750.2,6724.6,8629.9,51.6,
2025-12-22T18:58:54.657679,10.7,27.3,1.68,44.0,daemon,21402.8,129770.3,6726.4,8631.7,51.1,
2025-12-22T18:59:54.904874,12.5,27.3,1.47,45.0,daemon,21402.8,129781.1,6726.5,8631.7,50.7,
2025-12-22T19:00:55.148120,13.9,27.3,1.43,43.0,daemon,21402.8,129796.1,6726.6,8631.8,50.3,
2025-12-22T19:01:55.362979,13.3,26.3,1.70,47.0,daemon,21402.8,129872.1,6731.8,8632.1,49.9,
2025-12-22T19:02:55.589299,16.1,26.6,1.73,51.0,daemon,21402.8,129945.2,6732.2,8632.1,49.5,
2025-12-22T19:03:55.796294,12.4,26.6,1.94,50.0,daemon,21402.8,130016.1,6732.2,8632.2,49.0,
2025-12-22T19:04:56.021671,9.9,26.6,1.66,48.0,daemon,21402.8,130029.0,6732.2,8632.2,48.7,
2025-12-22T19:05:56.247702,8.4,26.6,1.37,50.0,daemon,21402.8,130037.0,6732.4,8632.2,48.2,
2025-12-22T19:06:56.469534,11.7,26.6,1.32,49.0,daemon,21402.8,130056.0,6732.4,8632.3,47.9,
2025-12-22T19:07:56.702214,9.9,26.6,1.41,50.0,daemon,21402.8,130064.9,6732.5,8632.3,47.5,
2025-12-22T19:08:56.936695,9.2,26.6,1.42,50.0,daemon,21402.8,130076.0,6732.5,8632.3,47.1,
2025-12-22T19:09:57.183500,13.2,26.6,1.40,50.0,daemon,21402.8,130080.9,6732.5,8632.3,46.7,
2025-12-22T19:10:57.419081,9.2,26.6,1.32,50.0,daemon,21402.8,130090.6,6732.8,8632.4,46.3,
2025-12-22T19:11:57.668141,18.2,27.3,1.49,52.0,daemon,21402.8,130117.0,6732.8,8632.4,45.9,
2025-12-22T19:12:57.890060,12.5,26.6,1.52,51.0,daemon,21402.8,130191.2,6732.8,8632.4,45.5,
2025-12-22T19:13:58.138949,10.7,26.6,1.62,51.0,daemon,21402.8,130206.7,6732.9,8632.5,45.1,
2025-12-22T19:14:58.373109,12.5,26.6,1.37,50.0,daemon,21402.8,130220.1,6733.0,8632.5,44.7,
2025-12-22T19:15:58.612398,9.2,26.6,1.38,51.0,daemon,21402.8,130235.5,6733.1,8632.5,44.3,
2025-12-22T19:16:58.858796,9.2,26.6,1.56,50.0,daemon,21402.8,130258.4,6733.1,8632.6,43.9,
2025-12-22T19:17:59.096698,10.7,26.6,1.68,51.0,daemon,21402.8,130272.7,6733.1,8632.6,43.5,
2025-12-22T20:35:51.214457,11.7,26.9,1.67,32.0,daemon,21402.8,130308.9,6733.8,8632.9,42.2,
2025-12-22T20:36:51.461627,10.9,26.9,1.25,37.0,daemon,21402.8,130363.4,6733.9,8633.0,41.8,
2025-12-22T20:37:51.696844,9.2,26.9,1.23,39.0,daemon,21402.8,130378.8,6733.9,8633.0,41.5,
2025-12-22T20:38:51.951436,9.2,26.9,1.35,40.0,daemon,21402.8,130392.1,6733.9,8633.0,41.1,
2025-12-22T20:39:52.187384,9.2,26.9,1.23,42.0,daemon,21402.8,130407.7,6733.9,8633.0,40.8,
2025-12-22T20:40:52.417986,9.9,26.9,1.24,43.0,daemon,21402.8,130419.9,6734.0,8633.0,40.4,
2025-12-22T20:41:52.661620,9.2,26.9,1.19,44.0,daemon,21402.8,130462.9,6734.1,8633.0,40.1,
2025-12-22T20:42:52.887542,12.6,26.9,1.22,44.0,daemon,21402.8,130469.4,6734.1,8633.1,39.8,
2025-12-22T20:43:53.123621,9.2,26.9,1.24,45.0,daemon,21402.8,130489.0,6734.2,8633.1,39.4,
2025-12-23T05:17:57.373733,26.7,29.5,2.25,38.0,daemon,21402.9,131320.2,6789.2,8641.0,33.1,
2025-12-23T05:18:57.623771,21.5,27.6,2.34,42.0,daemon,21402.9,131633.3,6797.4,8641.4,32.6,
2025-12-23T05:19:57.865412,9.1,27.3,1.90,43.0,daemon,21402.9,131696.5,6803.7,8641.7,32.1,
2025-12-23T05:20:58.101506,8.3,27.3,1.36,44.0,daemon,21402.9,131807.7,6803.7,8641.7,31.8,
2025-12-23T05:21:58.340988,8.4,27.9,1.49,48.0,daemon,21402.9,131854.6,6803.8,8641.7,31.4,
2025-12-23T05:22:58.576321,10.1,27.6,1.35,44.0,daemon,21402.9,131954.4,6803.9,8641.7,31.0,
2025-12-23T05:23:58.810696,8.3,27.3,1.56,44.0,daemon,21402.9,131975.2,6803.9,8641.8,30.6,
2025-12-23T05:24:59.041923,8.3,26.6,1.33,42.0,daemon,21402.9,131987.8,6803.9,8641.8,30.2,
2025-12-23T05:25:59.286554,28.1,26.9,1.12,44.0,daemon,21402.9,132001.1,6803.9,8641.8,29.8,
2025-12-23T05:26:59.535053,9.9,26.9,1.33,46.0,daemon,21402.9,132031.5,6804.3,8642.8,29.4,
2025-12-23T05:27:59.769908,16.5,26.9,1.29,42.0,daemon,21402.9,132048.5,6804.3,8642.8,29.0,
2025-12-23T05:29:00.024131,10.1,26.9,1.38,44.0,daemon,21402.9,132061.8,6804.3,8642.8,28.6,
2025-12-23T05:30:00.288696,11.9,26.3,1.17,44.0,daemon,21402.9,132072.5,6804.5,8643.2,28.2,
2025-12-23T05:31:00.540888,18.5,25.3,1.51,47.0,daemon,21402.9,132097.1,6805.2,8645.0,27.7,
2025-12-23T05:32:00.781480,11.7,25.3,1.54,44.0,daemon,21402.9,132117.5,6805.7,8646.8,27.3,
2025-12-23T05:33:01.014160,9.9,25.0,1.73,44.0,daemon,21402.9,132135.0,6805.8,8646.9,26.9,
2025-12-23T05:34:01.247526,13.3,25.3,2.75,47.0,daemon,21418.0,132151.1,6806.3,8649.0,26.4,
2025-12-23T05:35:01.496982,20.2,25.0,2.26,46.0,daemon,21418.0,132278.5,6816.6,8652.1,25.9,
2025-12-23T05:36:01.738497,28.9,24.7,1.78,48.0,daemon,21418.0,132332.4,6817.2,8653.4,25.5,
2025-12-23T05:37:01.996714,32.8,24.7,1.74,46.0,daemon,21418.0,132370.2,6817.7,8655.5,25.1,
2025-12-23T05:38:02.226442,9.1,25.0,1.55,46.0,daemon,21418.0,132403.4,6818.1,8657.7,24.6,
2025-12-23T05:39:02.456537,9.1,24.7,1.25,47.0,daemon,21418.0,132428.0,6818.3,8657.7,24.2,
2025-12-23T05:40:02.683434,8.3,24.7,1.09,47.0,daemon,21418.0,132452.0,6818.4,8657.8,23.8,
2025-12-23T05:41:02.906895,24.0,26.0,1.42,93.0,daemon,21418.0,132500.7,6819.2,8658.9,23.5,
2025-12-23T05:42:03.135045,10.1,25.0,2.09,97.0,daemon,21418.0,132593.3,6819.5,8659.0,24.5,
2025-12-23T05:43:03.343960,14.2,25.3,1.73,98.0,daemon,21418.0,132641.6,6820.3,8659.5,25.5,
2025-12-23T05:44:03.566421,14.2,26.0,1.95,97.0,daemon,21418.0,132701.3,6821.3,8662.0,26.4,
2025-12-23T05:45:03.776499,10.9,25.6,1.80,100.0,daemon,21418.0,132737.8,6822.0,8663.6,27.5,
2025-12-23T05:46:03.971827,22.3,25.6,1.48,97.0,daemon,21418.0,132822.0,6823.0,8664.5,28.6,
2025-12-23T05:47:04.173366,9.1,24.4,1.24,98.0,daemon,21418.0,132838.9,6823.0,8664.5,29.7,
2025-12-23T05:48:04.380217,13.4,24.7,1.20,97.0,daemon,21418.0,132861.9,6823.9,8667.0,30.8,
2025-12-23T05:49:04.603255,10.7,24.7,1.44,97.0,daemon,21418.0,132895.7,6824.8,8670.0,31.8,
2025-12-23T05:50:04.821473,23.3,24.7,1.37,98.0,daemon,21418.0,132920.5,6825.0,8670.5,32.9,
2025-12-23T05:51:05.039048,9.2,24.7,1.37,96.0,daemon,21418.0,132942.3,6825.1,8670.6,33.9,
2025-12-23T05:52:05.248106,13.3,24.7,1.47,98.0,daemon,21418.0,132966.4,6825.1,8670.6,34.9,
2025-12-23T05:53:05.464948,10.1,24.7,1.35,97.0,daemon,21418.0,132987.9,6825.2,8670.6,36.0,
2025-12-23T05:54:05.688169,9.9,24.7,1.29,97.0,daemon,21418.0,133007.6,6825.5,8671.9,37.0,
2025-12-23T05:55:05.897223,8.4,25.0,1.18,92.0,daemon,21418.0,133026.0,6825.5,8671.9,38.0,
2025-12-23T05:56:06.095272,12.4,24.7,1.25,97.0,daemon,21418.0,133042.1,6825.6,8672.0,39.1,
2025-12-23T05:57:06.301781,9.2,24.7,1.42,96.0,daemon,21418.0,133053.6,6825.8,8673.6,40.1,
2025-12-23T05:58:06.498129,10.0,24.7,1.37,97.0,daemon,21418.0,133072.6,6825.9,8673.6,41.1,
2025-12-23T05:59:06.693387,10.9,24.4,1.17,96.0,daemon,21418.0,133090.4,6825.9,8673.7,42.2,
2025-12-23T06:00:06.921722,9.2,24.4,1.20,93.0,daemon,21418.0,133109.7,6826.0,8673.7,43.2,
2025-12-23T06:01:07.131324,10.0,24.4,1.34,97.0,daemon,21418.0,133129.6,6826.2,8673.7,44.2,
2025-12-23T06:02:07.356251,15.1,24.7,1.40,96.0,daemon,21418.0,133146.6,6826.4,8674.4,45.3,
2025-12-23T06:03:07.564001,13.4,24.7,1.46,92.0,daemon,21418.0,133168.9,6826.8,8676.5,46.3,
2025-12-23T06:04:07.784934,10.0,24.4,1.32,96.0,daemon,21418.0,133189.3,6827.0,8677.2,47.3,
2025-12-23T06:05:07.987091,9.2,26.0,1.86,97.0,daemon,21418.0,133248.8,6829.5,8679.5,48.3,
2025-12-23T06:06:08.217641,13.2,26.0,2.13,100.0,daemon,21418.0,133348.2,6831.3,8681.1,49.2,
2025-12-23T06:07:08.429698,10.1,25.6,1.61,89.0,daemon,21418.0,133376.9,6831.6,8681.4,50.3,
2025-12-23T06:08:08.645524,13.4,25.6,1.78,98.0,daemon,21418.0,133402.9,6831.9,8681.5,51.3,
2025-12-23T06:09:08.863089,10.8,26.0,1.74,97.0,daemon,21418.0,133453.0,6832.7,8683.9,52.2,
2025-12-23T06:10:09.083871,23.3,25.6,1.57,97.0,daemon,21418.0,133492.4,6833.4,8686.3,53.2,
2025-12-23T06:11:09.301336,10.8,25.6,1.46,98.0,daemon,21418.0,133518.1,6833.9,8688.3,54.2,
2025-12-23T06:12:09.525063,8.3,25.6,1.45,100.0,daemon,21418.0,133553.5,6834.6,8689.9,55.3,
2025-12-23T06:13:09.729069,30.0,26.0,1.53,100.0,daemon,21418.0,133584.9,6835.5,8693.1,56.2,
2025-12-23T06:14:09.938083,30.3,25.6,1.53,96.0,daemon,21418.0,133622.8,6836.7,8694.4,57.2,
2025-12-23T06:15:10.140780,13.2,26.3,1.85,97.0,daemon,21418.0,133683.9,6838.2,8696.3,58.2,
2025-12-23T06:16:10.363497,10.8,25.3,1.91,98.0,daemon,21418.0,133704.0,6839.1,8699.5,59.2,
2025-12-23T06:17:10.568348,13.2,25.3,1.84,96.0,daemon,21418.0,133724.0,6840.3,8703.7,60.1,
2025-12-23T06:18:10.778665,16.7,25.3,1.67,95.0,daemon,21418.0,133750.9,6841.7,8708.3,61.2,
2025-12-23T06:19:10.983621,10.0,25.3,1.39,94.0,daemon,21418.0,133774.3,6841.9,8708.4,62.2,
2025-12-23T06:20:11.193211,10.8,25.3,1.14,97.0,daemon,21418.0,133798.2,6842.2,8709.3,63.2,
2025-12-23T06:21:11.401748,9.1,25.3,1.24,96.0,daemon,21418.0,133822.8,6842.3,8710.1,64.2,
2025-12-23T06:22:11.612151,13.1,25.3,1.43,96.0,daemon,21418.0,133909.9,6842.6,8711.0,65.3,
2025-12-23T06:23:11.827555,11.8,26.6,1.69,96.0,daemon,21418.0,134030.8,6842.9,8711.5,66.2,
2025-12-23T06:24:12.023680,10.1,26.6,1.59,92.0,daemon,21418.0,134055.5,6843.4,8712.6,67.2,
2025-12-23T06:25:12.226719,10.2,26.0,1.45,96.0,daemon,21418.0,134076.3,6843.8,8713.6,68.2,
2025-12-23T06:26:12.447364,16.0,26.0,1.49,97.0,daemon,21418.0,134095.8,6844.5,8714.4,69.2,
2025-12-23T06:27:12.651166,10.1,26.0,1.46,97.0,daemon,21418.0,134113.7,6845.4,8715.4,70.2,
2025-12-23T06:28:12.859423,8.4,26.0,1.57,94.0,daemon,21418.0,134139.5,6845.7,8715.8,71.2,
2025-12-23T06:29:13.063367,9.2,26.0,1.33,96.0,daemon,21418.0,134158.8,6846.0,8716.7,72.2,
2025-12-23T06:30:13.272085,8.3,26.0,1.18,92.0,daemon,21418.0,134184.2,6846.2,8717.6,73.2,
2025-12-23T06:31:13.473720,10.7,26.0,1.26,97.0,daemon,21418.0,134208.4,6846.5,8719.1,74.2,
2025-12-23T06:32:13.668226,10.0,26.3,1.63,97.0,daemon,21418.0,134231.0,6847.0,8720.9,75.2,
2025-12-23T06:33:13.866543,14.9,26.0,1.23,98.0,daemon,21418.0,134259.1,6847.1,8720.9,76.2,
2025-12-23T06:34:14.069956,13.2,26.0,1.28,100.0,daemon,21418.0,134291.3,6847.4,8721.4,77.2,
2025-12-23T06:35:14.289887,10.8,26.6,1.53,97.0,daemon,21418.0,134331.1,6847.6,8721.5,78.2,
2025-12-23T06:36:14.494043,8.3,26.0,1.42,97.0,daemon,21418.0,134356.6,6847.6,8721.5,79.2,
2025-12-23T06:37:14.699888,9.2,26.0,1.20,98.0,daemon,21418.0,134374.4,6847.7,8721.5,80.2,
2025-12-23T06:38:14.899919,8.3,26.0,1.12,96.0,daemon,21418.0,134399.6,6847.8,8721.6,81.3,
2025-12-23T06:39:15.102163,8.3,26.0,1.14,93.0,daemon,21418.0,134424.6,6847.8,8721.6,82.2,
2025-12-23T06:40:15.308677,13.2,26.0,1.05,97.0,daemon,21418.0,134447.4,6847.9,8721.6,83.2,
2025-12-23T06:41:15.508356,10.8,26.3,1.35,94.0,daemon,21418.0,134468.6,6848.0,8721.7,84.1,
2025-12-23T06:42:15.716685,9.2,26.6,1.39,96.0,daemon,21418.0,134491.7,6848.2,8724.4,84.9,
2025-12-23T06:43:15.929060,12.4,26.3,1.33,96.0,daemon,21418.0,134519.2,6848.4,8724.5,85.8,
2025-12-23T06:44:16.135249,8.3,26.6,1.32,94.0,daemon,21418.0,134538.9,6848.4,8724.5,86.5,
2025-12-23T06:45:16.344685,11.5,26.6,1.34,97.0,daemon,21418.0,134591.5,6849.4,8736.8,87.2,
2025-12-23T06:46:16.555364,10.0,26.6,1.46,98.0,daemon,21418.0,134612.3,6849.6,8736.9,87.9,
2025-12-23T06:47:16.766768,12.6,26.6,1.15,97.0,daemon,21418.0,134633.8,6849.6,8736.9,88.6,
2025-12-23T06:48:16.957265,8.3,26.6,1.45,94.0,daemon,21418.0,134646.2,6850.0,8737.0,89.2,
2025-12-23T06:49:17.153550,10.8,26.6,1.59,94.0,daemon,21418.0,134666.4,6850.1,8737.0,89.8,
2025-12-23T06:50:17.357070,10.1,25.6,1.30,98.0,daemon,21418.0,134686.7,6850.2,8738.4,90.3,
2025-12-23T06:51:17.578696,10.6,25.6,1.37,93.0,daemon,21418.0,134714.5,6850.5,8738.5,90.9,
2025-12-23T06:52:17.795647,21.7,26.0,1.25,94.0,daemon,21418.0,134739.6,6851.1,8745.5,91.4,
2025-12-23T06:53:18.008169,9.2,25.6,1.12,98.0,daemon,21418.0,134779.4,6852.3,8763.6,91.9,
2025-12-23T06:54:18.206229,11.5,23.7,1.40,97.0,daemon,21418.0,134802.2,6852.7,8767.9,92.3,
2025-12-23T06:55:18.419300,9.8,23.4,1.32,93.0,daemon,21418.0,134826.6,6852.9,8769.4,92.8,
2025-12-23T06:56:18.625909,15.0,22.4,1.50,96.0,daemon,21418.0,134857.0,6853.1,8769.5,93.2,
2025-12-23T06:57:18.844138,9.9,22.4,1.54,93.0,daemon,21418.0,134880.7,6853.1,8769.5,93.6,
2025-12-23T06:58:19.027229,11.6,23.4,1.79,98.0,daemon,21418.0,135268.5,6856.5,8769.9,93.9,
2025-12-23T06:59:19.240569,13.6,23.1,1.89,95.0,daemon,21418.0,136362.3,6859.8,8773.0,94.3,
2025-12-23T07:00:19.439706,10.8,23.4,1.55,97.0,daemon,21418.0,136635.7,6860.1,8776.0,94.6,
2025-12-23T07:01:19.653886,14.8,23.1,2.20,99.0,daemon,21418.0,136791.8,6879.3,8811.6,94.9,
2025-12-23T07:02:19.883279,10.0,23.1,1.81,98.0,daemon,21418.0,136853.9,6880.1,8823.4,95.2,
2025-12-23T07:03:20.092679,13.3,23.1,1.43,92.0,daemon,21418.0,136877.4,6881.2,8838.6,95.5,
2025-12-23T07:04:20.300204,11.7,23.1,1.41,97.0,daemon,21418.0,136898.6,6882.2,8853.9,95.8,
2025-12-23T07:05:20.496095,10.0,23.1,1.91,94.0,daemon,21418.0,136919.1,6883.1,8866.5,96.1,
2025-12-23T07:06:20.715984,25.2,25.0,1.45,100.0,daemon,21418.0,136940.9,6884.2,8882.7,96.3,
2025-12-23T07:07:20.920407,26.7,25.6,2.07,96.0,daemon,21418.0,137050.4,6932.4,8941.6,96.6,
2025-12-23T07:08:21.146439,9.1,23.4,2.02,98.0,daemon,21418.0,137184.6,7025.1,9035.5,96.8,
2025-12-23T07:09:21.368480,24.0,26.0,2.85,98.0,daemon,21418.0,137262.8,7058.8,9069.1,97.0,
2025-12-23T07:10:21.568041,11.7,23.1,2.37,97.0,daemon,21418.0,137399.9,7148.1,9158.2,97.2,
2025-12-23T07:11:21.780236,10.1,23.4,1.76,98.0,daemon,21418.0,137429.6,7148.1,9158.2,97.4,
2025-12-23T07:12:21.994080,11.7,23.4,1.49,97.0,daemon,21418.0,137444.7,7148.2,9159.9,97.6,
2025-12-23T07:13:22.220462,10.0,23.4,1.64,96.0,daemon,21418.0,137461.1,7149.3,9170.3,97.8,
2025-12-23T07:14:22.435214,35.5,26.6,2.02,98.0,daemon,21418.0,137520.6,7210.3,9240.9,98.0,
2025-12-23T07:15:22.633165,9.2,23.7,1.55,97.0,daemon,21418.0,137799.4,7272.7,9304.6,98.1,
2025-12-23T07:16:22.837059,23.5,26.3,1.79,96.0,daemon,21418.0,137952.7,7317.4,9345.3,98.3,
2025-12-23T07:17:23.062259,19.3,26.0,2.14,100.0,daemon,21418.0,138050.8,7317.6,9345.5,98.4,
2025-12-23T07:18:23.262122,9.2,25.0,1.97,93.0,daemon,21418.0,138089.3,7318.2,9345.6,98.6,
2025-12-23T07:19:23.468243,10.7,25.0,1.58,93.0,daemon,21418.0,138111.8,7318.2,9345.6,98.7,
2025-12-23T07:20:23.676413,9.2,25.0,1.21,97.0,daemon,21418.0,138140.7,7318.3,9345.6,98.9,
2025-12-23T07:21:23.876752,10.8,25.0,1.25,97.0,daemon,21418.0,138166.4,7318.3,9345.7,99.0,
2025-12-23T07:22:24.074877,9.2,25.0,1.41,96.0,daemon,21418.0,138185.7,7318.4,9345.7,99.1,
2025-12-23T07:23:24.294800,9.2,25.3,1.46,98.0,daemon,21418.0,138197.4,7318.7,9351.1,99.2,
2025-12-23T07:24:24.508147,10.1,25.0,1.25,98.0,daemon,21418.0,138220.7,7319.4,9353.0,99.3,
2025-12-23T07:25:24.715322,9.9,25.3,1.48,96.0,daemon,21418.0,138291.3,7322.9,9358.0,99.4,
2025-12-23T07:26:24.938110,14.9,25.3,1.31,92.0,daemon,21418.0,138362.0,7323.9,9358.5,99.4,
2025-12-23T07:27:25.158941,19.2,26.0,1.36,98.0,daemon,21418.0,138436.3,7329.2,9360.3,99.4,
2025-12-23T07:28:25.402013,17.8,27.9,1.98,100.0,daemon,21418.0,138520.2,7329.4,9360.4,100.0,
2025-12-23T07:29:25.618128,22.1,36.7,2.06,98.0,daemon,21418.1,138543.5,7329.5,9360.5,100.0,
2025-12-23T07:30:25.856718,23.3,44.8,2.16,97.0,daemon,21421.8,138594.8,7331.9,9360.6,100.0,
2025-12-23T07:31:26.086733,18.2,49.7,2.63,99.0,daemon,21429.4,138652.1,7332.2,9360.7,100.0,
2025-12-23T07:32:26.317435,19.0,58.4,2.42,98.0,daemon,21433.8,138695.3,7332.3,9360.7,100.0,
2025-12-23T07:33:26.544540,18.3,62.3,2.33,97.0,daemon,21436.6,138717.2,7332.3,9360.7,100.0,
2025-12-23T07:34:26.738749,20.2,68.5,2.36,97.0,daemon,21460.1,138773.6,7332.9,9360.9,100.0,
2025-12-23T07:35:26.972854,19.2,73.1,2.61,100.0,daemon,21470.0,139619.9,7336.3,9361.2,100.0,
2025-12-23T07:36:27.183195,20.5,77.9,2.57,98.0,daemon,21816.4,142857.1,7336.4,9361.2,100.0,
2025-12-23T07:37:27.419302,17.5,82.8,2.48,97.0,daemon,21896.1,142892.0,7336.5,9361.2,100.0,
2025-12-23T07:38:27.649647,23.0,86.4,2.47,99.0,daemon,22031.8,144074.2,7336.5,9361.3,100.0,
2025-12-23T07:39:27.885244,22.3,88.6,2.91,98.0,daemon,22947.1,146435.7,7336.6,9361.3,100.0,
2025-12-23T07:40:28.118313,24.0,91.2,2.67,98.0,daemon,24904.5,149483.9,7336.6,9361.3,100.0,
2025-12-23T07:41:28.346804,36.1,94.5,3.44,97.0,daemon,32387.6,156936.4,7340.2,9364.2,100.0,
2025-12-23T07:42:28.709934,70.0,96.8,9.18,100.0,daemon,59115.6,162597.2,7340.4,9366.1,100.0,
2025-12-23T07:43:31.659848,100.0,97.1,40.43,100.0,daemon,87370.3,162878.4,7340.4,9366.1,100.0,
2025-12-23T07:44:34.639885,100.0,97.1,52.62,99.0,daemon,116350.0,162920.7,7340.4,9366.1,100.0,
2025-12-23T07:45:37.389329,100.0,97.1,60.34,100.0,daemon,138250.9,162956.5,7340.4,9366.1,100.0,
2025-12-23T07:46:38.858532,100.0,97.1,69.71,61.0,daemon,153926.6,163043.0,7340.5,9366.1,99.0,
2025-12-23T07:47:46.011078,100.0,97.1,66.23,55.0,daemon,174086.5,163093.8,7340.5,9366.1,98.3,
2025-12-23T07:48:49.047517,100.0,97.1,65.54,53.0,daemon,193909.7,163117.8,7340.5,9366.1,97.8,
2025-12-23T07:49:54.946760,100.0,97.1,77.49,50.0,daemon,204403.4,163133.8,7340.5,9366.2,97.2,
2025-12-23T07:50:59.650108,100.0,97.1,77.45,51.0,daemon,217039.0,163144.9,7340.6,9366.2,96.6,
2025-12-23T07:52:03.702921,100.0,97.1,86.49,50.0,daemon,226560.8,163156.9,7340.6,9366.2,96.1,
2025-12-23T07:52:40.747333,1.6,2.3,0.08,55.0,daemon,682.3,15.8,0.0,0.0,95.7,
2025-12-23T07:53:40.972480,32.2,3.9,0.77,46.0,daemon,1975.3,261.2,0.2,0.1,95.5,
2025-12-23T07:54:18.372135,63.0,10.7,1.59,55.0,refresh,3724.8,546.5,18.9,1.0,95.2,
2025-12-23T07:54:18.891414,75.8,11.0,1.59,55.0,refresh,3735.0,547.4,19.2,1.1,95.2,
2025-12-23T07:54:41.237726,16.0,15.9,2.01,47.0,daemon,3898.0,702.1,21.6,1.8,95.0,
2025-12-23T07:55:41.452835,12.6,14.9,2.09,47.0,daemon,4060.0,971.9,21.9,1.9,94.6,
2025-12-23T07:56:41.679285,11.8,14.9,1.78,44.0,daemon,4190.8,1048.4,22.2,2.0,94.2,
2025-12-23T07:57:41.902671,9.2,14.6,1.34,44.0,daemon,4190.9,1074.7,22.2,2.0,93.8,
2025-12-23T07:58:42.136675,9.1,14.6,1.12,43.0,daemon,4192.5,1089.9,22.3,2.0,93.5,
2025-12-23T07:59:42.372563,12.6,14.9,1.20,45.0,daemon,4202.8,1113.2,22.7,3.9,93.1,
2025-12-23T08:00:42.600442,10.0,14.0,1.65,44.0,daemon,4202.9,1136.3,22.7,3.9,92.8,
2025-12-23T08:01:42.834906,20.3,14.0,1.50,45.0,daemon,4214.8,1182.5,22.8,4.0,92.4,
2025-12-23T08:02:43.076371,9.1,14.3,1.63,44.0,daemon,4221.7,1207.4,23.3,11.3,92.0,
2025-12-23T08:03:43.307072,10.7,14.6,1.54,44.0,daemon,4270.8,1249.4,24.6,19.3,91.7,
2025-12-23T08:04:43.541155,11.7,13.6,1.46,44.0,daemon,4270.9,1283.7,25.7,27.0,91.3,
2025-12-23T08:05:43.787201,30.3,14.6,1.66,48.0,daemon,4322.1,1309.3,46.5,50.8,90.9,
2025-12-23T08:06:44.024744,9.2,14.0,1.32,44.0,daemon,4329.0,1444.1,46.6,50.9,90.5,
2025-12-23T08:07:44.256960,9.8,14.0,1.17,43.0,daemon,4329.7,1474.6,46.6,50.9,90.2,
2025-12-23T08:08:44.492611,10.0,14.3,1.06,43.0,daemon,4329.7,1490.9,46.7,50.9,89.8,
2025-12-23T08:09:44.737783,10.0,14.3,1.16,44.0,daemon,4330.8,1508.3,47.1,55.4,89.4,
2025-12-23T08:10:44.984973,12.5,14.3,1.34,46.0,daemon,4342.5,1553.5,49.8,70.6,89.1,
2025-12-23T08:11:45.217414,13.4,14.9,1.59,48.0,daemon,4342.6,1598.5,50.3,82.0,88.7,
2025-12-23T08:12:45.454845,16.7,14.0,1.29,42.0,daemon,4342.7,1694.5,72.8,106.7,88.4,
2025-12-23T08:13:45.711390,6.7,13.6,0.91,40.0,daemon,4343.7,1772.7,77.2,108.4,88.1,
2025-12-23T08:14:46.000882,3.4,13.6,0.77,38.0,daemon,4343.7,1816.3,77.3,108.5,88.0,
2025-12-23T08:15:46.276207,10.0,14.9,1.50,40.0,daemon,4490.7,1949.7,86.2,111.4,87.7,
2025-12-23T08:16:46.551361,3.3,14.6,0.58,36.0,daemon,4491.6,2028.3,86.4,111.4,87.5,
2025-12-23T08:17:46.832499,1.7,14.9,0.66,37.0,daemon,4492.1,2071.7,87.0,118.6,87.3,
2025-12-23T08:18:47.095081,4.1,14.9,0.54,39.0,daemon,4492.2,2101.4,89.0,128.2,87.1,
2025-12-23T08:19:47.353160,2.5,14.9,0.40,40.0,daemon,4492.3,2124.2,90.0,142.5,86.8,
2025-12-23T08:20:47.637663,3.3,14.9,0.42,37.0,daemon,4492.3,2141.9,90.3,147.0,86.6,
2025-12-23T08:21:47.910585,4.1,14.9,0.32,38.0,daemon,4492.3,2161.9,90.6,148.5,86.4,
2025-12-23T08:22:48.168602,2.5,14.6,0.49,39.0,daemon,4492.4,2185.8,90.8,151.6,86.2,
2025-12-23T08:23:48.448382,2.5,14.9,0.21,37.0,daemon,4492.4,2208.6,91.4,156.3,86.0,
2025-12-23T08:24:48.723478,2.5,14.9,0.31,37.0,daemon,4492.5,2256.6,91.5,156.3,85.8,
2025-12-23T08:25:49.004113,2.5,14.9,0.27,37.0,daemon,4492.5,2278.7,91.7,157.9,85.6,
2025-12-23T08:26:49.276395,11.1,15.3,0.26,37.0,daemon,4492.5,2334.7,112.4,178.1,85.4,
2025-12-23T08:27:49.522700,8.3,14.9,0.28,34.0,daemon,4492.6,2408.0,112.4,178.1,85.2,
2025-12-23T08:28:49.786504,4.1,14.9,0.30,35.0,daemon,4492.6,2433.7,112.6,179.8,85.0,
2025-12-23T08:29:50.024562,19.8,17.9,0.53,40.0,daemon,5096.0,2459.2,115.8,183.0,84.8,
2025-12-23T08:30:50.285612,3.3,15.6,1.13,38.0,daemon,5113.1,2638.5,236.2,303.0,84.4,
2025-12-23T08:31:50.550495,0.0,15.6,0.84,36.0,daemon,5113.7,2720.0,237.3,303.5,84.2,
2025-12-23T08:32:50.824934,4.1,16.2,0.93,35.0,daemon,5114.1,2793.6,259.3,328.5,83.9,
2025-12-23T08:33:51.092937,0.0,15.3,0.62,33.0,daemon,5114.4,2881.6,259.5,333.6,83.7,
2025-12-23T08:34:51.378599,1.7,15.6,0.70,34.0,daemon,5114.6,2932.9,261.9,340.5,83.5,
2025-12-23T08:35:51.642705,0.8,15.6,0.64,33.0,daemon,5115.0,3035.7,264.0,345.7,83.3,
2025-12-23T08:36:51.907963,2.5,15.9,0.45,36.0,daemon,5116.6,3107.7,265.8,352.3,83.1,
2025-12-23T08:37:52.170957,0.0,16.2,0.74,36.0,daemon,5170.8,3163.7,266.3,352.8,82.9,
2025-12-23T08:38:52.440000,3.4,15.9,0.55,35.0,daemon,5171.6,3214.3,268.2,367.6,82.7,
2025-12-23T08:39:52.692008,1.7,15.9,0.33,34.0,daemon,5174.5,3254.8,268.5,371.1,82.5,
2025-12-23T08:40:52.970516,3.4,15.6,0.23,32.0,daemon,5174.5,3273.7,268.6,371.1,82.3,
2025-12-23T08:41:53.245723,1.6,15.6,0.53,33.0,daemon,5174.5,3286.6,268.6,371.2,82.2,
2025-12-23T08:42:53.525222,1.7,15.9,0.41,34.0,daemon,5174.5,3303.4,268.6,371.2,82.0,
2025-12-23T08:43:53.791707,2.5,15.9,0.54,37.0,daemon,5174.5,3320.1,268.8,374.6,81.8,
2025-12-23T08:44:54.053003,0.0,15.6,0.23,34.0,daemon,5174.6,3340.4,268.9,374.7,81.6,
2025-12-23T08:45:54.313954,0.8,15.6,0.36,33.0,daemon,5174.6,3360.0,269.0,374.7,81.5,
2025-12-23T08:46:54.566289,2.5,15.9,0.13,35.0,daemon,5174.7,3377.9,269.0,374.7,81.3,
2025-12-23T08:47:54.828423,0.8,15.9,0.16,34.0,daemon,5174.9,3400.3,269.1,374.8,81.2,
2025-12-23T08:48:55.102830,5.0,15.9,0.50,35.0,daemon,5175.7,3491.0,271.9,376.0,81.0,
2025-12-23T08:49:55.366550,2.5,15.6,0.79,37.0,daemon,5175.7,3529.2,272.3,384.8,80.8,
2025-12-23T08:50:55.633850,0.8,15.6,0.37,34.0,daemon,5175.7,3553.5,273.1,397.2,80.6,
2025-12-23T08:51:55.909970,0.0,15.6,0.41,34.0,daemon,5175.7,3578.1,273.1,397.2,80.4,
2025-12-23T08:52:56.167193,12.4,15.6,0.46,36.0,daemon,5190.2,3605.0,273.3,397.3,80.2,
2025-12-23T08:53:56.443111,0.8,15.9,0.46,33.0,daemon,5190.4,3658.9,275.2,398.0,80.0,
2025-12-23T08:54:56.731685,6.6,15.9,0.83,36.0,daemon,5190.7,3736.5,275.5,398.1,79.8,
2025-12-23T08:55:57.014223,11.7,14.6,0.80,33.0,daemon,5191.2,3796.0,275.7,398.2,79.6,
2025-12-23T08:56:57.265615,1.6,14.6,0.50,35.0,daemon,5192.2,3835.3,276.3,398.3,79.4,
2025-12-23T08:57:57.532199,7.5,15.3,0.49,36.0,daemon,5192.5,3900.8,278.3,398.3,79.1,
2025-12-23T08:58:57.811358,11.6,15.6,0.74,37.0,daemon,5192.6,3939.9,278.5,401.9,78.9,
2025-12-23T08:59:58.075025,17.5,15.6,1.56,38.0,daemon,5192.6,3963.5,279.2,412.6,78.6,
2025-12-23T09:00:58.358571,7.8,15.3,1.27,36.0,daemon,5192.6,3981.4,280.1,423.4,78.3,
2025-12-23T09:01:58.635387,6.7,16.9,0.99,37.0,daemon,5209.8,4110.1,301.7,449.9,78.1,
2025-12-23T09:02:58.917865,0.0,16.9,0.53,31.0,daemon,5209.8,4179.3,301.7,450.0,77.9,
2025-12-23T09:03:59.177925,0.0,16.6,0.19,32.0,daemon,5209.8,4192.9,301.7,450.0,77.8,
2025-12-23T09:04:59.444310,0.0,16.6,0.22,32.0,daemon,5209.9,4211.6,301.7,450.0,77.7,
2025-12-23T09:05:59.719740,1.7,15.3,0.08,34.0,daemon,5209.9,4228.2,304.8,451.4,77.5,
2025-12-23T09:06:59.991734,5.0,14.9,1.36,37.0,daemon,5211.2,4307.3,309.6,454.2,77.2,
2025-12-23T09:08:00.271336,0.8,14.6,0.89,33.0,daemon,5211.9,4379.9,310.5,458.2,77.1,
2025-12-23T09:09:00.543355,8.3,15.3,0.47,37.0,daemon,5212.0,4423.7,311.6,469.6,76.8,
2025-12-23T09:10:00.802204,0.0,15.3,0.74,34.0,daemon,5212.1,4489.4,314.6,471.1,76.6,
2025-12-23T09:11:01.060137,0.0,15.6,0.64,34.0,daemon,5216.6,4649.5,317.0,472.8,76.4,
2025-12-23T09:12:01.329620,11.6,15.6,0.37,34.0,daemon,5216.8,4707.7,317.0,472.8,76.3,
2025-12-23T09:13:01.589867,0.8,15.6,1.90,34.0,daemon,5216.8,4745.6,318.6,473.6,76.0,
2025-12-23T09:14:01.853324,6.7,15.6,1.55,37.0,daemon,5220.4,4819.6,318.7,473.7,75.8,
2025-12-23T09:15:02.108671,9.2,16.2,0.85,37.0,daemon,5243.6,4880.4,328.4,474.0,75.6,
2025-12-23T09:16:02.362085,10.8,16.6,1.01,39.0,daemon,5272.0,5017.2,334.4,474.2,75.2,
2025-12-23T09:17:02.635622,16.1,16.6,1.20,37.0,daemon,5293.5,5122.8,334.7,474.3,75.0,
2025-12-23T09:18:02.893284,4.1,16.2,0.55,33.0,daemon,5294.0,5191.4,334.7,474.4,74.8,
2025-12-23T09:19:03.155289,0.0,16.2,0.23,34.0,daemon,5294.0,5215.7,334.8,474.4,74.6,
2025-12-23T09:20:03.370719,8.3,16.2,0.08,52.0,daemon,5294.3,5233.7,334.9,474.5,74.5,
2025-12-23T09:21:03.621251,2.5,16.2,0.19,45.0,daemon,5294.3,5280.7,335.7,478.7,75.6,
2025-12-23T09:22:03.828543,3.3,16.2,0.25,55.0,daemon,5294.3,5329.6,336.0,482.4,76.9,
2025-12-23T09:23:04.054835,0.0,16.2,0.09,40.0,daemon,5294.3,5355.7,336.0,482.4,78.1,
2025-12-23T09:24:04.284195,6.7,16.6,0.20,47.0,daemon,5294.3,5396.3,336.2,482.5,79.2,
2025-12-23T09:25:04.486171,41.5,16.6,0.72,86.0,daemon,5295.8,5451.6,337.6,483.8,80.3,
2025-12-23T09:26:04.720308,7.5,15.9,0.87,48.0,daemon,5296.1,5517.3,338.4,484.6,81.3,
2025-12-23T09:27:04.940891,10.0,16.2,1.10,53.0,daemon,5304.6,5549.3,338.9,484.9,82.2,
2025-12-23T09:28:05.152214,4.2,16.2,0.79,57.0,daemon,5307.1,5615.0,351.6,485.4,83.2,
2025-12-23T09:29:05.366049,2.5,15.6,0.44,55.0,daemon,5316.2,5690.7,352.0,485.5,84.0,
2025-12-23T09:30:05.576122,5.0,16.9,0.20,62.0,daemon,5362.1,5754.5,352.7,485.7,84.9,
2025-12-23T09:31:05.799556,4.2,16.9,0.45,48.0,daemon,5362.3,5824.4,353.9,486.8,85.7,
2025-12-23T09:32:06.045487,0.8,17.9,0.42,45.0,daemon,5407.8,5871.8,359.3,487.9,86.4,
2025-12-23T09:33:06.268821,0.0,17.2,0.32,57.0,daemon,5407.9,5959.2,360.4,489.2,87.2,
2025-12-23T09:34:06.480535,0.8,17.2,0.33,56.0,daemon,5407.9,5984.7,360.5,489.3,87.9,
2025-12-23T09:35:06.691230,0.8,17.2,0.22,56.0,daemon,5407.9,6000.5,360.6,489.3,88.5,
2025-12-23T09:36:06.911915,0.0,17.5,0.30,59.0,daemon,5407.9,6016.1,360.7,489.4,89.1,
2025-12-23T09:37:07.122463,5.0,17.9,0.31,59.0,daemon,5407.9,6043.1,363.5,491.8,89.7,
2025-12-23T09:38:07.336551,0.0,17.5,0.31,61.0,daemon,5407.9,6067.7,366.0,494.6,90.3,
2025-12-23T09:39:07.548275,5.8,17.9,0.36,45.0,daemon,5407.9,6088.2,368.6,497.6,90.8,
2025-12-23T09:40:07.761252,3.3,17.9,0.48,43.0,daemon,5408.0,6105.9,370.4,499.7,91.3,
2025-12-23T09:41:07.976884,7.4,16.9,0.56,47.0,daemon,5408.0,6128.0,371.3,500.7,91.8,
2025-12-23T09:42:08.207584,5.0,17.2,0.51,60.0,daemon,5412.1,6171.2,371.6,500.8,92.2,
2025-12-23T09:43:08.417664,0.0,17.2,0.48,59.0,daemon,5412.2,6206.2,371.7,500.8,92.7,
2025-12-23T09:44:08.631413,0.8,17.2,0.34,57.0,daemon,5412.2,6241.9,371.8,500.9,93.1,
2025-12-23T09:45:08.847519,0.0,17.2,0.20,45.0,daemon,5412.2,6264.9,371.9,500.9,93.5,
2025-12-23T09:46:09.077069,4.2,17.5,0.11,37.0,daemon,5412.4,6286.5,372.3,501.2,93.8,
2025-12-23T09:47:09.308860,11.8,17.2,0.09,61.0,daemon,5412.5,6306.9,372.8,501.6,94.2,
2025-12-23T09:48:09.534798,0.8,17.2,0.10,39.0,daemon,5412.5,6326.5,372.8,501.7,94.5,
2025-12-23T09:49:09.777792,0.0,17.2,0.04,37.0,daemon,5412.5,6341.9,372.8,501.7,94.9,
2025-12-23T09:50:10.005678,0.0,16.9,0.01,55.0,daemon,5412.5,6355.3,372.9,501.7,95.2,
2025-12-23T09:51:10.239961,0.8,16.9,0.00,41.0,daemon,5412.5,6368.9,372.9,501.7,95.4,
2025-12-23T09:52:10.476741,1.6,16.9,0.10,40.0,daemon,5412.5,6382.5,372.9,501.7,95.7,
2025-12-23T09:53:10.720615,0.0,16.9,0.15,40.0,daemon,5412.5,6394.6,372.9,501.8,96.0,
2025-12-23T09:54:10.961056,1.7,16.9,0.05,40.0,daemon,5412.5,6410.5,373.2,501.8,96.2,
2025-12-23T09:55:11.203678,3.3,16.9,0.10,40.0,daemon,5412.5,6463.0,373.3,501.9,96.4,
2025-12-23T09:56:11.417631,1.7,16.6,0.11,48.0,daemon,5412.5,6488.3,373.4,501.9,96.7,
2025-12-23T09:57:11.657467,0.0,16.2,0.20,40.0,daemon,5412.5,6524.1,373.8,502.0,96.9,
2025-12-23T09:58:11.897007,0.8,16.2,0.13,40.0,daemon,5412.5,6543.0,373.8,502.0,97.1,
2025-12-23T09:59:12.127280,4.2,16.2,0.19,44.0,daemon,5412.5,6554.8,373.9,502.0,97.3,
2025-12-23T10:00:12.358436,0.0,16.2,0.14,41.0,daemon,5412.6,6573.7,373.9,502.0,97.5,
2025-12-23T10:01:12.600193,0.8,16.2,0.58,39.0,daemon,5412.6,6588.3,373.9,502.1,97.7,
2025-12-23T10:02:12.831594,0.8,16.2,0.41,39.0,daemon,5412.6,6602.1,373.9,502.1,97.9,
2025-12-23T10:03:13.034647,0.0,16.2,0.25,57.0,daemon,5412.6,6611.6,374.0,502.1,98.0,
2025-12-23T10:04:13.250673,0.0,15.9,0.14,40.0,daemon,5412.6,6628.5,374.0,502.1,98.2,
2025-12-23T10:05:13.463637,1.7,16.2,0.31,53.0,daemon,5482.0,6651.6,396.6,502.5,98.3,
2025-12-23T10:06:13.699480,0.0,16.2,0.11,43.0,daemon,5483.0,6857.3,396.8,502.6,98.4,
2025-12-23T10:07:13.911013,10.8,16.2,0.33,62.0,daemon,5483.0,6890.4,397.5,503.1,98.6,
2025-12-23T10:08:14.137908,1.7,16.2,0.55,44.0,daemon,5504.4,6922.1,398.3,503.7,98.7,
2025-12-23T10:09:14.357346,2.5,16.2,1.02,47.0,daemon,5504.7,6980.0,399.5,504.7,98.9,
2025-12-23T10:10:14.570215,1.7,16.2,0.93,55.0,daemon,5506.6,7004.3,400.4,506.2,99.0,
2025-12-23T10:11:14.777401,1.7,16.2,0.48,60.0,daemon,5506.7,7016.2,400.8,507.0,99.1,
2025-12-23T10:12:14.968520,2.5,16.2,0.47,59.0,daemon,5506.7,7038.2,401.2,507.9,99.2,
2025-12-23T10:13:15.177554,1.7,16.2,0.70,60.0,daemon,5506.7,7053.8,401.5,508.4,99.3,
2025-12-23T10:14:15.398350,1.6,16.2,0.49,40.0,daemon,5506.8,7072.7,402.1,508.5,99.4,
2025-12-23T10:15:15.625390,0.8,16.2,0.18,53.0,daemon,5506.8,7084.8,402.1,508.5,99.4,
2025-12-23T10:16:15.832847,0.0,16.2,0.06,53.0,daemon,5506.8,7103.1,402.2,508.5,100.0,
2025-12-23T10:17:16.042819,0.0,16.2,0.02,55.0,daemon,5506.8,7121.5,402.2,508.6,100.0,
2025-12-23T10:18:16.283324,0.0,16.2,0.05,40.0,daemon,5506.8,7137.1,402.2,508.6,100.0,
2025-12-23T10:19:16.530738,0.0,16.2,0.02,40.0,daemon,5506.8,7151.5,402.2,508.6,100.0,
2025-12-23T10:20:16.776809,0.8,16.2,0.00,40.0,daemon,5506.8,7159.8,402.2,508.6,100.0,
2025-12-23T10:21:17.009830,5.0,16.2,0.00,40.0,daemon,5506.8,7174.5,402.3,508.6,100.0,
2025-12-23T10:22:17.238484,1.7,16.2,0.00,64.0,daemon,5506.8,7190.5,402.3,508.7,100.0,
2025-12-23T10:23:17.455892,0.0,16.2,0.27,60.0,daemon,5506.8,7205.7,402.3,508.7,100.0,
2025-12-23T10:24:17.651795,0.0,16.2,0.17,59.0,daemon,5506.8,7245.0,402.6,508.7,100.0,
2025-12-23T10:25:17.871267,1.7,16.2,0.14,48.0,daemon,5506.8,7273.9,402.6,508.8,100.0,
2025-12-23T10:26:18.106405,0.8,16.2,0.05,40.0,daemon,5506.8,7289.7,402.6,508.8,100.0,
2025-12-23T10:27:18.349344,1.7,16.2,0.07,84.0,daemon,5506.8,7309.6,403.1,508.9,100.0,
2025-12-23T10:28:18.592709,0.8,16.2,0.28,42.0,daemon,5506.8,7325.0,403.1,508.9,100.0,
2025-12-23T10:29:18.845329,5.0,16.2,0.24,43.0,daemon,5506.8,7339.3,403.1,508.9,100.0,
2025-12-23T10:30:19.084101,0.0,16.2,0.09,41.0,daemon,5506.8,7351.3,403.2,508.9,100.0,
2025-12-23T10:31:19.319786,0.0,16.2,0.03,41.0,daemon,5506.8,7365.0,403.2,508.9,100.0,
2025-12-23T10:32:19.554546,2.5,16.2,0.23,43.0,daemon,5506.9,7376.6,403.3,509.0,100.0,
2025-12-23T10:33:19.771793,0.0,16.2,0.21,44.0,daemon,5506.9,7393.8,403.3,509.0,100.0,
2025-12-23T10:34:19.977195,4.2,16.6,0.25,60.0,daemon,5506.9,7408.0,403.4,509.0,100.0,
2025-12-23T10:35:20.188824,0.8,16.6,0.16,57.0,daemon,5506.9,7425.9,403.4,509.1,100.0,
2025-12-23T10:36:20.421911,3.3,16.2,0.25,57.0,daemon,5506.9,7441.4,403.5,509.3,100.0,
2025-12-23T10:37:20.636179,2.5,16.6,0.16,61.0,daemon,5507.0,7464.0,403.9,510.4,100.0,
2025-12-23T10:38:20.879015,1.7,16.6,0.71,41.0,daemon,5507.0,7481.6,404.4,510.5,100.0,
2025-12-23T10:39:21.119241,1.7,16.6,0.65,41.0,daemon,5507.0,7493.5,404.4,510.6,100.0,
2025-12-23T10:40:21.350633,0.8,16.6,0.30,41.0,daemon,5507.0,7502.7,404.4,510.6,100.0,
2025-12-23T10:41:21.584405,1.7,16.2,0.25,40.0,daemon,5507.0,7516.7,404.5,510.6,100.0,
2025-12-23T10:42:21.826465,1.7,16.6,0.28,40.0,daemon,5507.0,7530.0,404.5,510.6,100.0,
2025-12-23T10:43:22.056992,0.8,16.6,0.31,59.0,daemon,5507.0,7543.9,404.5,510.6,100.0,
2025-12-23T10:44:22.264182,0.8,16.6,0.11,59.0,daemon,5507.0,7558.1,404.5,510.7,100.0,
2025-12-23T10:45:22.465917,1.7,16.6,0.11,60.0,daemon,5507.0,7576.2,404.8,511.3,100.0,
2025-12-23T10:46:22.701995,3.3,16.2,0.58,60.0,daemon,5507.0,7593.0,405.3,512.7,100.0,
2025-12-23T10:47:22.900341,13.3,16.6,0.50,79.0,daemon,5508.4,7624.6,406.2,514.5,100.0,
2025-12-23T10:48:23.111569,3.3,16.9,0.49,57.0,daemon,5508.5,7654.5,407.1,516.4,100.0,
2025-12-23T10:49:23.334443,3.4,16.9,0.44,48.0,daemon,5509.8,7681.8,408.0,517.3,100.0,
2025-12-23T10:50:23.553618,1.7,16.9,0.44,47.0,daemon,5509.8,7700.8,408.0,517.4,100.0,
2025-12-23T10:51:23.784446,0.8,16.9,0.48,43.0,daemon,5509.8,7707.2,408.1,517.4,100.0,
2025-12-23T10:52:24.002968,3.3,16.9,0.28,41.0,daemon,5509.8,7724.5,408.1,517.4,100.0,
2025-12-23T10:53:24.227707,3.3,16.6,0.44,45.0,daemon,5509.9,7742.3,408.2,517.4,100.0,
2025-12-23T10:54:24.458584,0.8,16.6,0.29,56.0,daemon,5520.8,7801.0,408.6,517.6,100.0,
2025-12-23T10:55:24.665123,2.5,16.6,0.25,53.0,daemon,5520.9,7839.5,408.7,517.6,100.0,
2025-12-23T10:56:24.899029,0.8,16.6,0.17,41.0,daemon,5520.9,7864.5,408.7,517.6,100.0,
2025-12-23T10:57:25.134397,2.5,16.6,0.14,41.0,daemon,5521.0,7884.6,409.2,517.7,100.0,
2025-12-23T10:58:25.367123,6.7,16.6,0.22,40.0,daemon,5521.0,7899.5,409.2,517.7,100.0,
2025-12-23T10:59:25.566027,0.8,16.6,0.22,59.0,daemon,5521.0,7924.1,409.2,517.7,100.0,
2025-12-23T11:00:25.766466,3.3,16.9,0.59,64.0,daemon,5522.2,7946.5,409.9,519.4,100.0,
2025-12-23T11:01:25.971999,0.8,16.6,0.36,62.0,daemon,5522.3,7961.0,410.8,520.6,100.0,
2025-12-23T11:02:26.178295,2.5,16.9,0.58,65.0,daemon,5522.5,8005.3,411.3,522.3,100.0,
2025-12-23T11:03:26.385564,0.0,16.6,0.37,52.0,daemon,5522.5,8026.8,411.4,522.3,100.0,
2025-12-23T11:04:26.600242,0.8,17.2,0.42,56.0,daemon,5522.5,8049.7,412.2,523.4,100.0,
2025-12-23T11:05:26.835465,3.3,17.2,0.35,45.0,daemon,5522.6,8074.1,412.2,523.5,100.0,
2025-12-23T11:06:27.062681,0.8,17.2,0.42,41.0,daemon,5522.7,8097.3,412.2,523.5,100.0,
2025-12-23T11:07:27.278817,3.3,16.6,0.42,44.0,daemon,5522.7,8117.4,412.4,523.6,100.0,
2025-12-23T11:08:27.512886,9.2,17.2,0.29,44.0,daemon,5522.7,8140.2,413.1,524.5,100.0,
2025-12-23T11:09:27.744151,5.0,17.2,0.42,41.0,daemon,5522.7,8152.8,413.3,524.8,100.0,
2025-12-23T11:10:27.968341,1.7,17.5,0.64,52.0,daemon,5587.2,8176.5,413.9,525.4,100.0,
2025-12-23T11:11:28.199097,6.6,17.5,0.36,48.0,daemon,5587.2,8202.7,414.6,526.6,100.0,
2025-12-23T11:12:28.432121,0.8,17.2,0.53,45.0,daemon,5587.2,8225.8,414.8,526.9,100.0,
2025-12-23T11:13:28.635568,12.3,19.2,0.66,84.0,daemon,5599.7,8295.2,415.6,527.1,100.0,
2025-12-23T11:14:28.867344,2.5,18.2,0.48,44.0,daemon,5600.0,8392.6,415.8,527.1,100.0,
2025-12-23T11:15:29.082741,0.8,18.2,0.36,51.0,daemon,5600.1,8427.0,416.3,528.1,100.0,
2025-12-23T11:16:29.297070,3.3,18.2,0.87,47.0,daemon,5600.1,8464.1,416.8,529.1,100.0,
2025-12-23T11:17:29.505867,4.9,17.5,0.60,53.0,daemon,5600.1,8493.0,416.8,529.1,100.0,
2025-12-23T11:18:29.745679,0.8,18.2,0.46,46.0,daemon,5600.2,8524.3,417.5,530.0,100.0,
2025-12-23T11:19:29.953915,0.8,18.2,0.32,59.0,daemon,5600.2,8542.6,417.8,531.0,100.0,
2025-12-23T11:20:30.155146,2.5,18.2,0.49,59.0,daemon,5600.2,8556.1,418.3,533.4,100.0,
2025-12-23T11:21:30.362222,3.4,18.5,0.39,50.0,daemon,5600.2,8580.0,418.9,535.0,100.0,
2025-12-23T11:22:30.586505,4.2,18.2,0.30,62.0,daemon,5600.2,8607.5,419.6,537.4,100.0,
2025-12-23T11:23:30.797021,2.5,18.2,0.32,61.0,daemon,5604.4,8627.9,419.6,537.5,100.0,
2025-12-23T11:24:31.010335,1.7,18.2,0.26,51.0,daemon,5604.4,8670.0,419.9,537.5,100.0,
2025-12-23T11:25:31.235560,0.8,18.2,0.09,40.0,daemon,5604.4,8694.6,419.9,537.6,100.0,
2025-12-23T11:26:31.447622,4.2,18.2,0.26,53.0,daemon,5604.4,8716.1,420.6,539.9,100.0,
2025-12-23T11:27:31.689398,0.8,18.5,0.13,43.0,daemon,5604.4,8740.1,421.1,540.0,100.0,
2025-12-23T11:28:31.912605,0.8,18.5,0.11,44.0,daemon,5604.4,8754.6,421.2,540.0,100.0,
2025-12-23T11:29:32.155407,0.8,18.5,0.22,47.0,daemon,5604.4,8768.0,421.2,540.1,100.0,
2025-12-23T11:30:32.370411,1.7,18.5,0.11,55.0,daemon,5604.4,8782.7,421.5,540.7,100.0,
2025-12-23T11:31:32.576664,1.7,18.5,0.36,43.0,daemon,5604.4,8794.3,421.6,541.3,100.0,
2025-12-23T11:32:32.798545,0.8,18.5,0.22,41.0,daemon,5604.4,8812.7,421.9,542.5,100.0,
2025-12-23T11:33:33.002295,15.0,19.5,0.31,79.0,daemon,5604.4,8841.9,423.3,546.0,100.0,
2025-12-23T11:34:33.228272,2.5,18.8,0.29,49.0,daemon,5604.5,8869.8,425.0,551.5,100.0,
2025-12-23T11:35:33.445546,2.5,19.5,0.43,49.0,daemon,5604.5,8900.1,426.3,554.2,100.0,
2025-12-23T11:36:33.647025,2.5,19.2,0.69,68.0,daemon,5604.5,8928.2,428.0,556.7,100.0,
2025-12-23T11:37:33.857794,1.7,19.5,0.56,57.0,daemon,5604.5,8956.3,429.6,560.0,100.0,
2025-12-23T11:38:34.080660,5.0,19.2,0.57,69.0,daemon,5604.8,8995.0,431.0,562.6,100.0,
2025-12-23T11:39:34.298515,11.6,19.5,0.71,71.0,daemon,5605.1,9031.7,432.0,565.7,100.0,
2025-12-23T11:40:34.504086,11.6,19.2,0.64,78.0,daemon,5605.2,9078.4,433.0,569.8,100.0,
2025-12-23T11:41:34.739932,2.5,18.8,0.67,52.0,daemon,5605.2,9101.4,434.2,573.7,100.0,
2025-12-23T11:42:34.952675,2.5,19.2,0.55,68.0,daemon,5605.2,9133.7,435.5,576.7,100.0,
2025-12-23T11:43:35.202726,2.5,18.2,0.53,45.0,daemon,5605.2,9155.7,435.6,576.8,100.0,
2025-12-23T11:44:35.449257,1.7,18.2,0.33,41.0,daemon,5605.2,9177.7,435.8,577.4,100.0,
2025-12-23T11:45:35.657511,0.8,17.9,0.26,59.0,daemon,5605.2,9192.5,435.8,577.4,100.0,
2025-12-23T11:46:35.867216,1.7,17.9,0.29,56.0,daemon,5605.2,9213.1,436.0,578.1,100.0,
2025-12-23T11:47:36.071498,4.1,17.9,0.11,61.0,daemon,5605.2,9233.1,436.1,578.7,100.0,
2025-12-23T11:48:36.292563,3.3,18.5,0.33,47.0,daemon,5605.2,9262.1,437.0,580.8,100.0,
2025-12-23T11:49:36.506276,2.5,18.5,0.21,61.0,daemon,5605.2,9280.6,438.3,582.6,100.0,
2025-12-23T11:50:36.717344,0.0,17.9,0.47,60.0,daemon,5605.2,9303.3,439.4,586.6,100.0,
2025-12-23T11:51:36.926939,2.5,17.9,0.25,57.0,daemon,5605.2,9323.0,439.4,586.6,100.0,
2025-12-23T11:52:37.145628,2.5,17.9,0.12,60.0,daemon,5605.3,9339.8,439.5,586.7,100.0,
2025-12-23T11:53:37.351076,0.0,17.9,0.51,59.0,daemon,5605.7,9357.3,439.8,586.8,100.0,
2025-12-23T11:54:37.559398,2.5,17.9,0.25,55.0,daemon,5605.7,9411.2,440.1,586.9,100.0,
2025-12-23T11:55:37.765999,0.8,17.9,0.30,59.0,daemon,5605.7,9449.3,440.3,587.0,100.0,
2025-12-23T11:56:37.983694,0.0,17.9,0.15,56.0,daemon,5605.7,9478.5,440.3,587.0,100.0,
2025-12-23T11:57:38.207709,0.8,18.2,0.09,40.0,daemon,5605.7,9506.2,440.8,587.1,100.0,
2025-12-23T11:58:38.427532,4.2,18.2,0.13,60.0,daemon,5605.8,9531.9,441.0,587.1,100.0,
2025-12-23T11:59:38.635490,0.0,18.5,0.33,57.0,daemon,5605.8,9555.3,441.1,587.2,100.0,
2025-12-23T12:00:38.856284,0.8,18.2,0.30,61.0,daemon,5605.9,9582.3,441.3,587.3,100.0,
2025-12-23T12:01:39.068046,0.8,18.5,0.20,59.0,daemon,5605.9,9597.0,441.4,587.3,100.0,
2025-12-23T12:02:39.270785,0.0,18.5,0.07,57.0,daemon,5605.9,9618.4,441.5,587.4,100.0,
2025-12-23T12:03:39.471167,0.0,18.5,0.08,41.0,daemon,5605.9,9641.4,441.6,587.4,100.0,
2025-12-23T12:04:39.678758,2.5,18.5,0.07,57.0,daemon,5605.9,9658.3,441.8,588.1,100.0,
2025-12-23T12:05:39.889569,2.5,18.2,0.02,57.0,daemon,5606.0,9683.6,441.9,588.2,100.0,
2025-12-23T12:06:40.113687,0.8,18.2,0.01,59.0,daemon,5606.0,9702.1,442.0,588.3,100.0,
2025-12-23T12:07:40.358632,1.7,18.2,0.00,43.0,daemon,5606.0,9722.3,442.2,589.0,100.0,
2025-12-23T12:08:40.581054,2.5,18.2,0.27,60.0,daemon,5606.0,9744.2,442.8,589.7,100.0,
2025-12-23T12:09:40.802475,1.7,18.2,0.25,64.0,daemon,5606.0,9766.4,444.0,591.3,100.0,
2025-12-23T12:10:41.031346,3.3,18.2,0.42,45.0,daemon,5606.0,9791.0,445.2,592.9,100.0,
2025-12-23T12:11:41.253196,0.8,18.2,0.23,43.0,daemon,5606.0,9816.7,445.7,594.3,100.0,
2025-12-23T12:12:41.477817,4.2,18.2,0.27,56.0,daemon,5606.0,9829.7,445.8,594.4,100.0,
2025-12-23T12:13:41.685375,0.0,18.2,0.18,60.0,daemon,5606.0,9852.6,446.4,596.6,100.0,
2025-12-23T12:14:41.920622,0.8,18.2,0.29,44.0,daemon,5606.0,9873.4,446.5,596.6,100.0,
2025-12-23T12:15:42.150888,0.8,18.2,0.26,42.0,daemon,5606.0,9899.0,446.6,596.7,100.0,
2025-12-23T12:16:42.376982,2.5,18.5,0.17,43.0,daemon,5752.8,9919.6,446.7,596.8,100.0,
2025-12-23T12:17:42.588314,1.7,18.5,0.06,59.0,daemon,5752.8,9949.9,446.8,596.9,100.0,
2025-12-23T12:18:42.814511,0.8,18.5,0.02,40.0,daemon,5752.8,9971.4,446.8,596.9,100.0,
2025-12-23T12:19:43.036214,0.8,18.5,0.09,41.0,daemon,5753.0,9994.5,446.9,597.0,100.0,
2025-12-23T12:20:43.267192,0.8,18.5,0.18,41.0,daemon,5753.0,10014.9,447.0,597.0,100.0,
2025-12-23T12:21:43.499583,1.7,18.5,0.06,41.0,daemon,5753.0,10033.3,447.1,597.1,100.0,
2025-12-23T12:22:43.732486,0.8,18.5,0.12,40.0,daemon,5753.0,10043.2,447.1,597.1,100.0,
2025-12-23T12:23:43.967027,0.0,18.5,0.15,44.0,daemon,5753.0,10065.9,447.4,597.2,100.0,
2025-12-23T12:24:44.169130,0.0,18.5,0.17,59.0,daemon,5753.0,10118.8,447.6,597.3,100.0,
2025-12-23T12:25:44.391928,1.7,18.5,0.06,41.0,daemon,5753.0,10142.5,447.7,597.4,100.0,
2025-12-23T12:26:44.601518,4.1,18.5,0.02,42.0,daemon,5753.0,10161.6,447.9,597.4,100.0,
2025-12-23T12:27:44.831609,0.8,18.5,0.07,43.0,daemon,5753.0,10181.9,447.9,597.5,100.0,
2025-12-23T12:28:45.061386,2.5,18.5,0.02,43.0,daemon,5753.0,10196.8,448.1,597.6,100.0,
2025-12-23T12:29:45.300961,0.8,18.5,0.06,41.0,daemon,5753.0,10214.2,448.3,597.6,100.0,
2025-12-23T12:30:45.533888,1.7,18.5,0.17,40.0,daemon,5753.0,10226.1,448.5,597.7,100.0,
2025-12-23T14:31:02.740350,5.0,18.5,0.40,44.0,daemon,5754.1,10270.8,449.1,598.0,100.0,
2025-12-23T14:32:02.983942,0.8,18.5,0.41,51.0,daemon,5754.1,10341.5,449.3,598.1,100.0,
2025-12-23T14:33:03.220504,0.8,18.5,0.25,37.0,daemon,5754.1,10359.7,449.4,598.2,100.0,
2025-12-23T14:34:03.433165,2.5,18.5,0.16,53.0,daemon,5754.1,10383.5,449.4,598.2,100.0,
2025-12-23T14:35:03.648891,1.7,18.5,0.09,43.0,daemon,5754.1,10399.5,449.5,598.3,100.0,
2025-12-23T14:36:03.889754,0.8,18.5,0.07,40.0,daemon,5754.3,10430.3,449.9,599.0,100.0,
2025-12-23T14:37:04.131209,0.8,18.5,0.08,39.0,daemon,5754.3,10455.9,450.1,599.8,100.0,
2025-12-23T14:38:04.366179,1.7,18.5,0.16,42.0,daemon,5754.3,10471.0,450.1,599.8,100.0,
2025-12-23T14:39:04.602619,0.8,18.5,0.32,38.0,daemon,5754.3,10483.9,450.2,599.9,100.0,
2025-12-23T14:40:04.822440,0.8,18.2,0.17,43.0,daemon,5754.3,10503.3,450.2,599.9,100.0,
2025-12-23T14:41:05.056710,0.8,18.2,0.31,48.0,daemon,5754.3,10525.4,451.0,601.4,100.0,
2025-12-23T14:42:05.300696,5.0,18.2,0.25,45.0,daemon,5754.3,10549.3,451.3,602.8,100.0,
2025-12-23T14:43:05.513627,5.0,19.5,0.33,52.0,daemon,5754.3,10581.7,452.4,604.5,100.0,
2025-12-23T14:44:05.754105,5.7,19.2,1.06,48.0,daemon,5754.5,10709.4,459.1,606.4,100.0,
2025-12-23T14:45:05.984888,2.5,19.2,0.82,44.0,daemon,5754.7,10785.9,459.3,607.1,100.0,
2025-12-23T14:46:06.225505,0.8,19.2,0.58,44.0,daemon,5754.7,10814.0,459.5,607.9,100.0,
2025-12-23T14:47:06.465484,3.3,20.8,0.79,61.0,daemon,5756.8,10918.4,464.2,609.8,100.0,
2025-12-23T14:48:06.676820,4.2,19.5,1.32,48.0,daemon,5757.0,11047.1,466.1,613.5,100.0,
2025-12-23T14:49:06.903480,10.1,19.5,0.83,66.0,daemon,5757.1,11113.0,466.2,613.6,100.0,
2025-12-23T14:50:07.117439,5.8,20.1,0.59,65.0,daemon,5775.2,11362.3,494.1,615.4,100.0,
2025-12-23T14:51:07.331842,0.8,20.5,0.65,62.0,daemon,5775.4,11433.1,494.6,616.2,100.0,
2025-12-23T14:52:07.559212,2.5,20.1,0.51,48.0,daemon,5776.7,11626.0,494.9,617.1,100.0,
2025-12-23T14:53:07.790000,2.5,20.1,0.38,61.0,daemon,5776.9,11734.1,495.5,620.1,100.0,
2025-12-23T14:54:08.000000,0.8,20.8,0.51,61.0,daemon,5828.4,11844.1,500.0,623.0,100.0,
2025-12-23T14:55:08.202851,2.5,20.5,0.59,62.0,daemon,5828.4,11911.4,500.0,623.0,100.0,
2025-12-23T14:56:08.426104,3.3,20.1,0.52,68.0,daemon,5828.4,11938.6,500.2,623.9,100.0,
2025-12-23T14:57:08.638219,3.3,20.1,0.36,68.0,daemon,5828.6,11963.5,501.1,632.3,100.0,
2025-12-23T14:58:08.848504,1.7,20.1,0.40,60.0,daemon,5828.6,11994.3,502.1,636.4,100.0,
2025-12-23T14:59:09.052067,9.1,20.1,0.29,65.0,daemon,5855.6,12015.2,502.2,636.5,100.0,
2025-12-23T15:00:09.277526,0.0,20.1,0.31,41.0,daemon,5855.6,12039.6,502.2,636.5,100.0,
2025-12-23T15:01:09.511319,0.0,20.1,0.18,44.0,daemon,5855.6,12057.0,502.3,636.5,100.0,
2025-12-23T15:02:09.753226,0.0,20.1,0.20,41.0,daemon,5855.6,12076.0,502.4,636.6,100.0,
2025-12-23T15:03:09.973947,0.8,20.1,0.24,53.0,daemon,5855.6,12086.7,502.4,636.6,100.0,
2025-12-23T15:04:10.200739,0.8,20.1,0.19,40.0,daemon,5855.6,12108.9,502.5,636.6,100.0,
2025-12-23T15:05:10.436465,0.8,20.1,0.14,41.0,daemon,5855.6,12129.8,502.6,636.7,100.0,
2025-12-23T15:06:10.660253,0.8,20.1,0.34,55.0,daemon,5855.6,12149.2,502.6,636.7,100.0,
2025-12-23T15:07:10.872852,1.7,20.1,0.22,55.0,daemon,5855.6,12169.1,502.7,636.8,100.0,
2025-12-23T15:08:11.081858,0.8,20.1,0.08,56.0,daemon,5855.6,12188.6,502.7,636.8,100.0,
2025-12-23T15:09:11.296018,0.8,20.1,0.03,48.0,daemon,5855.6,12209.2,502.9,636.8,100.0,
2025-12-23T15:10:11.489182,3.3,21.1,0.23,65.0,daemon,5858.5,12383.4,504.6,638.0,100.0,
2025-12-23T15:11:11.691698,1.6,20.8,0.31,60.0,daemon,5858.6,12541.6,505.8,639.8,100.0,
2025-12-23T15:12:11.913054,1.7,20.8,0.52,41.0,daemon,5858.6,12568.1,505.9,639.8,100.0,
2025-12-23T15:13:12.125219,1.7,20.8,0.19,41.0,daemon,5858.6,12586.7,505.9,639.9,100.0,
2025-12-23T15:14:12.340016,5.8,20.8,0.31,46.0,daemon,5858.6,12607.7,506.0,639.9,100.0,
2025-12-23T15:15:12.563180,0.8,20.8,0.15,55.0,daemon,5858.6,12628.9,506.2,640.8,100.0,
2025-12-23T15:16:12.791388,3.3,20.8,0.41,59.0,daemon,5858.6,12649.2,506.3,641.6,100.0,
2025-12-23T15:17:13.029583,5.0,20.8,0.37,47.0,daemon,5858.6,12672.1,507.4,643.5,100.0,
2025-12-23T15:18:13.261954,1.7,20.1,0.26,45.0,daemon,5858.6,12697.0,507.4,643.6,100.0,
2025-12-23T15:19:13.491523,4.2,20.1,0.14,50.0,daemon,5860.6,12723.8,507.5,643.6,100.0,
2025-12-23T15:20:13.724952,0.8,20.1,0.20,41.0,daemon,5860.6,12744.1,507.6,643.7,100.0,
2025-12-23T15:21:13.922308,32.8,20.8,0.46,81.0,daemon,5915.4,12762.0,515.7,652.9,100.0,
2025-12-23T15:22:14.185027,6.7,21.4,0.39,38.0,daemon,5915.5,12869.3,534.1,653.0,100.0,
2025-12-23T15:23:14.441937,1.7,21.4,0.31,37.0,daemon,5915.5,12957.5,534.2,653.1,100.0,
2025-12-23T15:24:14.718281,2.5,21.4,0.24,33.0,daemon,5915.5,12985.3,534.3,653.2,99.4,
2025-12-23T15:25:14.990979,1.7,21.4,0.30,33.0,daemon,5915.5,13004.9,534.4,653.2,99.3,
2025-12-23T15:26:15.266815,0.8,21.4,0.45,35.0,daemon,5915.5,13029.0,534.5,653.3,99.1,
2025-12-23T15:27:15.545411,0.8,21.1,0.46,34.0,daemon,5915.5,13055.5,534.9,655.0,98.9,
2025-12-23T15:28:15.810395,4.2,21.1,0.22,35.0,daemon,5915.5,13079.5,535.0,655.1,98.7,
2025-12-23T15:29:16.071460,0.0,21.1,0.36,36.0,daemon,5915.5,13095.5,535.5,656.9,98.5,
2025-12-23T15:30:16.352421,1.7,21.1,0.28,33.0,daemon,5915.5,13119.8,535.7,657.0,98.4,
2025-12-23T15:31:16.616636,2.5,21.1,0.78,34.0,daemon,5915.6,13173.2,535.9,657.1,98.2,
2025-12-23T15:32:16.892581,1.7,21.1,1.78,34.0,daemon,5917.2,13209.8,536.2,658.0,98.1,
2025-12-23T15:33:17.171884,0.8,20.8,1.43,35.0,daemon,5917.2,13234.0,536.6,658.9,97.9,
2025-12-23T15:34:17.449043,0.8,20.8,0.78,34.0,daemon,5917.2,13250.5,536.6,659.0,97.8,
2025-12-23T15:35:17.726611,6.7,21.1,0.68,34.0,daemon,5917.2,13269.9,536.8,659.0,97.6,
2025-12-23T15:36:18.005999,0.8,21.4,0.38,33.0,daemon,5917.2,13288.9,537.1,659.1,97.4,
2025-12-23T15:37:18.281041,2.5,21.4,0.31,33.0,daemon,5917.2,13309.3,537.2,659.2,97.3,
2025-12-23T15:38:18.561937,1.7,21.4,0.25,33.0,daemon,5917.2,13326.5,537.5,659.3,97.2,
2025-12-23T15:39:18.839609,0.8,21.4,0.09,33.0,daemon,5917.2,13340.8,537.6,659.3,97.0,
2025-12-23T15:40:19.118456,1.7,21.4,0.03,34.0,daemon,5917.3,13359.3,537.7,659.4,96.9,
2025-12-23T15:41:19.385548,3.3,21.4,0.39,38.0,daemon,5920.0,13415.5,541.7,659.6,96.7,
2025-12-23T15:42:19.647615,1.7,21.8,0.36,37.0,daemon,5920.0,13478.4,541.9,659.7,96.5,
2025-12-23T15:43:19.922706,0.8,21.8,0.34,33.0,daemon,5920.0,13523.3,542.1,659.8,96.3,
2025-12-23T15:44:20.203017,1.7,21.4,0.12,33.0,daemon,5920.0,13549.9,542.2,659.8,96.1,
2025-12-23T15:45:20.468550,0.8,21.4,0.34,34.0,daemon,5920.0,13561.5,542.3,659.9,96.0,
2025-12-23T15:46:20.735629,0.8,21.4,0.12,33.0,daemon,5920.0,13578.6,542.3,660.0,95.8,
2025-12-23T15:47:21.013106,1.7,21.8,0.15,33.0,daemon,5920.0,13594.8,542.5,660.0,95.7,
2025-12-23T15:48:21.290366,0.8,21.4,0.19,34.0,daemon,5920.0,13611.7,542.5,660.1,95.5,
2025-12-23T15:49:21.565552,0.8,21.8,0.20,33.0,daemon,5920.0,13629.0,542.7,660.2,95.4,
2025-12-23T15:50:21.826816,0.8,21.8,0.07,34.0,daemon,5920.0,13644.7,542.8,660.3,95.2,
2025-12-23T15:51:22.090412,8.3,21.8,0.12,36.0,daemon,5920.0,13672.2,542.9,660.4,95.0,
2025-12-23T15:52:22.340577,0.8,21.8,0.50,37.0,daemon,5920.0,13696.3,543.1,661.3,94.8,
2025-12-23T15:53:22.595474,2.5,21.8,0.32,37.0,daemon,5920.0,13750.1,543.5,663.1,94.7,
2025-12-23T15:54:22.885753,5.8,21.8,0.27,35.0,daemon,5920.0,13771.2,543.8,664.0,94.4,
2025-12-23T15:55:23.163235,2.5,21.8,0.51,34.0,daemon,5920.0,13787.2,544.9,668.5,94.2,
2025-12-23T15:56:23.438869,0.8,21.8,0.39,33.0,daemon,5920.0,13814.4,545.1,668.6,94.0,
2025-12-23T15:57:23.714101,1.7,21.8,0.20,33.0,daemon,5920.0,13834.1,545.2,668.7,93.9,
2025-12-23T15:58:23.985712,2.5,21.8,0.07,33.0,daemon,5920.0,13852.8,545.3,668.7,93.7,
2025-12-23T15:59:24.259205,0.8,21.8,0.13,33.0,daemon,5920.0,13866.2,545.5,668.8,93.6,
2025-12-23T16:00:24.545303,0.8,21.8,0.12,33.0,daemon,5920.0,13885.0,545.7,668.9,93.4,
2025-12-23T16:01:24.816383,0.8,21.8,0.33,33.0,daemon,5920.0,13907.0,545.9,669.0,93.3,
2025-12-23T16:02:25.077143,0.8,21.8,0.18,33.0,daemon,5920.0,13939.2,546.0,669.1,93.1,
2025-12-23T16:03:25.344220,0.8,21.8,0.42,33.0,daemon,5920.0,13956.4,546.1,669.1,93.0,
2025-12-23T16:04:25.602245,0.8,21.8,0.15,33.0,daemon,5920.0,13972.0,546.2,669.2,92.8,
2025-12-23T16:05:25.841958,2.4,21.8,0.05,33.0,daemon,5920.0,13987.3,546.3,669.3,92.7,
2025-12-23T16:06:26.093435,1.7,21.8,0.09,34.0,daemon,5925.4,14008.0,546.5,669.3,92.5,
2025-12-23T16:07:26.377318,0.8,21.8,0.17,33.0,daemon,5925.4,14020.8,546.6,669.4,92.4,
2025-12-23T16:08:26.654189,1.7,21.8,0.10,33.0,daemon,5925.4,14039.4,546.7,669.5,92.2,
2025-12-23T16:09:26.931650,2.5,21.8,0.04,33.0,daemon,5925.4,14056.0,546.8,669.5,92.1,
2025-12-23T16:10:27.212196,0.8,21.8,0.13,33.0,daemon,5925.4,14077.3,546.9,669.6,91.9,
2025-12-23T16:11:27.488008,3.3,21.8,0.18,33.0,daemon,5925.4,14100.0,547.1,669.7,91.8,
2025-12-23T16:12:27.759876,0.8,21.8,0.06,33.0,daemon,5925.4,14128.0,547.2,669.8,91.6,
2025-12-23T16:13:28.038566,5.8,21.8,0.17,33.0,daemon,5926.0,14173.2,547.8,669.9,91.4,
2025-12-23T16:14:28.309529,0.8,21.8,0.10,33.0,daemon,5926.1,14197.2,547.9,670.0,91.2,
2025-12-23T16:15:28.583984,1.7,21.8,0.25,33.0,daemon,5926.1,14217.0,547.9,670.0,91.1,
2025-12-23T16:16:28.857825,1.7,21.8,0.21,33.0,daemon,5926.1,14230.5,548.2,670.1,90.9,
2025-12-23T16:17:29.126745,0.8,21.8,0.07,34.0,daemon,5926.1,14254.4,548.4,670.2,90.8,
2025-12-23T16:18:29.402387,0.8,21.8,0.16,33.0,daemon,5926.1,14276.7,548.5,670.3,90.6,
2025-12-23T16:19:29.667097,1.7,21.8,0.06,34.0,daemon,5926.1,14294.1,548.7,670.3,90.5,
2025-12-23T16:20:29.930312,0.8,21.8,0.21,33.0,daemon,5926.1,14311.7,548.8,670.4,90.3,
2025-12-23T16:21:30.214859,1.7,21.8,0.15,33.0,daemon,5926.1,14331.9,549.0,670.5,90.2,
2025-12-23T16:22:30.474814,2.5,21.8,0.05,34.0,daemon,5926.1,14377.0,549.1,670.6,90.0,
2025-12-23T16:23:30.735274,1.7,21.8,0.09,34.0,daemon,5926.1,14408.7,549.2,670.7,89.9,
2025-12-23T16:24:31.001437,0.8,21.8,0.25,33.0,daemon,5926.1,14423.1,549.3,670.7,89.7,
2025-12-23T16:25:31.280398,0.8,21.4,0.45,34.0,daemon,5927.1,14445.2,549.5,670.8,89.6,
2025-12-23T16:26:31.549034,1.7,22.7,0.71,34.0,daemon,5965.5,14569.6,569.4,690.6,89.3,
2025-12-23T16:27:31.830004,1.7,22.7,0.70,34.0,daemon,5965.5,14616.9,569.6,690.8,89.1,
2025-12-23T16:28:32.106908,5.8,22.7,0.80,36.0,daemon,5965.5,14641.4,569.9,692.0,88.9,
2025-12-23T16:29:32.377425,11.9,25.0,1.42,38.0,daemon,5970.6,14777.3,579.2,693.6,88.6,
2025-12-23T16:30:32.640007,5.0,23.7,0.97,37.0,daemon,5970.7,14921.5,580.7,694.9,88.3,
2025-12-23T16:31:32.896446,4.2,23.7,0.69,37.0,daemon,5970.7,14979.2,580.9,695.0,88.1,
2025-12-23T16:32:33.158388,2.5,23.4,0.44,34.0,daemon,5970.7,15005.0,581.0,695.0,87.9,
2025-12-23T16:33:33.438353,2.5,23.7,0.33,34.0,daemon,5970.7,15021.2,581.1,695.1,87.7,
2025-12-23T16:34:33.715307,1.7,23.7,0.31,33.0,daemon,5970.7,15035.9,581.1,695.1,87.5,
2025-12-23T16:35:33.990152,1.7,23.7,0.30,34.0,daemon,5970.7,15051.4,581.2,695.2,87.3,
2025-12-23T16:36:34.270676,2.5,23.4,0.16,34.0,daemon,5970.7,15063.6,581.4,695.3,87.1,
2025-12-23T16:37:34.540909,1.7,23.7,0.25,33.0,daemon,5970.7,15084.6,581.5,695.3,87.0,
2025-12-23T16:38:34.823143,5.0,23.7,0.47,34.0,daemon,5970.7,15099.5,581.6,695.4,86.8,
2025-12-23T16:39:35.095566,3.3,23.7,0.39,34.0,daemon,5970.7,15108.1,581.7,695.4,86.6,
2025-12-23T16:40:35.363506,3.3,23.7,0.45,36.0,daemon,5970.7,15123.6,581.7,695.5,86.4,
2025-12-23T16:41:35.620269,2.5,23.7,0.40,37.0,daemon,5970.7,15140.6,581.8,695.5,86.2,
2025-12-23T16:42:35.883786,1.7,23.7,0.36,35.0,daemon,5970.7,15154.7,581.9,695.7,86.1,
2025-12-23T16:43:36.159014,2.5,23.7,0.20,36.0,daemon,5970.7,15175.8,582.0,695.7,85.9,
2025-12-23T16:44:36.414594,0.0,23.7,0.44,37.0,daemon,5971.1,15221.4,582.4,696.0,85.7,
2025-12-23T16:45:36.691148,1.7,23.7,0.27,36.0,daemon,5971.1,15246.9,582.9,696.0,85.5,
2025-12-23T16:46:36.965596,3.3,23.7,0.20,36.0,daemon,5971.1,15261.7,583.0,696.1,85.3,
2025-12-23T16:47:37.226038,0.8,23.7,0.16,35.0,daemon,5971.1,15275.3,583.0,696.2,85.1,
2025-12-23T16:48:37.482765,1.7,24.0,0.53,38.0,daemon,5971.3,15303.2,583.4,696.4,84.9,
2025-12-23T16:49:37.758417,1.7,24.0,0.48,36.0,daemon,5971.7,15415.2,583.7,696.5,84.7,
2025-12-23T16:50:38.034389,4.1,24.0,0.49,35.0,daemon,5971.7,15453.4,583.8,696.5,84.5,
2025-12-23T16:51:38.296735,5.0,24.0,0.24,36.0,daemon,5971.7,15472.1,583.9,696.6,84.4,
2025-12-23T16:52:38.555791,2.5,24.0,0.15,37.0,daemon,5971.7,15524.1,584.1,696.7,84.2,
2025-12-23T16:53:38.831655,1.7,24.0,0.28,35.0,daemon,5971.7,15535.8,584.2,696.7,84.0,
2025-12-23T16:54:39.111919,2.5,24.0,0.39,35.0,daemon,5971.7,15548.3,584.3,696.8,83.9,
2025-12-23T16:55:39.387611,3.3,24.0,0.22,35.0,daemon,5971.7,15563.2,584.4,696.8,83.7,
2025-12-23T16:56:39.646448,1.7,24.0,0.12,37.0,daemon,5971.7,15575.3,584.4,696.9,83.5,
2025-12-23T16:57:39.925393,10.9,24.0,0.04,36.0,daemon,5971.7,15591.7,584.5,697.0,83.3,
2025-12-23T16:58:40.200538,17.5,24.0,0.17,35.0,daemon,5971.7,15602.8,584.6,697.0,83.2,
2025-12-23T16:59:40.470148,4.1,24.0,0.13,35.0,daemon,5971.8,15620.5,584.7,697.1,83.0,
2025-12-23T17:00:40.756144,2.5,24.0,0.16,36.0,daemon,5971.8,15637.4,584.8,697.1,82.9,
2025-12-23T17:01:41.008980,0.8,24.0,0.26,37.0,daemon,5971.8,15651.6,584.9,697.2,82.7,
2025-12-23T17:02:41.261923,0.8,24.0,0.09,35.0,daemon,5971.8,15675.6,585.0,697.3,82.6,
2025-12-23T17:03:41.533885,1.7,24.0,0.11,38.0,daemon,5971.8,15697.2,585.1,697.3,82.3,
2025-12-23T17:07:25.992691,3.3,24.4,0.97,37.0,daemon,5971.8,15729.2,585.6,697.6,82.1,
2025-12-23T17:08:26.261651,3.3,24.4,0.72,36.0,daemon,5971.8,15776.9,587.8,697.7,81.9,
2025-12-23T17:09:26.510046,5.0,24.4,0.67,37.0,daemon,5971.8,15809.4,588.0,697.8,81.8,
2025-12-23T17:10:26.776659,15.0,24.4,0.24,37.0,daemon,5971.8,15842.2,588.1,697.8,81.6,
2025-12-23T17:11:27.043000,2.5,24.4,0.22,35.0,daemon,5971.8,15869.2,588.3,697.9,81.4,
2025-12-23T17:12:27.320160,0.8,24.4,0.49,35.0,daemon,5971.8,15906.4,588.5,698.0,81.2,
2025-12-23T17:13:27.592304,2.5,24.4,0.66,35.0,daemon,5971.8,15947.9,588.7,698.1,81.0,
2025-12-23T17:14:27.874850,1.7,24.4,0.35,34.0,daemon,5971.8,15971.7,588.8,698.1,80.9,
2025-12-23T17:15:28.148020,1.7,24.4,0.32,34.0,daemon,5971.8,15999.2,588.9,698.2,80.7,
2025-12-23T17:16:28.413023,0.0,24.4,0.12,35.0,daemon,5971.8,16023.9,588.9,698.2,80.5,
2025-12-23T17:17:28.682023,0.8,24.4,0.04,34.0,daemon,5971.8,16039.8,589.0,698.3,80.4,
2025-12-23T17:18:28.961493,0.8,24.4,0.23,33.0,daemon,5971.8,16058.0,589.5,698.4,80.2,
2025-12-23T17:19:29.222018,0.8,24.0,0.15,34.0,daemon,5971.8,16078.9,589.6,698.4,80.0,
2025-12-23T17:20:29.494328,1.7,24.0,0.05,34.0,daemon,5971.8,16096.8,589.7,698.5,79.9,
2025-12-23T17:21:29.762742,1.7,24.0,0.09,33.0,daemon,5971.8,16119.8,589.8,698.5,79.7,
2025-12-23T17:22:30.030366,1.7,24.0,0.20,34.0,daemon,5971.8,16139.8,590.0,698.6,79.5,
2025-12-23T17:23:30.283683,0.8,24.0,0.38,35.0,daemon,5971.8,16167.4,590.0,698.7,79.4,
2025-12-23T17:24:30.543261,0.8,24.4,0.17,34.0,daemon,5971.8,16204.6,590.1,698.7,79.2,
2025-12-23T17:25:30.816102,2.5,24.0,0.11,34.0,daemon,5971.8,16240.3,590.2,698.8,79.1,
2025-12-23T17:26:31.091477,1.7,24.0,0.18,34.0,daemon,5971.8,16259.6,590.3,698.8,78.9,
2025-12-23T17:27:31.362689,1.7,24.0,0.16,35.0,daemon,5971.8,16279.6,590.4,698.9,78.8,
2025-12-23T17:28:31.627536,1.7,24.0,0.15,35.0,daemon,5971.8,16299.4,590.5,699.0,78.6,
2025-12-23T17:29:31.901913,1.7,24.0,0.33,35.0,daemon,5971.8,16323.0,590.6,699.0,78.4,
2025-12-23T17:30:32.157810,1.7,24.0,0.17,37.0,daemon,5971.8,16341.7,590.7,699.1,78.2,
2025-12-23T17:31:32.411257,2.5,24.0,0.21,37.0,daemon,5971.8,16362.5,590.8,699.1,78.1,
2025-12-23T17:32:32.664267,1.7,24.0,0.10,37.0,daemon,5971.9,16388.6,591.9,699.2,77.9,
2025-12-23T17:33:32.920304,1.7,24.0,0.07,36.0,daemon,5971.9,16411.8,592.0,699.3,77.8,
2025-12-23T17:34:33.192977,1.7,24.0,0.11,35.0,daemon,5971.9,16432.7,592.1,699.4,77.6,
2025-12-23T17:35:33.465486,0.8,24.0,0.12,35.0,daemon,5971.9,16459.6,592.2,699.4,77.4,
2025-12-23T17:36:33.723422,1.7,24.0,0.04,35.0,daemon,5971.9,16473.1,592.2,699.5,77.2,
2025-12-23T17:37:33.992668,1.7,24.0,0.11,37.0,daemon,5971.9,16492.1,592.3,699.5,77.1,
2025-12-23T17:38:34.250729,0.8,24.0,0.23,35.0,daemon,5971.9,16508.8,592.5,699.6,76.9,
2025-12-23T17:39:34.511700,0.8,24.0,0.08,36.0,daemon,5971.9,16530.0,592.6,699.6,76.8,
2025-12-23T17:40:34.770566,0.8,24.0,0.26,37.0,daemon,5972.0,16558.3,592.7,699.7,76.6,
2025-12-23T17:41:35.022558,1.7,24.0,0.22,37.0,daemon,5972.0,16582.7,592.8,699.7,76.4,
2025-12-23T17:42:35.283275,0.8,24.0,0.13,34.0,daemon,5972.0,16602.9,592.9,699.8,76.2,
2025-12-23T17:43:35.557379,2.5,24.0,0.55,34.0,daemon,5972.0,16622.9,593.0,699.9,76.1,
2025-12-23T17:44:35.835015,0.8,24.0,0.46,35.0,daemon,5972.0,16633.7,593.1,699.9,75.9,
2025-12-23T17:45:36.111010,1.7,24.0,0.17,35.0,daemon,5972.0,16653.2,593.2,700.0,75.8,
2025-12-23T17:46:36.384822,2.5,24.0,0.09,34.0,daemon,5972.0,16677.4,593.3,700.0,75.6,
2025-12-23T17:47:36.654913,0.8,24.0,0.22,35.0,daemon,5972.0,16695.4,593.5,700.1,75.5,
2025-12-23T18:41:37.921772,9.2,24.4,0.73,31.0,daemon,5972.0,16814.1,615.7,721.1,74.2,
2025-12-23T18:42:38.190547,4.1,21.4,0.99,32.0,daemon,5972.1,16965.1,623.3,721.3,74.0,
2025-12-23T18:43:38.473226,4.2,19.2,1.24,33.0,daemon,5972.1,17057.1,623.7,721.5,73.8,
2025-12-23T18:44:38.756729,2.5,19.5,0.69,33.0,daemon,5972.5,17235.7,623.8,721.6,73.6,
2025-12-23T18:45:39.043520,2.5,19.2,0.63,33.0,daemon,5972.5,17263.1,623.9,721.6,73.4,
2025-12-23T18:46:39.315801,0.0,19.5,0.45,34.0,daemon,5972.5,17282.9,624.0,721.7,73.2,
2025-12-23T18:47:39.574042,4.2,19.2,0.53,38.0,daemon,5972.5,17336.9,624.1,721.7,73.0,
2025-12-23T18:48:39.828008,1.7,19.2,0.26,37.0,daemon,5972.7,17380.3,624.2,721.8,72.9,
2025-12-23T18:49:40.095416,0.8,19.2,0.14,34.0,daemon,5972.9,17416.5,624.3,721.8,72.7,
2025-12-23T18:50:40.350563,0.8,19.5,0.16,37.0,daemon,5973.1,17511.8,624.5,721.9,72.6,
2025-12-23T18:51:40.606759,1.7,19.5,0.12,37.0,daemon,5973.1,17593.6,624.6,722.0,72.4,
2025-12-23T18:52:40.893050,0.0,19.5,0.36,34.0,daemon,5973.1,17620.7,624.7,722.0,72.2,
2025-12-23T18:53:41.159007,1.7,19.2,0.21,36.0,daemon,5973.1,17632.9,624.8,722.0,72.0,
2025-12-23T18:54:41.422208,3.3,19.5,0.23,34.0,daemon,5973.1,17649.7,624.9,722.1,71.9,
2025-12-23T18:55:41.689160,0.8,19.5,0.35,35.0,daemon,5973.1,17668.4,625.1,722.1,71.7,
2025-12-23T18:56:41.956067,1.7,19.5,0.16,35.0,daemon,5973.1,17687.7,625.2,722.2,71.6,
2025-12-23T18:57:42.211499,6.7,19.5,0.33,37.0,daemon,5973.1,17705.4,625.3,722.2,71.4,
2025-12-23T18:58:42.491141,1.7,19.5,1.06,35.0,daemon,5973.1,17730.2,625.4,722.3,71.2,
2025-12-23T18:59:42.739627,3.3,19.5,0.46,36.0,daemon,5973.1,17763.0,625.5,722.4,71.1,
2025-12-23T19:00:43.003725,1.7,19.5,0.21,35.0,daemon,5973.1,17809.0,625.8,726.1,70.9,
2025-12-23T19:01:43.267626,2.5,19.5,0.19,33.0,daemon,5973.1,17824.6,625.9,726.2,70.8,
2025-12-23T19:02:43.526883,5.1,19.2,0.18,37.0,daemon,5973.1,17844.6,628.0,726.2,70.6,
2025-12-23T19:03:43.808906,9.2,17.9,0.30,36.0,daemon,5973.2,17947.9,628.4,726.4,70.4,
2025-12-23T19:04:44.081842,5.0,17.9,0.21,36.0,daemon,5973.5,18031.5,630.4,726.6,70.1,
2025-12-23T19:05:44.333980,10.8,18.5,0.46,38.0,daemon,5973.5,18089.0,631.6,726.7,69.9,
2025-12-23T19:06:44.594710,2.5,18.2,0.28,37.0,daemon,5973.5,18109.2,631.7,726.7,69.7,
2025-12-23T19:07:44.870682,3.4,19.8,0.51,37.0,daemon,5973.5,18133.9,653.0,758.4,69.5,
2025-12-23T19:08:45.145282,0.0,19.5,0.66,35.0,daemon,5973.5,18297.3,653.6,758.6,69.2,
2025-12-23T19:09:45.399585,5.8,18.5,0.44,36.0,daemon,5973.5,18354.9,654.0,764.2,69.0,
2025-12-23T19:10:45.657682,3.4,18.5,0.57,38.0,daemon,5973.6,18391.2,654.6,770.0,68.7,
2025-12-23T19:11:45.912697,0.8,17.5,0.34,35.0,daemon,5973.6,18439.5,655.3,771.9,68.5,
2025-12-23T19:12:46.168982,3.3,18.2,0.33,35.0,daemon,5973.6,18470.6,656.4,778.4,68.3,
2025-12-23T19:13:46.450504,2.5,17.5,0.38,35.0,daemon,5973.6,18499.8,659.2,781.1,68.1,
2025-12-23T19:14:46.715867,8.3,18.2,0.34,35.0,daemon,6013.8,18527.8,659.8,781.7,67.9,
2025-12-23T19:15:46.992496,4.1,17.9,1.14,34.0,daemon,6013.8,18581.5,660.5,782.3,67.7,
2025-12-23T19:16:47.277443,1.7,17.9,1.21,35.0,daemon,6013.8,18644.8,660.6,782.3,67.5,
2025-12-23T19:17:47.562792,5.0,17.9,0.89,34.0,daemon,6013.8,18698.4,660.8,784.3,67.3,
2025-12-23T19:18:47.840120,13.2,17.9,0.45,37.0,daemon,6254.2,18819.9,660.9,784.3,67.1,
2025-12-23T19:19:48.097094,11.8,18.8,0.47,39.0,daemon,6254.8,18927.1,661.6,784.6,66.9,
2025-12-23T19:20:48.383901,0.0,18.8,0.71,35.0,daemon,6254.9,18958.6,661.9,784.7,66.6,
2025-12-23T19:21:48.656913,0.0,18.8,0.35,33.0,daemon,6254.9,18993.7,662.0,784.7,66.4,
2025-12-23T19:22:48.911699,5.1,18.8,0.16,37.0,daemon,6254.9,19016.3,662.2,784.8,66.2,
2025-12-23T19:23:49.157750,1.7,18.8,0.43,34.0,daemon,6254.9,19038.2,662.3,784.8,66.0,
2025-12-23T19:24:49.435082,2.5,18.8,0.49,34.0,daemon,6254.9,19057.9,662.5,788.6,65.9,
2025-12-23T19:25:49.698980,2.5,19.5,1.00,37.0,daemon,6255.1,19113.4,665.9,800.7,65.6,
2025-12-23T19:26:49.933431,3.3,18.8,0.89,37.0,daemon,6255.1,19232.0,666.8,804.8,65.3,
2025-12-23T19:27:50.191124,12.6,18.8,0.82,37.0,daemon,6255.1,19257.4,666.9,804.9,65.1,
2025-12-23T19:28:50.464819,5.0,18.8,0.80,34.0,daemon,6255.1,19282.1,667.1,806.9,64.9,
2025-12-23T19:29:50.743285,5.0,18.8,0.45,34.0,daemon,6255.1,19295.5,668.1,807.1,64.7,
2025-12-23T19:30:51.025891,0.8,18.8,0.44,35.0,daemon,6255.1,19320.3,668.8,809.6,64.5,
2025-12-23T19:31:51.305730,0.8,18.8,0.16,33.0,daemon,6255.1,19342.3,668.9,809.6,64.3,
2025-12-23T19:32:51.582312,1.7,18.8,0.13,33.0,daemon,6255.2,19366.4,669.1,809.7,64.1,
2025-12-23T19:33:51.860992,0.8,18.8,0.09,32.0,daemon,6255.2,19382.8,669.2,809.7,64.0,
2025-12-23T19:34:52.140865,0.0,18.8,0.17,33.0,daemon,6255.2,19398.4,669.4,811.7,63.8,
2025-12-23T19:35:52.423230,5.0,18.8,0.18,34.0,daemon,6255.2,19413.5,669.5,813.7,63.6,
2025-12-23T19:36:52.689577,4.9,18.8,0.19,35.0,daemon,6255.2,19432.8,669.8,819.7,63.4,
2025-12-23T19:37:52.951703,0.0,18.8,0.20,35.0,daemon,6255.2,19451.9,670.4,821.8,63.2,
2025-12-23T19:38:53.231739,0.0,18.8,0.13,32.0,daemon,6255.2,19473.6,670.4,821.9,63.1,
2025-12-23T19:39:53.510639,0.0,18.8,0.21,32.0,daemon,6255.2,19483.1,670.4,821.9,63.0,
2025-12-23T19:40:53.789463,0.0,18.8,0.12,32.0,daemon,6255.2,19497.2,670.6,821.9,62.8,
2025-12-23T19:41:54.062456,0.8,18.8,0.13,33.0,daemon,6255.2,19519.0,670.7,822.0,62.7,
2025-12-23T19:42:54.333249,0.8,18.8,0.04,32.0,daemon,6255.2,19539.1,670.9,822.0,62.6,
2025-12-23T19:43:54.589614,0.0,18.8,0.01,35.0,daemon,6255.2,19555.5,671.0,822.2,62.5,
2025-12-23T19:44:54.848992,0.8,18.8,0.14,35.0,daemon,6255.2,19592.0,671.3,822.3,62.2,
2025-12-23T19:45:55.100960,0.0,18.8,0.22,38.0,daemon,6255.2,19620.5,672.5,822.8,62.0,
2025-12-23T19:46:55.355861,0.0,19.2,0.69,36.0,daemon,6255.2,19711.1,705.5,844.0,61.8,
2025-12-23T19:47:55.614820,2.5,19.2,0.95,36.0,daemon,6255.4,19867.3,710.9,845.8,61.6,
2025-12-23T19:48:55.898239,5.0,19.2,0.61,35.0,daemon,6255.5,19965.9,711.9,851.9,61.3,
2025-12-23T19:49:56.185026,10.9,18.8,0.46,37.0,daemon,6255.5,19988.9,713.0,856.3,61.1,
2025-12-23T19:50:56.451285,13.4,18.8,0.51,37.0,daemon,6255.5,20008.7,713.9,864.5,60.9,
2025-12-23T19:51:56.724193,0.8,18.8,0.57,35.0,daemon,6255.5,20028.9,714.1,866.6,60.7,
2025-12-23T19:52:56.996733,4.1,18.8,0.36,37.0,daemon,6255.5,20052.5,714.8,880.9,60.5,
2025-12-23T19:53:57.260529,4.1,18.8,0.39,37.0,daemon,6255.5,20069.7,716.0,891.4,60.2,
2025-12-23T19:54:57.540676,5.0,18.8,0.21,35.0,daemon,6255.5,20094.8,717.0,902.0,60.0,
2025-12-23T19:55:57.806583,3.3,18.8,0.29,37.0,daemon,6255.5,20118.2,718.1,914.6,59.7,
2025-12-23T19:56:58.086573,2.5,18.8,0.18,33.0,daemon,6255.5,20138.6,718.2,914.7,59.6,
2025-12-23T19:57:58.366120,0.8,18.8,0.18,32.0,daemon,6255.5,20157.6,718.3,914.7,59.5,
2025-12-23T19:58:58.633783,0.0,18.8,0.36,32.0,daemon,6255.5,20188.1,718.3,914.8,59.3,
2025-12-23T19:59:58.915670,0.0,18.8,0.20,33.0,daemon,6255.5,20207.4,718.4,914.8,59.2,
2025-12-23T20:00:59.194890,0.0,18.5,0.13,33.0,daemon,6255.5,20222.7,718.5,914.9,59.1,
2025-12-23T20:01:59.471842,0.0,18.5,0.08,33.0,daemon,6255.5,20231.8,718.6,914.9,58.9,
2025-12-23T20:02:59.752557,0.8,18.5,0.06,33.0,daemon,6255.5,20250.1,718.7,915.0,58.8,
2025-12-23T20:04:00.022429,0.8,18.5,0.11,35.0,daemon,6255.5,20272.0,718.7,915.0,58.6,
2025-12-23T20:05:00.302332,0.0,18.8,0.17,34.0,daemon,6255.5,20290.2,718.9,917.1,58.4,
2025-12-23T20:06:00.579099,3.3,18.8,0.22,34.0,daemon,6255.5,20313.3,719.1,919.3,58.2,
2025-12-23T20:07:00.833840,1.7,18.8,0.25,36.0,daemon,6255.5,20348.1,719.3,919.3,58.1,
2025-12-23T20:08:01.090725,0.8,18.5,0.41,37.0,daemon,6255.5,20368.4,719.4,919.4,57.9,
2025-12-23T20:09:01.351054,4.2,18.8,0.42,38.0,daemon,6255.5,20395.4,719.6,923.6,57.7,
2025-12-23T20:10:01.612940,4.1,19.5,1.15,38.0,daemon,6258.1,20525.9,722.9,930.2,57.4,
2025-12-23T20:11:01.894548,3.3,19.5,0.80,36.0,daemon,6258.1,20598.1,723.8,936.8,57.1,
2025-12-23T20:12:02.111085,3.3,19.8,0.43,62.0,daemon,6258.3,20669.9,724.9,949.8,58.2,
2025-12-23T20:13:02.316361,5.0,19.8,0.53,73.0,daemon,6258.3,20683.4,726.0,960.9,59.7,
2025-12-23T20:14:02.555078,4.1,20.1,0.51,60.0,daemon,6258.3,20711.8,727.1,969.6,61.3,
2025-12-23T20:15:02.770156,5.0,19.8,0.22,62.0,daemon,6258.3,20737.0,728.2,987.1,62.9,
2025-12-23T20:16:02.993856,2.5,19.8,0.45,61.0,daemon,6258.3,20758.2,729.1,994.1,64.5,
2025-12-23T20:17:03.234222,5.0,19.5,0.46,47.0,daemon,6258.4,20798.4,730.0,1007.5,66.1,
2025-12-23T20:18:03.453650,2.5,19.5,0.24,47.0,daemon,6258.4,20832.9,731.1,1025.4,67.6,
2025-12-23T20:19:03.669113,2.5,19.8,0.26,61.0,daemon,6258.4,20859.8,732.6,1046.1,69.2,
2025-12-23T20:20:03.896867,0.0,19.5,0.23,44.0,daemon,6258.4,20885.3,733.0,1052.5,70.7,
2025-12-23T20:21:04.133247,1.7,19.5,0.08,40.0,daemon,6258.4,20903.0,733.1,1052.6,72.2,
2025-12-23T20:22:04.375681,0.0,19.5,0.19,39.0,daemon,6258.4,20913.1,733.1,1052.6,73.6,
2025-12-23T20:23:04.611618,0.0,19.5,0.11,41.0,daemon,6258.4,20936.3,733.2,1052.6,75.0,
2025-12-23T20:24:04.854544,0.0,19.5,0.14,40.0,daemon,6258.4,20956.9,733.3,1052.7,76.3,
2025-12-23T20:25:05.093952,0.0,19.5,0.08,41.0,daemon,6258.4,20977.0,733.3,1052.7,77.6,
2025-12-23T20:26:05.337002,0.8,19.5,0.09,40.0,daemon,6258.4,20995.1,733.4,1052.7,78.8,
2025-12-23T20:27:05.574168,0.0,19.5,0.07,40.0,daemon,6258.4,21010.6,733.5,1052.8,80.0,
2025-12-23T20:28:05.782638,0.0,19.5,0.08,55.0,daemon,6258.4,21029.2,733.5,1052.8,81.0,
2025-12-23T20:29:05.989326,0.0,19.5,0.10,56.0,daemon,6258.4,21046.9,733.6,1052.9,82.0,
2025-12-23T20:30:06.205513,1.7,19.5,0.03,51.0,daemon,6258.4,21070.2,733.7,1052.9,83.0,
2025-12-23T20:31:06.440051,0.0,19.5,0.23,43.0,daemon,6258.4,21098.1,734.6,1068.8,83.9,
2025-12-23T20:32:06.669953,6.6,19.5,0.24,48.0,daemon,6258.4,21121.8,734.6,1068.9,84.8,
2025-12-23T20:33:06.894461,1.7,19.5,0.15,44.0,daemon,6258.4,21146.1,734.9,1069.2,85.6,
2025-12-23T20:34:07.106954,9.2,19.8,0.16,50.0,daemon,6258.4,21182.7,735.2,1076.1,86.4,
2025-12-23T20:35:07.349408,3.3,19.5,0.43,47.0,daemon,6258.4,21214.5,735.4,1078.4,87.1,
2025-12-23T20:36:07.579982,3.3,19.5,0.55,44.0,daemon,6258.4,21235.5,735.5,1078.4,87.9,
2025-12-23T20:37:07.791560,5.0,19.8,0.26,62.0,daemon,6258.6,21258.7,735.6,1078.5,88.5,
2025-12-23T20:38:07.994554,1.7,19.5,0.46,62.0,daemon,6258.6,21281.3,735.7,1078.5,89.1,
2025-12-23T20:39:08.202201,0.0,19.8,0.37,51.0,daemon,6258.6,21314.7,735.9,1078.6,89.8,
2025-12-23T20:40:08.408177,0.0,19.8,0.25,57.0,daemon,6258.6,21334.0,736.2,1080.9,90.3,
2025-12-23T20:41:08.621771,0.0,19.8,0.25,60.0,daemon,6258.6,21359.8,737.1,1097.0,90.9,
2025-12-23T20:42:08.855639,1.7,19.2,0.25,45.0,daemon,6258.6,21383.4,737.2,1097.0,91.4,
2025-12-23T20:43:09.087170,1.7,19.2,0.52,59.0,daemon,6258.6,21408.2,737.3,1097.1,91.9,
2025-12-23T20:44:09.299236,30.8,19.5,0.96,94.0,daemon,6259.1,21521.9,739.2,1099.0,92.3,
2025-12-23T20:45:09.531987,9.2,19.2,0.47,60.0,daemon,6259.3,21679.0,739.7,1099.1,92.8,
2025-12-23T20:46:09.749901,1.6,19.5,0.27,47.0,daemon,6259.6,21741.5,740.0,1099.6,93.2,
2025-12-23T20:47:09.970269,3.3,19.8,0.20,61.0,daemon,6259.6,21765.4,740.6,1101.3,93.6,
2025-12-23T20:48:10.180942,4.2,19.8,0.15,62.0,daemon,6259.6,21810.6,740.9,1101.8,94.0,
2025-12-23T20:49:10.387163,5.8,19.8,0.49,66.0,daemon,6259.6,21844.3,741.8,1103.8,94.3,
2025-12-23T20:50:10.596291,1.7,20.1,0.59,64.0,daemon,6264.4,21875.6,743.2,1106.1,94.7,
2025-12-23T20:51:10.816328,0.8,19.8,0.28,48.0,daemon,6264.4,21956.8,743.3,1106.1,95.0,
2025-12-23T20:52:11.028811,2.5,19.8,0.37,61.0,daemon,6264.4,21972.9,743.3,1106.2,95.3,
2025-12-23T20:53:11.245563,1.6,19.5,0.24,60.0,daemon,6264.4,21984.5,743.3,1106.2,95.7,
2025-12-23T20:54:11.472412,4.2,19.5,0.40,62.0,daemon,6264.4,21995.5,743.4,1106.2,95.9,
2025-12-23T20:55:11.696699,5.0,19.2,0.31,45.0,daemon,6264.4,22011.7,743.4,1106.2,96.2,
2025-12-23T20:56:11.915396,5.0,19.2,0.49,47.0,daemon,6264.4,22025.1,743.4,1106.2,96.4,
2025-12-23T20:57:12.147846,1.7,19.2,0.40,44.0,daemon,6264.4,22031.2,743.5,1106.3,96.7,
2025-12-23T20:58:12.371753,4.2,19.2,0.33,62.0,daemon,6264.4,22052.4,744.1,1117.7,97.0,
2025-12-23T20:59:12.580145,3.4,19.5,0.44,68.0,daemon,6264.4,22077.6,756.4,1119.8,97.2,
2025-12-23T21:00:12.825048,0.8,19.5,0.67,47.0,daemon,6264.5,22213.1,762.4,1123.6,97.4,
2025-12-23T21:01:13.059953,0.0,19.5,0.28,48.0,daemon,6264.5,22237.4,762.6,1125.9,97.6,
2025-12-23T21:02:13.298093,0.8,19.5,0.48,47.0,daemon,6264.5,22261.3,763.2,1129.2,97.8,
2025-12-23T21:03:13.531848,2.5,19.5,0.43,45.0,daemon,6264.5,22281.9,763.6,1136.2,98.0,
2025-12-23T21:04:13.770549,1.7,19.5,0.32,47.0,daemon,6264.5,22303.5,763.9,1138.5,98.2,
2025-12-23T21:05:13.998652,0.8,19.2,0.39,55.0,daemon,6264.9,22319.2,764.4,1147.8,98.3,
2025-12-23T21:06:14.212180,4.2,19.2,0.36,60.0,daemon,6264.9,22346.6,764.6,1150.1,98.5,
2025-12-23T21:07:14.433046,4.2,19.2,0.39,59.0,daemon,6264.9,22378.1,764.8,1152.4,98.7,
2025-12-23T21:08:14.641901,5.0,19.5,0.65,61.0,daemon,6264.9,22414.0,765.3,1157.1,98.8,
2025-12-23T21:09:14.877832,1.7,19.5,0.56,43.0,daemon,6265.1,22454.5,765.4,1157.2,99.0,
2025-12-23T21:10:15.127054,3.3,19.5,0.23,40.0,daemon,6265.1,22469.9,765.6,1157.8,99.1,
2025-12-23T21:11:15.346819,5.7,19.5,0.20,56.0,daemon,6265.1,22486.8,766.0,1159.0,99.2,
2025-12-23T21:12:15.548527,9.2,19.8,0.56,68.0,daemon,6265.1,22514.2,766.4,1161.1,99.4,
2025-12-23T21:13:15.763636,0.8,19.8,0.41,61.0,daemon,6265.2,22577.5,767.7,1164.1,99.4,
2025-12-23T21:14:15.973660,25.2,23.1,0.95,90.0,daemon,6265.2,22647.8,862.2,1258.2,99.4,
2025-12-23T21:15:16.181848,14.0,20.5,0.94,75.0,daemon,6265.3,22848.0,956.1,1335.0,99.4,
2025-12-23T21:16:16.403876,4.2,19.8,0.90,46.0,daemon,6265.3,23011.0,961.4,1336.7,99.4,
2025-12-23T21:17:16.631894,2.5,19.8,0.44,44.0,daemon,6265.3,23065.1,961.4,1336.7,99.4,
2025-12-23T21:18:16.871380,3.4,19.5,0.26,64.0,daemon,6265.3,23090.5,961.6,1339.1,99.4,
2025-12-23T21:19:17.087241,8.3,19.5,0.30,51.0,daemon,6265.3,23102.7,962.1,1340.1,100.0,
2025-12-23T21:20:17.320345,5.0,19.8,0.79,53.0,daemon,6265.3,23128.7,963.5,1345.3,100.0,
2025-12-23T21:21:17.555770,3.4,20.1,0.90,53.0,daemon,6265.3,23164.5,965.6,1351.2,100.0,
2025-12-23T21:22:17.789686,0.0,19.5,0.52,44.0,daemon,6265.3,23201.1,965.9,1354.0,100.0,
2025-12-23T21:23:17.993221,2.5,20.1,0.42,44.0,daemon,6265.3,23222.0,967.0,1355.1,100.0,
2025-12-23T21:24:18.209159,2.5,19.5,0.34,46.0,daemon,6265.3,23242.1,968.3,1356.6,100.0,
2025-12-23T21:25:18.438989,0.0,19.8,0.25,57.0,daemon,6265.3,23263.4,968.5,1356.7,100.0,
2025-12-23T21:26:18.622003,2.5,19.8,0.09,65.0,daemon,6265.7,23284.0,968.7,1356.8,100.0,
2025-12-23T21:27:18.846744,0.0,18.5,0.29,59.0,daemon,6265.7,23335.1,968.9,1356.8,100.0,
2025-12-23T21:28:19.130911,4.1,19.2,0.39,35.0,daemon,6265.7,23353.5,969.7,1373.1,100.0,
2025-12-23T21:29:19.405777,1.7,18.8,0.28,32.0,daemon,6265.7,23399.0,970.0,1375.5,100.0,
2025-12-23T21:30:19.686116,0.0,18.8,0.49,32.0,daemon,6265.7,23419.3,970.1,1375.6,100.0,
2025-12-23T21:31:19.946340,2.5,19.2,0.25,38.0,daemon,6265.7,23455.9,970.8,1385.1,99.3,
2025-12-23T21:32:20.206440,1.7,19.2,0.68,37.0,daemon,6265.7,23519.4,972.8,1393.4,99.1,
2025-12-23T21:33:20.473032,3.4,18.5,0.39,35.0,daemon,6265.7,23538.8,973.9,1398.9,98.9,
2025-12-23T21:34:20.733370,0.8,18.8,0.21,35.0,daemon,6265.7,23586.7,974.8,1399.1,98.7,
2025-12-23T21:35:21.012051,0.0,18.5,0.10,35.0,daemon,6265.8,23628.4,975.5,1399.3,98.4,
2025-12-23T21:36:21.267275,3.3,18.5,0.30,38.0,daemon,6265.8,23661.3,976.9,1400.1,98.2,
2025-12-23T21:37:21.515740,8.3,18.5,0.60,40.0,daemon,6265.8,23700.7,977.8,1400.6,97.9,
2025-12-23T21:38:21.787176,0.8,18.5,0.22,35.0,daemon,6265.8,23737.1,978.6,1400.7,97.8,
2025-12-23T21:39:22.060589,0.0,18.5,0.13,34.0,daemon,6265.8,23752.3,978.6,1400.7,97.7,
2025-12-23T21:40:22.348156,1.7,18.5,0.05,37.0,daemon,6265.8,23761.4,978.8,1400.8,97.5,
2025-12-24T01:53:00.769359,8.3,20.1,0.77,32.0,daemon,6369.2,24613.4,993.4,1401.3,94.5,
2025-12-24T01:54:01.049542,0.0,19.8,0.91,31.0,daemon,6369.6,24721.9,993.5,1401.4,94.3,
2025-12-24T01:55:01.315922,0.0,19.8,0.49,31.0,daemon,6369.6,24744.6,993.6,1401.4,94.1,
2025-12-24T01:56:01.584883,2.4,19.8,0.18,31.0,daemon,6369.6,24759.6,993.6,1401.4,94.0,
2025-12-24T01:57:01.852447,0.0,19.8,0.51,31.0,daemon,6369.6,24782.3,994.1,1401.5,93.9,
2025-12-24T01:58:02.118117,0.0,18.8,0.19,32.0,daemon,6369.6,24801.8,995.2,1422.9,93.8,
2025-12-24T01:59:02.396450,1.7,18.8,0.31,30.0,daemon,6369.6,24835.6,995.3,1422.9,93.6,
2025-12-24T02:00:02.692821,0.0,18.8,0.36,31.0,daemon,6369.6,24869.1,995.5,1425.3,93.5,
2025-12-24T02:01:02.986595,0.0,18.8,0.19,31.0,daemon,6369.6,24889.6,995.6,1425.4,93.4,
2025-12-24T02:02:03.251727,1.7,18.8,0.07,33.0,daemon,6369.6,24944.0,995.7,1425.4,93.2,
2025-12-24T02:03:03.537164,0.0,18.5,0.08,31.0,daemon,6369.6,25029.3,995.7,1425.5,93.1,
2025-12-24T02:04:03.820654,0.0,18.5,0.17,31.0,daemon,6369.6,25049.0,995.7,1425.5,93.0,
2025-12-24T02:05:04.106138,0.8,18.5,0.06,31.0,daemon,6369.6,25062.0,995.8,1425.5,92.9,
2025-12-24T02:06:04.397074,0.0,18.5,0.05,31.0,daemon,6369.6,25076.6,995.8,1425.6,92.8,
2025-12-24T02:07:04.668333,0.0,18.5,0.11,30.0,daemon,6369.6,25092.9,995.9,1425.6,92.7,
2025-12-24T02:08:04.954980,11.7,18.5,0.04,31.0,daemon,6369.6,25107.7,995.9,1425.6,92.6,
2025-12-24T02:09:05.208117,9.1,18.5,0.15,35.0,daemon,6369.6,25124.3,996.0,1425.7,92.4,
2025-12-24T02:10:05.454559,2.5,18.5,0.05,33.0,daemon,6369.6,25137.4,996.0,1425.7,92.3,
2025-12-24T02:11:05.709919,0.0,18.5,0.02,34.0,daemon,6369.6,25154.6,996.1,1425.7,92.2,
2025-12-24T02:12:05.977473,1.7,18.5,0.17,32.0,daemon,6369.6,25171.3,996.2,1425.8,92.1,
2025-12-24T02:13:06.257938,0.0,18.5,0.06,31.0,daemon,6369.6,25188.8,996.3,1425.8,92.0,
2025-12-24T02:14:06.552141,0.0,18.5,0.19,31.0,daemon,6369.6,25198.8,996.4,1425.9,91.9,
2025-12-24T02:26:25.356420,8.3,18.8,0.07,30.0,daemon,6369.6,25233.6,996.5,1426.0,91.6,
2025-12-24T02:27:25.660329,0.0,18.5,0.12,28.0,daemon,6369.6,25279.7,996.9,1426.2,91.5,
2025-12-24T02:28:25.963257,0.0,18.5,0.13,28.0,daemon,6369.6,25297.3,997.0,1426.2,91.4,
2025-12-24T02:29:26.262994,0.0,18.5,0.10,28.0,daemon,6369.6,25324.1,997.1,1426.3,91.3,
2025-12-24T02:30:26.562759,0.8,18.5,0.04,28.0,daemon,6369.6,25334.6,997.1,1426.3,91.3,
2025-12-24T02:31:26.866377,0.8,18.5,0.01,28.0,daemon,6369.6,25347.6,997.2,1426.3,91.2,
2025-12-24T02:32:27.176759,1.7,18.5,0.00,28.0,daemon,6369.6,25365.9,997.2,1426.4,91.1,
2025-12-24T02:33:27.487640,0.0,18.5,0.09,28.0,daemon,6369.6,25381.2,997.2,1426.4,91.1,
2025-12-24T02:34:27.774562,1.6,18.5,0.09,28.0,daemon,6369.6,25396.0,997.3,1426.4,91.0,
2025-12-24T02:35:28.053636,0.0,18.5,0.03,29.0,daemon,6369.6,25408.2,997.4,1426.4,90.9,
2025-12-24T02:36:28.347384,0.0,18.5,0.01,29.0,daemon,6369.6,25430.7,997.7,1426.5,90.9,
2025-12-24T02:37:28.655964,1.7,18.5,0.13,28.0,daemon,6369.6,25456.7,997.8,1426.5,90.8,
2025-12-24T02:38:28.954592,1.6,18.5,0.04,30.0,daemon,6369.6,25470.7,997.8,1426.6,90.7,
2025-12-24T02:39:29.236484,0.8,18.5,0.01,30.0,daemon,6369.6,25480.2,997.8,1426.6,90.6,
2025-12-24T02:40:29.514872,0.0,18.5,0.00,29.0,daemon,6369.6,25517.8,997.9,1426.6,90.6,
2025-12-24T04:02:36.832927,10.7,18.8,0.00,26.0,daemon,6369.6,25557.3,998.3,1426.9,89.6,
2025-12-24T04:03:37.110841,0.0,18.8,0.06,28.0,daemon,6369.7,25636.2,998.9,1427.0,89.4,
2025-12-24T04:04:37.380932,0.0,18.5,0.10,30.0,daemon,6369.7,25657.1,999.0,1427.1,89.3,
2025-12-24T04:05:37.672281,9.2,18.5,0.10,30.0,daemon,6369.7,25678.0,999.1,1427.1,89.2,
2025-12-24T04:06:37.950955,2.5,18.5,0.20,31.0,daemon,6369.7,25703.4,999.5,1427.3,89.0,
2025-12-24T04:07:13.825352,6.8,18.8,0.84,35.0,refresh,6369.9,25732.6,999.6,1427.4,88.8,
2025-12-24T04:07:14.029242,11.8,18.8,0.84,35.0,refresh,6369.9,25732.6,999.8,1427.5,88.8,
2025-12-24T04:07:38.226340,0.0,18.5,0.82,34.0,daemon,6370.3,25747.5,1012.9,1427.7,88.7,
2025-12-24T04:08:38.508950,0.8,18.2,0.39,33.0,daemon,6370.3,25829.4,1013.0,1427.7,88.6,
2025-12-24T04:09:38.776358,1.7,18.2,0.14,34.0,daemon,6370.3,25857.5,1013.0,1427.8,88.4,
2025-12-24T04:10:39.066629,0.0,18.2,0.27,32.0,daemon,6370.3,25880.7,1013.1,1427.8,88.3,
2025-12-24T04:11:39.362830,0.8,18.2,0.10,31.0,daemon,6370.3,25903.8,1013.1,1427.8,88.2,
2025-12-24T04:12:39.662302,3.3,18.2,0.03,33.0,daemon,6370.3,25917.8,1013.1,1427.8,88.1,
2025-12-24T04:13:39.924768,3.3,18.5,0.37,34.0,daemon,6370.3,25949.4,1013.2,1427.9,87.9,
2025-12-24T04:14:40.185590,0.8,19.5,0.62,35.0,daemon,6370.6,26071.3,1017.5,1428.3,87.7,
2025-12-24T04:15:40.427252,22.5,19.2,0.77,39.0,daemon,6370.6,26118.5,1017.6,1428.3,87.4,
2025-12-24T04:16:40.665474,0.0,18.5,0.51,37.0,daemon,6370.6,26165.4,1030.4,1428.5,87.2,
2025-12-24T04:17:40.903231,0.0,18.5,0.28,38.0,daemon,6370.7,26185.2,1030.5,1428.5,87.0,
2025-12-24T04:18:41.180594,4.1,19.2,0.74,39.0,daemon,6371.6,26290.6,1039.7,1428.7,86.8,
2025-12-24T04:19:41.456981,1.7,18.5,0.40,37.0,daemon,6371.7,26373.6,1039.8,1428.8,86.6,
2025-12-24T04:20:41.735616,0.0,19.5,0.41,37.0,daemon,6371.8,26528.1,1056.0,1429.1,86.3,
2025-12-24T04:21:41.994601,0.0,19.5,0.19,39.0,daemon,6371.8,26581.2,1056.1,1429.2,86.1,
2025-12-24T04:22:42.270452,0.0,19.5,0.07,36.0,daemon,6371.8,26600.0,1056.1,1429.2,86.0,
2025-12-24T04:23:42.526495,1.6,19.5,0.09,38.0,daemon,6371.8,26626.7,1056.3,1429.3,85.8,
2025-12-24T04:24:42.782487,0.0,19.5,0.27,36.0,daemon,6371.8,26644.4,1056.4,1429.3,85.7,
2025-12-24T04:25:43.042376,0.8,19.5,0.14,35.0,daemon,6371.8,26653.9,1056.4,1429.3,85.6,
2025-12-24T04:26:43.296669,0.0,19.5,0.11,36.0,daemon,6371.8,26668.8,1056.4,1429.4,85.4,
2025-12-24T04:27:43.567827,1.7,19.5,0.04,34.0,daemon,6371.8,26681.9,1056.5,1429.4,85.3,
2025-12-24T04:28:43.845491,0.8,19.5,0.08,34.0,daemon,6371.8,26697.4,1056.5,1429.4,85.2,
2025-12-24T04:29:44.115062,0.0,19.5,0.03,35.0,daemon,6371.8,26711.9,1056.6,1429.5,85.1,
2025-12-24T04:30:44.374017,0.8,19.5,0.01,38.0,daemon,6371.8,26725.9,1056.6,1429.5,84.9,
2025-12-24T04:31:44.633879,0.0,19.5,0.08,33.0,daemon,6371.8,26772.1,1056.7,1429.5,84.8,
2025-12-24T04:32:44.901744,7.6,20.1,0.43,38.0,daemon,6372.0,26863.5,1064.0,1429.8,84.6,
2025-12-24T04:33:45.164290,6.7,20.8,0.98,37.0,daemon,6372.5,27001.8,1065.9,1430.0,84.3,
2025-12-24T04:34:45.419114,0.8,20.8,0.52,36.0,daemon,6372.5,27166.4,1067.7,1430.2,84.0,
2025-12-24T04:35:45.688775,7.5,21.4,0.81,36.0,daemon,6372.6,27322.4,1068.1,1430.3,83.8,
2025-12-24T04:36:45.953661,11.6,21.4,1.03,37.0,daemon,6373.3,27372.6,1069.1,1430.5,83.5,
2025-12-24T04:37:46.230534,4.2,21.1,1.27,35.0,daemon,6373.3,27417.6,1069.2,1430.5,83.2,
2025-12-24T04:38:46.508082,0.8,22.1,0.73,35.0,daemon,6376.9,27483.7,1071.8,1430.8,83.0,
2025-12-24T04:39:46.787953,8.3,21.8,0.49,35.0,daemon,6376.9,27560.5,1071.9,1430.8,82.8,
2025-12-24T04:40:47.061815,5.0,21.8,0.59,35.0,daemon,6376.9,27612.9,1071.9,1430.9,82.6,
2025-12-24T04:41:47.327359,5.0,21.4,0.75,35.0,daemon,6376.9,27658.0,1072.0,1431.0,82.3,
2025-12-24T04:42:47.597589,5.8,21.4,0.47,34.0,daemon,6377.0,27711.6,1072.2,1431.1,82.1,
2025-12-24T04:43:47.856053,0.8,22.1,0.68,38.0,daemon,6377.0,27782.9,1075.6,1431.2,81.9,
2025-12-24T04:44:48.131833,0.8,21.8,0.56,35.0,daemon,6377.0,27855.0,1075.7,1432.3,81.6,
2025-12-24T04:45:48.394652,1.7,21.8,0.50,35.0,daemon,6377.1,27904.3,1075.8,1432.4,81.4,
2025-12-24T04:46:48.667462,0.8,21.8,0.31,34.0,daemon,6377.1,27936.7,1075.9,1432.4,81.2,
2025-12-24T04:47:48.913859,4.1,21.8,0.25,38.0,daemon,6377.1,27967.7,1075.9,1432.5,81.0,
2025-12-24T04:48:49.211223,19.5,21.8,0.46,35.0,daemon,6377.1,28006.8,1076.0,1432.6,80.8,
2025-12-24T04:49:49.469845,4.1,21.8,0.35,37.0,daemon,6377.1,28045.2,1076.1,1432.7,80.6,
2025-12-24T04:50:49.732462,0.8,21.8,0.39,37.0,daemon,6377.1,28091.7,1076.3,1432.7,80.4,
2025-12-24T04:51:50.004292,2.5,21.8,0.29,36.0,daemon,6510.0,28132.5,1076.3,1432.8,80.1,
2025-12-24T04:52:50.276630,2.5,21.8,0.30,35.0,daemon,6510.1,28174.0,1076.4,1432.8,80.0,
2025-12-24T04:53:50.539423,0.0,21.8,0.11,36.0,daemon,6512.6,28216.2,1076.4,1432.9,79.7,
2025-12-24T04:54:50.795560,0.0,21.8,0.31,35.0,daemon,6512.8,28264.6,1076.5,1433.0,79.5,
2025-12-24T04:55:51.056732,0.8,21.8,0.25,34.0,daemon,6512.8,28293.7,1076.6,1433.1,79.3,
2025-12-24T04:56:51.313784,0.0,21.8,0.18,36.0,daemon,6512.8,28329.4,1076.6,1433.1,79.1,
2025-12-24T04:57:51.560674,3.3,21.8,0.14,38.0,daemon,6512.8,28359.7,1076.7,1433.2,79.0,
2025-12-24T04:58:51.832461,0.0,21.8,0.11,34.0,daemon,6512.8,28392.0,1076.7,1433.2,78.8,
2025-12-24T04:59:52.115232,0.8,21.8,0.17,33.0,daemon,6512.8,28420.1,1076.9,1433.3,78.6,
2025-12-24T05:00:52.385587,0.8,21.8,0.41,34.0,daemon,6512.9,28473.3,1077.0,1433.3,78.4,
2025-12-24T05:01:52.647643,0.0,21.8,0.19,34.0,daemon,6512.9,28509.9,1077.1,1433.4,78.2,
2025-12-24T05:02:52.906789,0.8,21.4,0.12,34.0,daemon,6512.9,28534.8,1077.6,1433.5,78.1,
2025-12-24T05:03:53.162679,0.0,21.4,0.04,34.0,daemon,6512.9,28560.0,1077.6,1433.5,78.0,
2025-12-24T05:04:53.416769,0.0,21.4,0.05,33.0,daemon,6512.9,28584.4,1077.7,1433.6,77.8,
2025-12-24T05:05:53.673760,0.0,21.4,0.07,34.0,daemon,6512.9,28602.8,1077.8,1433.6,77.7,
2025-12-24T05:06:53.931333,0.0,21.4,0.02,35.0,daemon,6512.9,28616.8,1077.9,1433.6,77.6,
2025-12-24T05:07:54.189517,0.8,21.4,0.01,34.0,daemon,6512.9,28634.2,1077.9,1433.7,77.5,
2025-12-24T05:08:54.448177,0.0,21.4,0.00,35.0,daemon,6512.9,28644.0,1078.0,1433.7,77.3,
2025-12-24T05:09:54.730252,0.0,21.4,0.00,33.0,daemon,6512.9,28663.1,1078.0,1433.7,77.2,
2025-12-24T05:10:55.010016,0.8,21.4,0.10,33.0,daemon,6512.9,28681.6,1078.1,1433.8,77.1,
2025-12-24T05:11:55.288993,0.0,21.4,0.08,33.0,daemon,6512.9,28700.4,1078.1,1433.8,76.9,
2025-12-24T05:12:55.571630,0.0,21.4,0.03,33.0,daemon,6512.9,28718.0,1078.2,1433.9,76.8,
2025-12-24T05:13:55.830810,0.8,21.4,0.09,34.0,daemon,6512.9,28742.1,1078.2,1433.9,76.7,
2025-12-24T05:14:56.092002,0.0,21.4,0.03,34.0,daemon,6512.9,28762.4,1078.4,1433.9,76.6,
2025-12-24T05:15:56.346441,0.0,21.4,0.01,35.0,daemon,6512.9,28778.6,1078.5,1434.0,76.4,
2025-12-24T05:16:56.610102,0.0,21.4,0.05,33.0,daemon,6512.9,28796.3,1078.5,1434.0,76.3,
2025-12-24T05:17:56.891686,0.0,21.4,0.05,33.0,daemon,6512.9,28813.0,1078.6,1434.0,76.2,
2025-12-24T05:18:57.154613,2.5,18.8,0.37,36.0,daemon,6513.7,28852.3,1079.0,1434.2,76.0,
2025-12-24T05:19:57.431446,0.0,17.9,0.47,34.0,daemon,6513.7,28939.3,1079.1,1434.2,75.8,
2025-12-24T05:20:57.693278,1.7,17.9,0.40,34.0,daemon,6513.7,28962.1,1079.1,1434.2,75.6,
2025-12-24T05:21:57.965132,0.0,17.9,0.14,33.0,daemon,6513.7,28978.4,1079.2,1434.2,75.4,
2025-12-24T05:22:58.243430,1.7,17.9,0.20,34.0,daemon,6513.7,28995.0,1079.2,1436.6,75.2,
2025-12-24T05:23:58.493731,4.1,18.5,0.41,37.0,daemon,6513.7,29024.4,1079.5,1439.1,75.0,
2025-12-24T05:24:58.773118,4.1,18.8,0.42,37.0,daemon,6513.7,29048.3,1080.4,1439.4,74.8,
2025-12-24T05:25:59.029911,0.0,18.2,0.36,35.0,daemon,6513.7,29120.3,1081.7,1444.5,74.6,
2025-12-24T05:26:59.300297,5.0,17.9,0.43,33.0,daemon,6513.7,29135.9,1081.8,1444.7,74.4,
2025-12-24T05:27:59.580864,0.0,18.5,0.80,34.0,daemon,6513.7,29150.2,1081.9,1444.7,74.2,
2025-12-24T05:28:59.842945,11.8,18.5,0.39,37.0,daemon,6513.7,29206.9,1082.2,1445.0,74.0,
2025-12-24T05:30:00.107517,3.3,18.8,0.22,35.0,daemon,6513.7,29231.7,1083.7,1446.5,73.8,
2025-12-24T05:31:00.358334,0.8,18.8,0.12,35.0,daemon,6513.7,29254.2,1084.4,1447.2,73.6,
2025-12-24T05:32:00.634235,0.8,18.8,0.29,34.0,daemon,6513.7,29300.5,1085.0,1447.9,73.4,
2025-12-24T05:33:00.912116,0.0,18.8,0.10,34.0,daemon,6513.7,29315.7,1086.0,1449.0,73.2,
2025-12-24T05:34:01.170810,7.4,19.5,0.20,37.0,daemon,6513.8,29339.0,1098.0,1460.9,73.0,
2025-12-24T05:35:01.444546,3.3,19.2,0.18,35.0,daemon,6513.8,29400.5,1098.8,1461.7,72.8,
2025-12-24T05:36:01.696598,4.1,19.2,0.51,38.0,daemon,6513.8,29433.6,1100.3,1463.5,72.6,
2025-12-24T05:37:01.963850,0.8,19.2,0.40,35.0,daemon,6513.8,29455.8,1101.2,1464.5,72.3,
2025-12-24T05:38:02.214259,21.7,19.5,0.63,42.0,daemon,6513.8,29483.6,1102.8,1466.1,72.1,
2025-12-24T05:39:02.499614,6.7,19.5,0.67,37.0,daemon,6513.8,29576.9,1103.6,1466.6,71.9,
2025-12-24T05:40:02.717559,18.2,18.5,0.39,38.0,daemon,6513.8,29622.8,1105.0,1468.0,71.6,
2025-12-24T05:41:02.986672,1.6,18.8,0.62,37.0,daemon,6513.8,29688.5,1107.1,1470.0,71.4,
2025-12-24T05:42:03.245995,2.5,18.5,0.48,37.0,daemon,6513.8,29714.0,1107.2,1470.0,71.2,
2025-12-24T05:43:03.503649,4.1,18.8,0.74,38.0,daemon,6513.8,29744.3,1107.4,1470.1,71.0,
2025-12-24T05:44:03.770066,2.5,19.5,0.70,37.0,daemon,6514.3,29835.4,1108.3,1470.5,70.7,
2025-12-24T05:45:04.034136,1.7,19.2,0.39,35.0,daemon,6514.3,29876.5,1108.9,1471.2,70.5,
2025-12-24T05:46:04.313488,0.8,19.2,0.33,33.0,daemon,6514.3,29902.1,1108.9,1471.2,70.3,
2025-12-24T05:47:04.591301,0.8,19.2,0.45,34.0,daemon,6514.3,29937.1,1109.4,1471.3,70.1,
2025-12-24T05:48:04.870333,0.8,19.2,0.16,33.0,daemon,6514.3,29986.3,1109.5,1471.3,70.0,
2025-12-24T05:49:05.153303,0.8,19.2,0.17,33.0,daemon,6514.3,30002.4,1109.5,1471.3,69.8,
2025-12-24T05:50:05.431347,3.3,19.2,0.06,33.0,daemon,6514.3,30015.8,1109.6,1471.4,69.7,
2025-12-24T05:51:05.708121,1.7,19.2,0.05,33.0,daemon,6514.3,30050.7,1109.7,1471.5,69.5,
2025-12-24T05:52:05.990724,1.7,19.2,0.06,33.0,daemon,6514.3,30074.1,1109.7,1471.5,69.4,
2025-12-24T05:53:06.249525,11.9,18.8,0.59,38.0,daemon,6514.3,30095.5,1110.1,1478.7,69.2,
2025-12-24T05:54:06.526914,2.5,18.8,0.53,35.0,daemon,6514.3,30121.6,1110.5,1488.4,68.9,
2025-12-24T05:55:06.788245,5.1,20.5,1.01,38.0,daemon,6514.3,30208.8,1131.7,1514.0,68.7,
2025-12-24T05:56:07.038943,8.5,21.1,0.99,39.0,daemon,6514.4,30362.1,1153.3,1539.8,68.5,
2025-12-24T05:57:07.297345,2.5,20.8,1.07,34.0,daemon,6514.4,30448.5,1154.0,1542.7,68.2,
2025-12-24T05:58:07.573962,1.7,20.8,0.43,35.0,daemon,6514.4,30472.8,1154.2,1545.2,68.0,
2025-12-24T05:59:07.854048,0.0,19.2,0.30,34.0,daemon,6514.4,30489.6,1154.4,1550.1,67.8,
2025-12-24T06:00:08.132258,0.0,19.2,0.17,35.0,daemon,6514.4,30511.8,1154.7,1555.2,67.6,
2025-12-24T06:01:08.405969,0.8,19.2,0.06,33.0,daemon,6514.4,30560.7,1154.8,1555.2,67.3,
2025-12-24T06:02:08.682859,3.4,19.2,0.15,35.0,daemon,6514.4,30587.6,1156.5,1559.2,67.2,
2025-12-24T06:03:08.940122,0.0,19.2,0.17,35.0,daemon,6514.4,30613.9,1156.6,1559.2,67.0,
2025-12-24T06:04:09.201716,0.0,19.2,0.22,35.0,daemon,6514.4,30643.8,1157.0,1559.3,66.8,
2025-12-24T06:05:09.444024,11.8,19.2,0.08,38.0,daemon,6514.4,30658.3,1157.2,1562.1,66.6,
2025-12-24T06:06:09.719156,10.3,19.2,0.83,36.0,daemon,6514.4,30690.8,1158.1,1576.4,66.3,
2025-12-24T06:07:09.978822,4.1,18.8,0.79,37.0,daemon,6514.4,30744.3,1159.1,1585.3,66.1,
2025-12-24T06:08:10.259629,3.3,19.2,0.51,36.0,daemon,6514.4,30758.2,1159.6,1589.9,65.9,
2025-12-24T06:09:10.539312,2.5,19.2,0.31,35.0,daemon,6514.4,30777.4,1159.9,1592.9,65.7,
2025-12-24T06:10:10.822514,8.3,19.2,0.49,35.0,daemon,6514.4,30799.5,1160.4,1599.1,65.4,
2025-12-24T06:11:11.089704,2.5,19.2,0.34,35.0,daemon,6514.4,30825.3,1160.7,1603.9,65.2,
2025-12-24T06:12:11.373123,2.5,19.2,0.40,35.0,daemon,6514.4,30848.9,1160.8,1603.9,65.0,
2025-12-24T06:13:11.635545,3.3,18.8,0.20,37.0,daemon,6514.4,30865.9,1160.8,1603.9,64.8,
2025-12-24T06:14:11.922839,6.6,19.2,0.36,34.0,daemon,6514.4,30886.2,1160.9,1603.9,64.6,
2025-12-24T06:15:12.196435,1.7,19.2,0.33,36.0,daemon,6514.4,30953.1,1165.5,1604.9,64.3,
2025-12-24T06:16:12.435910,3.3,19.8,0.54,38.0,daemon,6514.4,31001.5,1167.7,1612.5,64.0,
2025-12-24T06:17:12.697669,0.8,19.8,0.93,37.0,daemon,6514.9,31208.0,1170.0,1622.0,63.7,
2025-12-24T06:18:12.984788,2.5,20.1,0.72,37.0,daemon,6514.9,31286.0,1171.8,1628.0,63.4,
2025-12-24T06:19:13.244549,4.1,20.1,0.62,38.0,daemon,6515.0,31345.1,1173.3,1657.5,63.1,
2025-12-24T06:20:13.525851,3.4,19.5,0.44,37.0,daemon,6515.0,31383.4,1173.5,1659.3,62.9,
2025-12-24T06:21:13.807506,2.5,19.5,0.53,37.0,daemon,6515.0,31396.6,1173.8,1661.2,62.7,
2025-12-24T06:22:14.088429,2.5,19.5,0.28,37.0,daemon,6515.0,31409.6,1174.1,1664.7,62.5,
2025-12-24T06:23:14.366453,0.0,19.5,0.23,35.0,daemon,6515.0,31423.9,1174.2,1664.7,62.3,
2025-12-24T06:24:14.624902,4.2,19.8,0.61,36.0,daemon,6515.0,31462.2,1174.8,1665.2,62.1,
2025-12-24T06:25:14.897600,4.2,19.8,0.60,35.0,daemon,6515.0,31561.8,1196.3,1686.3,61.8,
2025-12-24T06:26:15.170034,2.5,19.5,0.90,37.0,daemon,6515.0,31621.2,1196.8,1686.5,61.6,
2025-12-24T06:27:15.421664,5.0,20.5,1.05,39.0,daemon,6515.6,31743.6,1200.2,1686.8,61.3,
2025-12-24T06:28:15.668399,0.8,20.5,0.59,37.0,daemon,6515.6,31802.7,1200.2,1686.8,61.0,
2025-12-24T06:29:15.947677,1.7,20.5,0.47,34.0,daemon,6515.6,31825.8,1200.2,1686.8,60.9,
2025-12-24T06:30:16.227288,4.2,20.5,0.30,33.0,daemon,6515.6,31840.0,1200.2,1686.8,60.7,
2025-12-24T06:31:16.508589,1.7,20.5,0.24,33.0,daemon,6515.6,31873.9,1200.3,1686.9,60.5,
2025-12-24T06:32:16.789353,2.5,20.5,0.20,33.0,daemon,6515.6,31901.9,1200.3,1686.9,60.4,
2025-12-24T06:33:17.054356,21.2,20.5,0.29,37.0,daemon,6515.6,31924.4,1200.8,1686.9,60.2,
2025-12-24T06:34:17.337843,16.9,20.8,0.61,36.0,daemon,6515.6,31955.9,1201.1,1687.1,60.0,
2025-12-24T06:35:17.575852,36.1,22.1,0.88,44.0,daemon,6549.5,32036.8,1208.3,1687.5,59.7,
2025-12-24T06:36:17.855118,3.4,21.8,0.58,35.0,daemon,6549.5,32371.5,1219.4,1688.0,59.5,
2025-12-24T06:37:18.108301,1.7,21.8,0.28,35.0,daemon,6549.5,32396.0,1219.4,1688.0,59.3,
2025-12-24T06:38:18.363256,1.7,20.8,0.47,35.0,daemon,6549.5,32441.1,1219.8,1688.1,59.1,
2025-12-24T06:39:18.637491,0.8,20.5,0.24,34.0,daemon,6549.5,32455.4,1219.8,1688.2,58.9,
2025-12-24T06:40:18.896812,11.5,20.8,0.32,35.0,daemon,6549.5,32473.7,1220.0,1688.2,58.8,
2025-12-24T06:41:19.180092,5.0,19.8,0.34,35.0,daemon,6549.9,32510.7,1220.3,1691.8,58.5,
2025-12-24T06:42:19.416158,7.4,20.5,0.57,40.0,daemon,6549.9,32559.6,1222.3,1698.5,58.2,
2025-12-24T06:43:19.690392,4.2,20.8,0.63,38.0,daemon,6550.0,32708.7,1224.2,1708.5,57.9,
2025-12-24T06:44:19.975718,4.9,19.2,0.72,36.0,daemon,6550.0,32787.1,1225.4,1716.4,57.6,
2025-12-24T06:45:20.260020,1.7,19.2,0.50,35.0,daemon,6550.0,32842.6,1226.4,1722.3,57.4,
2025-12-24T06:46:20.544396,0.8,19.2,0.34,35.0,daemon,6550.0,32859.7,1226.9,1722.6,57.1,
2025-12-24T06:47:20.821426,0.0,19.2,0.20,34.0,daemon,6550.0,32878.2,1227.3,1722.9,56.9,
2025-12-24T06:48:21.102721,2.5,19.2,0.35,35.0,daemon,6550.0,32901.2,1228.0,1723.2,56.7,
2025-12-24T06:49:21.371869,5.9,19.2,0.47,35.0,daemon,6550.0,32923.6,1228.8,1723.5,56.5,
2025-12-24T06:50:21.652972,11.0,19.2,0.47,37.0,daemon,6550.0,32955.7,1230.4,1723.8,56.2,
2025-12-24T06:51:21.913158,0.8,19.2,1.01,38.0,daemon,6550.0,33023.5,1230.8,1723.9,55.9,
2025-12-24T06:52:22.170109,0.8,18.8,0.51,36.0,daemon,6550.0,33053.1,1231.5,1724.1,55.7,
2025-12-24T06:53:22.432309,1.7,19.2,0.29,36.0,daemon,6550.0,33069.9,1231.8,1724.4,55.5,
2025-12-24T06:54:22.704897,2.5,18.8,0.23,37.0,daemon,6550.0,33092.9,1232.6,1724.8,55.2,
2025-12-24T06:55:22.966036,1.6,19.2,0.33,37.0,daemon,6550.0,33114.8,1235.0,1725.0,55.0,
2025-12-24T06:56:23.251770,5.9,18.8,0.17,36.0,daemon,6550.0,33139.1,1237.5,1725.4,54.8,
2025-12-24T06:57:23.519653,1.7,19.2,0.19,37.0,daemon,6550.0,33162.4,1239.5,1725.9,54.5,
2025-12-24T06:58:23.791137,1.7,19.2,0.26,35.0,daemon,6550.0,33182.8,1240.6,1726.3,54.3,
2025-12-24T06:59:24.071886,4.9,19.2,0.31,35.0,daemon,6550.0,33198.5,1240.9,1726.7,54.1,
2025-12-24T07:00:24.350205,2.5,18.8,0.21,35.0,daemon,6550.0,33214.1,1241.2,1727.0,53.9,
2025-12-24T07:01:24.626612,1.6,19.2,0.45,35.0,daemon,6550.0,33252.4,1241.8,1727.1,53.7,
2025-12-24T07:02:24.910478,0.0,18.8,0.31,35.0,daemon,6550.0,33273.3,1242.3,1727.4,53.5,
2025-12-24T07:03:25.192219,5.0,19.2,0.37,35.0,daemon,6550.0,33293.4,1243.0,1727.8,53.2,
2025-12-24T07:04:25.472057,0.0,19.2,0.34,33.0,daemon,6550.0,33320.1,1243.2,1728.0,53.0,
2025-12-24T07:05:25.747311,6.7,19.2,0.24,35.0,daemon,6550.0,33339.6,1243.3,1728.1,52.9,
2025-12-24T07:06:26.007331,2.5,19.2,0.09,37.0,daemon,6550.0,33358.9,1243.7,1728.5,52.7,
2025-12-24T07:07:26.240162,10.0,19.2,0.11,38.0,daemon,6550.0,33381.8,1244.2,1728.7,52.5,
2025-12-24T07:08:26.512445,6.7,19.2,0.38,35.0,daemon,6550.0,33400.4,1245.1,1729.0,52.2,
2025-12-24T07:09:26.787931,3.3,19.2,0.40,35.0,daemon,6556.1,33415.7,1245.6,1729.1,52.0,
2025-12-24T07:10:27.059359,3.3,19.2,0.30,35.0,daemon,6556.1,33447.8,1246.3,1729.4,51.8,
2025-12-24T07:11:27.325601,1.7,19.2,0.49,36.0,daemon,6556.1,33468.6,1246.6,1729.6,51.6,
2025-12-24T07:12:27.607768,4.2,19.2,0.60,35.0,daemon,6556.1,33490.0,1247.3,1729.9,51.4,
2025-12-24T07:13:27.863020,1.6,19.2,0.51,35.0,daemon,6556.1,33509.7,1248.1,1730.2,51.2,
2025-12-24T07:14:28.109146,0.8,19.2,0.48,35.0,daemon,6556.1,33592.5,1249.3,1730.4,51.0,
2025-12-24T07:15:28.372501,5.0,19.2,0.35,35.0,daemon,6556.1,33615.8,1250.4,1730.8,50.7,
2025-12-24T07:16:28.617506,0.8,19.2,0.16,35.0,daemon,6556.1,33632.1,1251.1,1731.0,50.5,
2025-12-24T07:17:28.884805,2.5,19.2,0.13,34.0,daemon,6556.1,33653.6,1252.2,1731.2,50.3,
2025-12-24T07:18:29.158824,0.8,19.2,0.47,33.0,daemon,6664.1,33664.4,1252.6,1731.4,50.1,
2025-12-24T07:19:29.437875,1.7,19.2,0.40,34.0,daemon,6664.2,33952.0,1253.6,1731.6,50.0,
2025-12-24T07:20:29.716572,2.5,19.2,0.32,34.0,daemon,6666.2,33968.5,1254.7,1731.9,49.7,
2025-12-24T07:21:29.998432,2.5,19.2,0.34,34.0,daemon,6666.2,33984.0,1255.3,1732.2,49.5,
2025-12-24T07:22:30.279675,1.7,19.2,0.38,36.0,daemon,6666.2,34005.1,1256.6,1732.7,49.3,
2025-12-24T07:23:30.535080,1.7,19.2,0.22,35.0,daemon,6666.2,34024.3,1257.5,1733.1,49.1,
2025-12-24T07:24:30.814042,2.5,19.5,0.18,35.0,daemon,6666.2,34052.6,1258.8,1733.6,48.9,
2025-12-24T07:25:31.097126,2.5,19.5,0.42,34.0,daemon,6666.2,34078.1,1261.2,1734.1,48.6,
2025-12-24T07:26:31.374649,2.5,19.5,0.26,35.0,daemon,6666.2,34096.6,1263.1,1734.7,48.4,
2025-12-24T07:27:31.648457,3.4,19.5,0.26,36.0,daemon,6666.2,34115.5,1265.9,1735.3,48.2,
2025-12-24T07:28:31.927760,3.4,19.5,0.53,35.0,daemon,6666.2,34126.2,1266.8,1735.6,48.0,
2025-12-24T07:29:32.186102,0.8,19.5,0.32,35.0,daemon,6666.2,34147.8,1267.4,1735.8,47.7,
2025-12-24T07:30:32.468545,2.5,19.5,0.29,34.0,daemon,6666.2,34165.5,1267.9,1736.3,47.5,
2025-12-24T07:31:32.728138,4.2,19.5,0.21,37.0,daemon,6666.2,34207.0,1268.3,1736.6,47.3,
2025-12-24T07:32:33.017486,1.7,19.5,0.21,35.0,daemon,6666.2,34229.3,1268.9,1737.0,47.1,
2025-12-24T07:33:33.298549,2.5,19.5,0.32,35.0,daemon,6666.2,34251.5,1270.0,1737.5,46.9,
2025-12-24T07:34:33.544981,22.7,19.8,0.71,40.0,daemon,6666.8,34360.5,1271.0,1737.7,46.6,
2025-12-24T07:35:33.788068,10.9,19.8,0.52,39.0,daemon,6666.8,34458.4,1271.2,1737.8,46.4,
2025-12-24T07:36:34.043958,5.8,19.8,0.50,38.0,daemon,6666.9,34510.0,1271.9,1737.9,46.1,
2025-12-24T07:37:34.305002,10.9,20.1,0.47,40.0,daemon,6666.9,34599.3,1272.1,1738.0,45.9,
2025-12-24T07:38:34.574239,4.2,19.8,0.65,36.0,daemon,6666.9,34644.8,1272.3,1738.1,45.6,
2025-12-24T07:39:34.838435,14.2,20.1,0.73,37.0,daemon,6666.9,34665.9,1272.4,1738.3,45.4,
2025-12-24T07:40:35.112366,2.5,20.1,0.72,36.0,daemon,6666.9,34705.7,1273.0,1738.5,45.1,
2025-12-24T07:41:35.389463,4.2,20.1,0.54,36.0,daemon,6666.9,34758.2,1273.4,1738.6,44.9,
2025-12-24T07:42:35.657506,7.5,19.8,0.46,37.0,daemon,6666.9,34793.3,1273.6,1740.5,44.6,
2025-12-24T07:43:35.914059,6.7,20.1,0.34,37.0,daemon,6666.9,34848.5,1274.1,1740.9,44.4,
2025-12-24T07:44:36.187845,4.1,20.1,0.16,36.0,daemon,6666.9,34890.2,1274.5,1742.9,44.2,
2025-12-24T07:45:36.461891,4.2,20.1,0.60,36.0,daemon,6666.9,34907.1,1275.8,1745.6,43.9,
2025-12-24T07:46:36.672302,24.6,20.5,0.53,42.0,daemon,6667.0,34968.7,1276.1,1745.8,43.7,
2025-12-24T07:47:36.952607,2.5,20.5,0.62,37.0,daemon,6672.9,35098.9,1277.0,1745.9,43.5,
2025-12-24T07:48:37.231753,15.7,20.5,0.95,36.0,daemon,6672.9,35143.9,1277.2,1745.9,43.2,
2025-12-24T07:49:37.488279,7.6,20.5,0.53,38.0,daemon,6672.9,35179.7,1277.2,1745.9,43.0,
2025-12-24T07:50:37.742997,3.3,20.5,0.35,38.0,daemon,6672.9,35209.1,1277.3,1746.0,42.8,
2025-12-24T07:51:37.998337,4.1,20.8,0.31,38.0,daemon,6672.9,35243.0,1277.7,1751.7,42.6,
2025-12-24T07:52:38.265232,1.7,22.1,0.82,37.0,daemon,6672.9,35307.5,1280.1,1759.0,42.3,
2025-12-24T07:53:38.547695,15.8,21.1,0.39,35.0,daemon,6672.9,35358.7,1280.3,1759.1,42.0,
2025-12-24T07:54:38.803544,16.7,20.1,0.67,39.0,daemon,6672.9,35419.6,1280.9,1764.9,41.8,
2025-12-24T07:55:39.079814,10.8,19.8,0.58,38.0,daemon,6673.1,35581.7,1284.4,1778.4,41.4,
2025-12-24T07:56:39.352671,8.3,21.4,1.38,42.0,daemon,6673.2,35763.7,1286.9,1785.4,41.1,
2025-12-24T07:57:39.619055,13.6,21.4,1.24,39.0,daemon,6673.2,35829.1,1287.7,1787.5,40.8,
2025-12-24T07:58:39.902070,1.7,21.4,1.48,38.0,daemon,6673.3,35982.1,1290.9,1792.2,40.4,
2025-12-24T07:59:40.164542,5.0,20.1,0.90,38.0,daemon,6673.3,36138.5,1292.1,1792.5,40.2,
2025-12-24T08:00:40.424177,5.9,20.1,0.66,38.0,daemon,6673.3,36171.6,1292.6,1792.8,39.9,
2025-12-24T08:01:40.679157,4.2,20.1,0.42,38.0,daemon,6673.3,36219.6,1293.6,1793.0,39.7,
2025-12-24T08:02:40.941277,4.2,20.1,0.43,38.0,daemon,6673.3,36238.8,1294.7,1793.1,39.5,
2025-12-24T08:03:41.186573,4.2,20.5,1.09,38.0,daemon,6673.3,36331.4,1296.7,1795.8,39.2,
2025-12-24T08:04:41.453685,5.9,21.1,0.68,37.0,daemon,6673.3,36417.9,1298.9,1798.5,38.9,
2025-12-24T08:05:41.730240,12.4,21.1,0.74,36.0,daemon,6673.3,36484.4,1300.6,1798.8,38.7,
2025-12-24T08:06:41.976912,9.0,21.1,1.07,38.0,daemon,6673.3,36547.5,1302.3,1799.2,38.4,
2025-12-24T08:07:42.255167,0.8,20.8,0.52,35.0,daemon,6673.4,36610.7,1305.9,1800.5,38.2,
2025-12-24T08:08:42.532652,1.7,20.8,0.19,34.0,daemon,6673.4,36633.5,1306.4,1800.5,38.0,
2025-12-24T08:09:42.794124,0.0,20.8,0.15,35.0,daemon,6673.4,36659.6,1306.4,1800.6,37.9,
2025-12-24T08:10:43.071207,0.0,20.5,0.09,33.0,daemon,6673.4,36676.8,1306.4,1800.6,37.8,
2025-12-24T08:11:43.338755,3.4,20.8,0.06,35.0,daemon,6673.4,36692.0,1306.9,1800.7,37.6,
2025-12-24T08:12:43.592911,3.4,20.5,0.22,37.0,daemon,6673.4,36730.4,1309.7,1800.8,37.4,
2025-12-24T08:13:43.844893,0.0,20.5,0.19,37.0,daemon,6673.4,36753.5,1310.1,1803.1,37.2,
2025-12-24T08:14:44.104220,0.0,20.5,0.20,37.0,daemon,6673.4,36777.0,1310.4,1803.4,36.9,
2025-12-24T08:15:44.381254,5.0,20.5,0.07,35.0,daemon,6673.4,36790.4,1310.6,1803.5,36.8,
2025-12-24T08:16:44.661936,2.5,20.5,0.09,33.0,daemon,6673.4,36800.5,1311.0,1803.7,36.6,
2025-12-24T08:17:44.944065,1.7,20.5,0.18,34.0,daemon,6673.4,36813.2,1312.2,1804.1,36.4,
2025-12-24T08:18:45.210166,1.7,20.8,0.20,37.0,daemon,6673.4,36827.9,1313.4,1804.6,36.2,
2025-12-24T08:19:45.484074,2.5,20.8,0.19,36.0,daemon,6673.4,36846.7,1314.3,1805.0,35.9,
2025-12-24T08:20:45.743702,0.8,20.8,0.21,36.0,daemon,6673.4,36861.4,1315.3,1805.4,35.7,
2025-12-24T08:21:45.999739,3.3,20.8,0.32,37.0,daemon,6673.4,36873.9,1316.6,1805.9,35.5,
2025-12-24T08:22:46.268504,0.0,20.8,0.22,33.0,daemon,6673.4,36884.8,1317.1,1806.2,35.3,
2025-12-24T08:23:46.549586,17.6,20.8,0.43,36.0,daemon,6673.5,36905.0,1317.7,1806.5,35.1,
2025-12-24T08:24:46.822190,5.8,21.1,0.82,35.0,daemon,6673.5,36984.7,1320.3,1806.9,34.8,
2025-12-24T08:25:47.087366,5.8,21.1,0.53,37.0,daemon,6673.5,37034.4,1322.0,1807.5,34.6,
2025-12-24T08:26:47.349867,6.7,21.1,0.19,36.0,daemon,6673.5,37050.5,1325.2,1808.2,34.4,
2025-12-24T08:27:47.612232,2.5,21.1,0.21,34.0,daemon,6673.5,37065.5,1327.6,1809.0,34.1,
2025-12-24T08:28:47.885705,0.0,21.1,0.19,34.0,daemon,6673.5,37086.0,1329.2,1809.3,33.9,
2025-12-24T08:29:48.165600,4.1,20.8,0.16,33.0,daemon,6673.5,37109.8,1329.8,1809.6,33.7,
2025-12-24T08:30:48.413389,4.1,20.8,0.05,36.0,daemon,6673.5,37122.3,1330.3,1810.0,33.5,
2025-12-24T08:31:48.688427,0.8,20.8,0.06,34.0,daemon,6673.5,37150.3,1330.7,1810.4,33.3,
2025-12-24T08:32:48.968272,0.8,20.8,0.10,35.0,daemon,6673.5,37178.5,1331.0,1810.7,33.1,
2025-12-24T08:33:49.272312,0.0,20.8,0.04,34.0,daemon,6673.5,37199.4,1331.5,1811.2,32.9,
2025-12-24T08:34:49.571574,1.7,20.8,0.35,34.0,daemon,6673.5,37222.5,1331.9,1811.6,32.7,
2025-12-24T08:35:49.848612,5.0,20.8,0.35,34.0,daemon,6673.5,37237.9,1332.1,1811.8,32.4,
2025-12-24T08:36:50.139738,4.2,20.8,0.35,33.0,daemon,6673.5,37252.2,1332.5,1812.1,32.2,
2025-12-24T08:37:50.412269,0.8,20.8,0.38,35.0,daemon,6673.5,37265.5,1332.9,1812.4,32.0,
2025-12-24T08:38:50.689643,2.5,20.8,0.19,34.0,daemon,6673.5,37289.5,1333.7,1812.9,31.8,
2025-12-24T08:39:50.945135,4.2,20.8,0.20,37.0,daemon,6673.5,37305.1,1334.4,1813.2,31.6,
2025-12-24T08:40:51.224016,1.6,21.1,0.07,33.0,daemon,6673.5,37319.0,1334.8,1813.5,31.4,
2025-12-24T08:41:51.505397,0.8,20.8,0.17,34.0,daemon,6673.5,37332.8,1335.2,1813.9,31.1,
2025-12-24T08:42:51.776564,4.2,20.8,0.14,35.0,daemon,6673.5,37345.3,1335.5,1814.3,30.9,
2025-12-24T08:43:52.059208,0.0,20.8,0.13,34.0,daemon,6673.5,37361.2,1335.9,1814.7,30.7,
2025-12-24T08:44:52.345152,0.0,20.8,0.13,33.0,daemon,6673.5,37388.9,1336.1,1814.8,30.5,
2025-12-24T08:45:52.618487,0.0,20.8,0.18,34.0,daemon,6673.5,37446.0,1336.3,1814.9,30.3,
2025-12-24T08:46:52.878988,6.8,20.8,0.78,38.0,daemon,6673.5,37516.0,1336.5,1815.0,30.1,
2025-12-24T08:47:53.135960,9.2,21.1,1.74,38.0,daemon,6674.2,37631.7,1338.0,1815.1,29.8,
2025-12-24T08:48:53.393634,0.8,21.1,0.81,35.0,daemon,6674.2,37714.4,1338.3,1815.2,29.6,
2025-12-24T08:49:53.646049,0.0,21.1,0.44,37.0,daemon,6674.2,37749.6,1338.5,1815.4,29.4,
2025-12-24T08:50:53.910501,0.8,21.1,0.33,34.0,daemon,6674.2,37766.4,1338.9,1815.7,29.2,
2025-12-24T08:51:54.188153,2.4,21.1,0.20,35.0,daemon,6674.2,37787.1,1339.2,1816.0,29.0,
2025-12-24T08:52:54.464817,0.8,20.8,0.29,34.0,daemon,6674.2,37806.9,1339.4,1816.3,28.8,
2025-12-24T08:53:54.727171,1.7,20.8,0.16,37.0,daemon,6674.2,37816.1,1339.8,1816.7,28.6,
2025-12-24T08:54:54.985542,0.0,20.8,0.06,35.0,daemon,6674.2,37840.3,1340.2,1817.0,28.3,
2025-12-24T08:55:55.248086,3.3,20.8,0.15,37.0,daemon,6674.2,37858.7,1340.4,1817.3,28.1,
2025-12-24T08:56:55.520238,1.7,20.8,0.27,34.0,daemon,6674.2,37872.0,1340.8,1817.7,27.9,
2025-12-24T08:57:55.797024,0.0,20.8,0.20,35.0,daemon,6674.2,37891.1,1341.2,1818.1,27.7,
2025-12-24T08:58:56.049930,2.4,20.8,0.51,35.0,daemon,6674.2,37905.6,1341.4,1818.2,27.5,
2025-12-24T08:59:56.308474,0.8,20.8,0.26,34.0,daemon,6674.2,37927.8,1341.5,1818.3,27.3,
2025-12-24T09:00:56.563693,0.0,20.8,0.13,35.0,daemon,6674.2,37936.8,1341.7,1818.5,27.2,
2025-12-24T09:01:56.822991,0.0,20.8,0.27,35.0,daemon,6674.2,37977.0,1342.1,1818.8,26.9,
2025-12-24T09:02:57.083660,2.5,21.1,0.33,36.0,daemon,6674.2,37996.3,1342.8,1819.3,26.7,
2025-12-24T09:03:57.335763,1.7,21.1,0.29,37.0,daemon,6674.2,38009.0,1343.7,1819.5,26.5,
2025-12-24T09:04:57.604352,5.1,21.1,0.35,35.0,daemon,6674.2,38034.7,1344.6,1819.7,26.3,
2025-12-24T09:05:57.888766,6.7,21.1,0.47,34.0,daemon,6674.2,38043.3,1347.1,1820.0,26.0,
2025-12-24T09:06:58.168740,1.7,21.1,0.21,34.0,daemon,6674.2,38056.0,1348.1,1820.3,25.8,
2025-12-24T09:07:58.433193,2.5,21.1,0.15,34.0,daemon,6674.2,38068.3,1348.5,1820.6,25.6,
2025-12-24T09:08:58.703373,4.1,21.1,0.34,35.0,daemon,6674.2,38089.1,1349.2,1820.9,25.4,
2025-12-24T09:09:58.969154,2.5,21.1,0.30,37.0,daemon,6674.2,38104.1,1350.4,1821.3,25.2,
2025-12-24T09:10:59.247032,6.6,21.1,0.23,33.0,daemon,6674.2,38121.7,1350.9,1821.7,25.0,
2025-12-24T09:11:59.526173,0.0,21.1,0.31,34.0,daemon,6674.2,38133.0,1351.9,1822.1,24.7,
2025-12-24T09:12:59.807155,1.6,21.1,0.55,34.0,daemon,6674.2,38145.4,1352.2,1822.5,24.5,
2025-12-24T09:14:00.085118,0.0,21.1,0.28,35.0,daemon,6674.2,38152.9,1352.9,1822.8,24.3,
2025-12-24T09:15:00.345901,6.8,20.8,0.26,37.0,daemon,6674.2,38175.8,1353.5,1823.1,24.1,
2025-12-24T09:16:00.627002,3.3,21.1,0.28,35.0,daemon,6674.2,38193.2,1354.2,1823.4,23.8,
2025-12-24T09:17:00.906640,2.5,21.1,0.28,33.0,daemon,6674.2,38208.5,1354.8,1823.7,23.6,
2025-12-24T09:18:01.186600,0.0,21.1,0.54,33.0,daemon,6674.2,38216.6,1355.7,1823.9,23.4,
2025-12-24T09:19:01.462720,5.8,21.1,0.44,35.0,daemon,6674.2,38233.7,1356.2,1824.2,23.2,
2025-12-24T09:20:01.730308,2.5,21.1,0.24,35.0,daemon,6674.2,38252.7,1356.5,1824.6,23.0,
2025-12-24T09:21:02.010722,0.8,21.1,0.09,34.0,daemon,6674.2,38264.8,1356.8,1824.8,22.8,
2025-12-24T09:22:02.274643,5.0,21.1,0.24,36.0,daemon,6674.2,38274.9,1357.1,1825.0,22.6,
2025-12-24T09:23:02.532620,2.5,21.1,0.28,35.0,daemon,6674.2,38282.4,1357.6,1825.4,22.4,
2025-12-24T09:24:02.803455,0.8,21.1,0.18,35.0,daemon,6674.2,38295.5,1358.7,1825.6,22.2,
2025-12-24T09:25:03.062985,1.7,20.8,0.33,37.0,daemon,6674.2,38308.2,1359.7,1825.9,21.9,
2025-12-24T09:26:03.361099,0.0,20.8,0.22,34.0,daemon,6674.2,38322.7,1360.4,1826.3,21.7,
2025-12-24T09:27:03.643050,3.4,20.8,0.19,34.0,daemon,6674.2,38334.3,1360.9,1826.6,21.5,
2025-12-24T09:28:03.913496,3.3,20.8,0.23,35.0,daemon,6674.2,38347.0,1361.3,1827.0,21.3,
2025-12-24T09:29:04.195758,2.5,21.1,0.21,33.0,daemon,6674.2,38357.4,1361.6,1827.2,21.1,
2025-12-24T09:30:04.483686,0.0,21.1,0.36,33.0,daemon,6674.2,38372.2,1362.0,1827.6,20.9,
2025-12-24T09:31:04.765350,1.7,21.1,0.20,34.0,daemon,6674.2,38388.0,1362.2,1827.9,20.7,
2025-12-24T09:32:05.046005,0.0,21.1,0.17,33.0,daemon,6674.2,38422.1,1362.4,1828.1,20.5,
2025-12-24T09:33:05.323430,3.3,21.1,0.20,35.0,daemon,6674.3,38447.9,1362.7,1828.3,20.3,
2025-12-24T09:34:05.603999,3.3,21.1,0.43,35.0,daemon,6674.3,38465.1,1363.0,1828.6,20.1,
2025-12-24T09:35:05.876305,0.8,21.1,1.02,37.0,daemon,6679.1,38503.8,1363.8,1829.1,19.9,
2025-12-24T09:36:06.158708,1.7,21.1,0.65,38.0,daemon,6679.1,38574.9,1364.2,1829.5,19.7,
2025-12-24T09:37:06.442667,0.8,21.1,0.58,38.0,daemon,6679.1,38587.8,1364.5,1829.9,19.5,
2025-12-24T09:38:06.722902,2.5,21.1,0.38,40.0,daemon,6679.1,38595.0,1364.9,1830.0,19.3,
2025-12-24T09:39:07.003844,0.0,21.1,0.29,39.0,daemon,6679.1,38616.0,1365.4,1830.2,19.0,
2025-12-24T09:40:07.288689,0.8,20.8,0.26,38.0,daemon,6679.1,38636.2,1365.7,1830.4,18.8,
2025-12-24T09:41:07.570351,0.0,20.8,0.09,37.0,daemon,6679.1,38649.7,1365.7,1830.5,18.7,
2025-12-24T09:42:07.847983,5.8,20.5,0.35,39.0,daemon,6679.1,38674.8,1366.0,1830.6,18.5,
2025-12-24T09:43:08.124522,0.0,20.5,0.22,39.0,daemon,6679.1,38697.7,1366.0,1830.7,18.4,
2025-12-24T09:44:08.396293,0.8,16.9,0.41,38.0,daemon,6679.1,38725.5,1389.6,1852.1,18.2,
2025-12-24T09:45:08.676530,2.5,16.9,0.56,40.0,daemon,6679.3,38885.1,1390.4,1852.4,17.9,
2025-12-24T09:46:08.969206,3.3,16.9,0.54,40.0,daemon,6679.3,38944.3,1391.4,1852.7,17.7,
2025-12-24T09:47:09.235737,2.5,16.9,0.36,40.0,daemon,6679.3,39002.0,1392.4,1852.8,17.5,
2025-12-24T09:48:09.512126,12.5,17.2,0.41,42.0,daemon,6679.4,39047.8,1394.0,1853.6,17.3,
2025-12-24T09:49:09.796171,0.8,17.2,0.32,40.0,daemon,6679.4,39084.9,1394.3,1853.9,17.1,
2025-12-24T09:50:10.094479,4.2,17.2,0.61,41.0,daemon,6679.4,39145.7,1400.4,1856.2,16.8,
2025-12-24T09:51:10.392099,5.8,16.9,0.64,40.0,daemon,6679.4,39218.4,1400.8,1860.2,16.6,
2025-12-24T09:52:10.684534,3.3,16.9,0.33,41.0,daemon,6679.4,39241.6,1401.2,1870.8,16.4,
2025-12-24T09:53:10.976629,3.4,16.9,0.33,40.0,daemon,6679.4,39260.6,1401.6,1870.9,16.2,
2025-12-24T09:54:11.266754,0.0,16.9,0.20,38.0,daemon,6679.4,39273.4,1401.9,1873.4,16.0,
2025-12-24T09:55:11.553814,0.8,16.9,0.11,36.0,daemon,6679.4,39293.2,1402.0,1873.4,15.9,
2025-12-24T09:56:11.842196,0.0,16.9,0.04,36.0,daemon,6679.4,39308.5,1402.0,1873.5,15.8,
2025-12-24T09:57:12.126908,0.8,16.9,0.04,36.0,daemon,6679.4,39321.5,1402.0,1873.5,15.6,
2025-12-24T09:58:12.441010,9.3,16.9,0.01,36.0,daemon,6679.4,39339.1,1402.3,1873.6,15.5,
2025-12-24T09:59:12.712020,1.7,16.9,0.62,39.0,daemon,6679.4,39368.3,1402.4,1873.7,15.3,
2025-12-24T10:00:13.000287,1.7,16.9,0.52,40.0,daemon,6679.4,39402.4,1402.7,1878.4,15.1,
2025-12-24T10:01:13.275027,4.1,17.2,0.26,39.0,daemon,6679.4,39428.3,1403.0,1878.9,14.9,
2025-12-24T10:02:13.571731,4.2,17.2,0.21,42.0,daemon,6679.4,39481.6,1404.3,1885.4,14.6,
2025-12-24T10:03:13.852345,4.2,16.9,0.19,42.0,daemon,6679.4,39515.1,1404.8,1886.9,14.4,
2025-12-24T10:04:14.146304,6.7,16.9,0.36,42.0,daemon,6679.4,39537.4,1405.7,1891.7,14.2,
2025-12-24T10:05:14.432895,5.8,16.9,0.42,40.0,daemon,6679.4,39551.8,1405.9,1894.0,13.9,
2025-12-24T10:06:14.705023,7.6,17.5,0.32,43.0,daemon,6679.4,39591.3,1407.8,1896.2,13.7,
2025-12-24T10:07:14.987200,9.3,17.5,0.98,44.0,daemon,6679.4,39642.6,1408.1,1902.4,13.4,
2025-12-24T10:08:15.266493,0.0,17.5,0.83,41.0,daemon,6679.4,39732.5,1429.9,1928.4,13.2,
2025-12-24T10:09:15.533014,5.0,17.5,0.52,40.0,daemon,6679.4,39776.1,1430.3,1928.5,13.0,
2025-12-24T10:10:15.823971,3.3,17.5,1.43,42.0,daemon,6679.4,39798.1,1430.9,1935.4,12.8,
2025-12-24T10:11:16.112469,13.4,17.9,0.82,40.0,daemon,6679.4,39827.4,1431.2,1937.6,12.6,
2025-12-24T10:12:16.375037,0.0,17.5,0.30,38.0,daemon,6679.4,39849.9,1431.2,1937.7,12.5,
2025-12-24T10:13:16.635370,0.8,17.5,0.11,37.0,daemon,6679.4,39866.0,1431.3,1937.7,12.3,
2025-12-24T10:14:16.896278,0.0,17.5,0.04,38.0,daemon,6679.4,39884.2,1431.3,1937.7,12.2,
2025-12-24T10:15:17.159099,0.8,17.5,0.01,39.0,daemon,6679.4,39895.9,1431.3,1937.7,12.1,
2025-12-24T10:16:17.440497,0.0,17.5,0.00,37.0,daemon,6679.4,39914.8,1431.4,1937.7,11.9,
2025-12-24T10:17:17.727222,0.8,17.5,0.00,37.0,daemon,6679.4,39934.8,1431.4,1937.8,11.8,
2025-12-24T10:18:18.014564,0.8,17.5,0.05,36.0,daemon,6679.4,39949.9,1431.4,1937.8,11.7,
2025-12-24T10:19:18.302384,0.0,17.5,0.05,36.0,daemon,6679.4,39966.8,1431.4,1937.8,11.6,
2025-12-24T10:20:18.601069,0.0,17.5,0.07,36.0,daemon,6679.4,39982.1,1431.5,1937.8,11.4,
2025-12-24T10:21:18.885458,15.0,19.5,0.63,42.0,daemon,6679.5,40020.1,1443.2,1938.4,11.2,
2025-12-24T10:22:19.140917,9.2,18.8,0.63,40.0,daemon,6679.5,40142.9,1444.0,1938.6,10.9,
2025-12-24T10:23:19.382683,13.2,18.8,0.94,40.0,daemon,6679.5,40207.3,1445.2,1939.7,10.7,
2025-12-24T10:24:19.662233,16.8,18.5,0.82,42.0,daemon,6679.6,40401.0,1467.2,1967.5,10.5,
2025-12-24T10:25:19.906203,7.4,18.5,0.89,43.0,daemon,6679.6,40515.3,1473.2,1971.4,10.2,
2025-12-24T10:26:20.203603,0.8,18.5,0.53,41.0,daemon,6679.6,40604.7,1474.7,1972.8,10.0,
2025-12-24T10:27:20.497652,5.8,18.5,0.59,40.0,daemon,6679.6,40625.1,1475.0,1979.2,9.8,
2025-12-24T10:28:20.775630,8.4,18.8,1.02,42.0,daemon,6679.6,40681.4,1475.8,1983.9,9.5,
2025-12-24T10:29:21.055747,5.0,19.5,1.28,43.0,daemon,6679.6,40787.0,1480.9,1986.4,9.3,
2025-12-24T10:30:21.337086,0.0,19.2,0.86,40.0,daemon,6679.6,40926.1,1481.8,1986.8,9.1,
2025-12-24T10:31:21.619139,0.0,19.2,0.49,40.0,daemon,6679.6,40966.8,1481.9,1986.9,8.9,
2025-12-24T10:32:21.909017,0.0,19.2,0.34,38.0,daemon,6679.6,41012.2,1482.0,1986.9,8.8,
2025-12-24T10:33:22.198090,0.8,19.2,0.32,37.0,daemon,6679.6,41049.1,1482.1,1987.0,8.7,
2025-12-24T10:34:22.491569,2.5,18.8,0.12,36.0,daemon,6679.6,41070.0,1482.1,1987.0,8.5,
2025-12-24T10:35:22.775264,0.8,18.8,0.23,37.0,daemon,6679.6,41093.0,1482.1,1987.0,8.4,
2025-12-24T10:36:23.066321,14.2,18.8,0.30,40.0,daemon,6679.6,41220.2,1504.3,2008.3,8.1,
2025-12-24T10:37:23.344921,7.6,18.8,0.92,43.0,daemon,6679.6,41271.7,1507.3,2008.4,7.9,
2025-12-24T10:38:23.629236,9.2,19.2,0.37,39.0,daemon,6679.6,41301.8,1509.4,2008.7,7.7,
2025-12-24T10:39:23.919995,8.4,19.2,0.89,43.0,daemon,6679.6,41350.2,1510.8,2010.9,7.5,
2025-12-24T10:40:24.198668,3.3,20.5,2.13,46.0,daemon,6690.2,41470.3,1513.8,2023.1,7.6,
2025-12-24T10:41:24.479429,0.8,20.5,1.12,41.0,daemon,6690.2,41664.1,1515.0,2025.8,7.4,
2025-12-24T10:42:24.686669,0.0,20.5,0.96,68.0,daemon,6690.2,41735.6,1515.1,2025.9,7.6,
2025-12-24T10:43:24.898772,0.0,20.8,0.39,64.0,daemon,6690.2,41773.4,1515.1,2025.9,9.4,
2025-12-24T10:44:25.128449,0.8,20.8,0.48,55.0,daemon,6690.2,41796.5,1515.2,2025.9,11.2,
2025-12-24T10:45:25.365489,0.8,20.8,0.17,43.0,daemon,6690.2,41812.2,1515.2,2026.0,12.9,
2025-12-24T10:46:25.597643,0.8,20.8,0.24,50.0,daemon,6690.2,41830.3,1515.3,2026.0,14.6,
2025-12-24T10:47:25.806539,0.8,20.5,0.13,60.0,daemon,6690.2,41852.8,1515.3,2026.0,16.4,
2025-12-24T10:48:26.036228,3.3,20.8,0.08,55.0,daemon,6690.2,41874.2,1515.9,2026.2,18.1,
2025-12-24T10:49:26.265021,0.0,20.1,0.24,44.0,daemon,6690.2,41894.1,1516.2,2026.7,19.8,
2025-12-24T10:50:26.490241,2.5,20.1,0.12,56.0,daemon,6690.2,41904.9,1516.2,2026.7,21.6,
2025-12-24T10:51:26.703470,0.0,20.1,0.25,60.0,daemon,6690.2,41937.5,1516.4,2026.8,23.3,
2025-12-24T10:52:26.909237,0.0,20.1,0.13,59.0,daemon,6690.2,41964.7,1516.4,2026.8,25.0,
2025-12-24T10:53:27.129711,3.3,20.5,0.09,60.0,daemon,6690.2,41988.8,1517.2,2027.1,26.8,
2025-12-24T10:54:27.337639,4.2,20.5,0.23,62.0,daemon,6690.2,42020.0,1518.0,2027.4,28.5,
2025-12-24T10:55:27.544212,2.5,20.5,0.26,60.0,daemon,6690.2,42053.9,1518.1,2027.4,30.1,
2025-12-24T10:56:27.763990,1.7,20.5,1.10,47.0,daemon,6690.2,42075.5,1518.4,2027.8,31.8,
2025-12-24T10:57:27.986586,7.5,20.5,1.09,66.0,daemon,6690.2,42172.4,1540.1,2049.0,33.5,
2025-12-24T10:58:28.216337,1.7,20.1,0.62,53.0,daemon,6690.2,42241.5,1540.2,2049.0,35.1,
2025-12-24T10:59:28.439665,1.7,20.5,0.42,47.0,daemon,6690.2,42266.8,1540.7,2049.5,36.8,
2025-12-24T11:00:28.654293,0.8,20.1,0.15,44.0,daemon,6690.2,42312.8,1540.8,2049.6,38.5,
2025-12-24T11:01:28.878471,5.0,19.5,0.29,55.0,daemon,6690.2,42346.4,1541.4,2060.5,40.1,
2025-12-24T11:02:29.091191,7.4,19.5,0.77,62.0,daemon,6690.3,42383.7,1541.5,2060.6,41.7,
2025-12-24T11:03:29.311034,4.2,19.5,0.91,55.0,daemon,6690.3,42417.1,1541.5,2060.6,43.4,
2025-12-24T11:04:29.528443,10.7,19.5,1.31,68.0,daemon,6690.3,42432.4,1542.6,2064.7,44.9,
2025-12-24T11:05:29.760886,7.4,19.5,0.93,50.0,daemon,6691.4,42459.8,1543.4,2066.9,46.5,
2025-12-24T11:06:29.969812,5.9,19.5,1.85,66.0,daemon,6691.4,42484.8,1544.5,2076.8,48.0,
2025-12-24T11:07:30.196302,5.0,19.5,0.93,65.0,daemon,6691.4,42547.4,1545.8,2077.3,49.6,
2025-12-24T11:08:30.414640,5.8,19.8,0.49,64.0,daemon,6691.4,42595.3,1548.0,2094.2,51.1,
2025-12-24T11:09:30.624011,7.4,19.8,0.56,66.0,daemon,6691.4,42661.7,1570.6,2117.7,52.7,
2025-12-24T11:10:30.854982,2.5,19.8,0.54,48.0,daemon,6691.4,42780.1,1570.9,2117.8,54.3,
2025-12-24T11:11:31.088008,2.5,19.8,0.65,48.0,daemon,6691.4,42836.6,1572.3,2118.0,55.9,
2025-12-24T11:12:31.298119,7.5,19.8,0.46,53.0,daemon,6691.5,42895.8,1573.3,2118.2,57.5,
2025-12-24T11:13:31.522339,0.8,19.5,0.23,47.0,daemon,6691.5,42940.9,1573.3,2118.2,59.2,
2025-12-24T11:14:31.760034,0.8,19.5,0.12,47.0,daemon,6691.5,42957.2,1573.4,2118.3,60.9,
2025-12-24T11:15:31.996206,2.5,19.5,0.04,60.0,daemon,6691.5,42977.6,1573.4,2118.3,62.7,
2025-12-24T11:16:32.228757,1.7,19.5,0.01,45.0,daemon,6691.5,42993.4,1573.4,2118.3,64.4,
2025-12-24T11:17:32.453074,0.0,19.5,0.00,47.0,daemon,6691.5,43014.1,1573.5,2118.3,66.1,
2025-12-24T11:18:32.688200,0.0,19.5,0.00,47.0,daemon,6691.5,43031.0,1573.5,2118.3,67.8,
2025-12-24T11:19:32.914806,0.0,19.5,0.00,45.0,daemon,6691.5,43047.2,1573.5,2118.3,69.5,
2025-12-24T11:20:33.145138,0.8,19.5,0.00,45.0,daemon,6691.5,43061.9,1573.6,2118.4,71.2,
2025-12-24T11:21:33.377261,0.8,19.5,0.00,45.0,daemon,6691.5,43083.3,1573.6,2118.4,72.8,
2025-12-24T11:22:33.601260,2.5,19.8,0.00,66.0,daemon,6691.5,43108.5,1573.7,2118.4,74.4,
2025-12-24T11:23:33.821656,0.8,19.8,0.49,47.0,daemon,6691.5,43139.3,1576.8,2118.9,75.9,
2025-12-24T11:24:34.061425,0.0,19.8,0.18,45.0,daemon,6691.5,43172.0,1576.8,2119.0,77.4,
2025-12-24T11:25:34.298381,0.0,19.8,0.06,41.0,daemon,6691.5,43186.0,1576.9,2119.0,78.7,
2025-12-24T11:26:34.538628,0.8,19.8,0.06,41.0,daemon,6691.5,43201.8,1576.9,2119.0,80.0,
2025-12-24T11:27:34.772501,0.0,19.8,0.08,41.0,daemon,6691.5,43222.2,1577.0,2119.0,81.2,
2025-12-24T11:28:35.003722,4.1,19.8,0.03,40.0,daemon,6691.5,43239.7,1577.0,2119.1,82.3,
2025-12-24T11:29:35.238690,5.0,19.8,0.01,40.0,daemon,6691.5,43253.6,1577.0,2119.1,83.4,
2025-12-24T11:30:35.474184,0.0,19.8,0.07,40.0,daemon,6691.5,43267.4,1577.0,2119.1,84.4,
2025-12-24T11:31:35.706965,0.0,19.8,0.02,39.0,daemon,6691.5,43277.9,1577.0,2119.1,85.4,
2025-12-24T11:32:35.918276,0.0,19.8,0.08,55.0,daemon,6691.5,43320.2,1577.1,2119.1,86.3,
2025-12-24T11:33:36.124643,0.0,19.8,0.03,59.0,daemon,6691.5,43356.7,1577.2,2125.4,87.1,
2025-12-24T11:34:36.334679,2.5,19.8,0.01,55.0,daemon,6691.5,43373.3,1577.3,2125.4,87.9,
2025-12-24T11:35:36.542522,0.0,19.8,0.00,55.0,daemon,6691.5,43389.8,1577.3,2125.5,88.7,
2025-12-24T11:36:36.752468,0.8,19.8,0.00,56.0,daemon,6691.5,43407.7,1577.4,2125.5,89.4,
2025-12-24T11:37:36.963778,0.8,19.8,0.00,44.0,daemon,6691.5,43428.8,1577.5,2125.6,90.1,
2025-12-24T11:38:37.174789,0.8,19.8,0.00,60.0,daemon,6691.5,43448.9,1577.5,2125.6,90.7,
2025-12-24T11:39:37.381438,0.8,19.8,0.16,51.0,daemon,6691.5,43462.7,1577.5,2125.6,91.3,
2025-12-24T14:15:40.823852,0.0,19.8,0.34,36.0,daemon,6691.5,43549.4,1578.5,2125.9,100.0,
2025-12-24T14:16:41.066474,0.0,19.8,0.12,37.0,daemon,6691.5,43582.9,1578.5,2125.9,100.0,
2025-12-24T14:17:41.279514,0.8,19.8,0.11,52.0,daemon,6691.5,43602.2,1578.5,2125.9,100.0,
2025-12-24T14:18:41.510685,0.8,19.8,0.04,40.0,daemon,6691.5,43615.9,1578.6,2125.9,100.0,
2025-12-24T14:19:41.728707,0.0,19.8,0.01,51.0,daemon,6691.5,43630.9,1578.6,2125.9,100.0,
2025-12-24T14:20:41.974768,0.8,19.8,0.04,39.0,daemon,6691.5,43648.5,1578.6,2126.0,100.0,
2025-12-24T14:21:42.219964,0.0,19.8,0.01,37.0,daemon,6691.5,43661.7,1578.7,2126.0,100.0,
2025-12-24T14:22:42.460518,1.7,19.8,0.12,52.0,daemon,6691.5,43673.0,1578.7,2126.0,100.0,
2025-12-24T14:23:42.692948,0.0,19.8,0.04,39.0,daemon,6691.5,43686.9,1578.7,2126.0,100.0,
2025-12-24T14:24:42.939972,0.0,19.8,0.11,40.0,daemon,6691.5,43702.1,1578.7,2126.0,100.0,
2025-12-24T14:25:43.179221,0.0,19.8,0.15,40.0,daemon,6691.5,43720.4,1578.9,2126.1,100.0,
2025-12-24T14:26:43.418814,3.3,19.8,0.62,44.0,daemon,6691.5,43752.7,1578.9,2126.1,100.0,
2025-12-24T14:27:43.655891,0.0,19.8,0.26,41.0,daemon,6691.5,43804.7,1579.3,2126.2,100.0,
2025-12-24T14:28:43.870492,3.3,19.8,0.15,60.0,daemon,6691.5,43840.4,1579.5,2128.9,100.0,
2025-12-24T14:29:44.103071,0.8,19.8,0.33,41.0,daemon,6691.5,43858.9,1579.7,2131.4,100.0,
2025-12-24T14:30:44.338007,1.7,19.8,0.24,43.0,daemon,6691.5,43869.4,1579.8,2131.4,100.0,
2025-12-24T14:31:44.558834,5.0,20.1,0.33,48.0,daemon,6691.5,43899.7,1580.2,2133.8,100.0,
2025-12-24T14:32:44.768102,2.5,20.5,0.71,60.0,daemon,6691.5,43960.6,1586.5,2152.3,100.0,
2025-12-24T14:33:44.980273,5.0,20.8,0.64,51.0,daemon,6691.5,44055.8,1608.5,2187.1,100.0,
2025-12-24T14:34:45.219201,0.0,20.1,0.42,44.0,daemon,6691.5,44139.4,1609.0,2189.8,100.0,
2025-12-24T14:35:45.450287,3.3,19.8,0.33,45.0,daemon,6691.6,44221.0,1609.3,2192.2,100.0,
2025-12-24T14:36:45.693951,2.5,20.1,0.55,45.0,daemon,6691.6,44251.2,1610.1,2210.5,100.0,
2025-12-24T14:37:45.930076,0.0,20.1,0.24,43.0,daemon,6691.6,44290.7,1610.6,2213.0,100.0,
2025-12-24T14:38:46.161975,0.0,19.8,0.09,50.0,daemon,6691.6,44321.0,1610.7,2213.1,100.0,
2025-12-24T14:39:46.373509,0.8,19.8,0.22,59.0,daemon,6691.6,44336.2,1610.7,2213.1,100.0,
2025-12-24T14:40:46.603231,1.7,20.1,0.24,41.0,daemon,6691.6,44366.1,1611.4,2217.9,100.0,
2025-12-24T14:41:46.836137,1.7,20.1,0.17,42.0,daemon,6691.6,44391.3,1611.4,2218.0,100.0,
2025-12-24T14:42:47.058587,0.0,20.1,0.28,57.0,daemon,6691.6,44413.2,1611.4,2218.0,100.0,
2025-12-24T14:43:47.273861,0.8,20.1,0.58,64.0,daemon,6691.6,44426.5,1612.3,2240.1,100.0,
2025-12-24T14:44:47.489171,2.5,20.1,0.55,61.0,daemon,6691.6,44449.8,1613.2,2259.9,100.0,
2025-12-24T14:45:47.760519,7.4,20.5,0.53,37.0,daemon,6691.6,44489.9,1613.6,2260.0,100.0,
2025-12-24T14:46:48.026054,1.7,20.5,0.28,35.0,daemon,6691.6,44531.6,1614.2,2260.0,100.0,
2025-12-24T14:47:48.308702,0.0,20.5,0.10,32.0,daemon,6691.6,44550.9,1614.2,2260.1,100.0,
2025-12-24T14:48:48.590383,0.0,20.1,0.04,32.0,daemon,6691.6,44566.1,1614.2,2260.1,99.5,
2025-12-24T14:49:48.855633,2.5,20.1,0.05,33.0,daemon,6691.6,44579.6,1614.2,2260.1,99.3,
2025-12-24T14:50:49.118752,4.1,20.1,0.11,35.0,daemon,6691.6,44597.2,1614.4,2262.6,99.1,
2025-12-24T14:51:49.373777,0.8,20.1,0.07,34.0,daemon,6691.6,44630.1,1614.8,2265.3,99.0,
2025-12-24T14:52:49.646061,0.8,20.1,0.02,37.0,daemon,6691.6,44648.9,1615.2,2271.1,98.8,
2025-12-24T14:53:49.908694,8.5,20.1,0.37,35.0,daemon,6691.6,44677.0,1615.8,2276.3,98.6,
2025-12-24T14:54:50.172702,0.0,20.1,0.32,34.0,daemon,6691.6,44711.8,1616.8,2276.7,98.4,
2025-12-24T14:55:50.451540,0.0,20.1,0.12,32.0,daemon,6691.6,44744.6,1616.9,2276.7,98.3,
2025-12-24T14:56:50.736916,10.0,20.1,0.04,33.0,daemon,6691.6,44767.1,1617.0,2276.7,98.1,
2025-12-24T14:57:51.015812,0.0,20.1,0.52,33.0,daemon,6691.6,44802.8,1619.6,2277.1,97.9,
2025-12-24T14:58:51.275630,0.8,20.1,0.70,33.0,daemon,6691.6,44836.6,1619.6,2277.2,97.8,
2025-12-24T14:59:51.538015,0.8,20.1,0.31,32.0,daemon,6691.6,44853.4,1619.7,2277.2,97.6,
2025-12-24T15:00:51.799022,0.0,20.1,0.84,33.0,daemon,6691.6,44871.5,1619.8,2277.2,97.5,
2025-12-24T15:01:52.062318,0.8,20.5,0.81,35.0,daemon,6691.6,44979.9,1621.1,2277.3,97.2,
2025-12-24T15:02:52.324937,0.8,20.1,0.33,33.0,daemon,6691.6,45029.9,1621.1,2277.4,97.1,
2025-12-24T15:03:52.581489,0.0,20.1,0.16,33.0,daemon,6691.6,45039.5,1621.2,2277.4,97.0,
2025-12-24T15:04:52.838674,0.8,20.1,0.06,34.0,daemon,6691.6,45056.4,1621.2,2277.4,96.9,
2025-12-24T15:05:53.089778,4.2,20.1,0.61,36.0,daemon,6691.6,45076.8,1621.2,2277.4,96.7,
2025-12-24T15:06:53.359870,1.7,20.1,0.33,34.0,daemon,6691.6,45103.7,1621.4,2277.4,96.5,
2025-12-24T15:07:53.616377,0.8,20.1,0.31,34.0,daemon,6691.6,45152.1,1621.4,2277.5,96.4,
2025-12-24T15:08:53.872518,0.8,20.1,0.21,33.0,daemon,6691.6,45172.9,1621.4,2277.5,96.2,
2025-12-24T15:09:54.125876,7.6,20.5,0.25,37.0,daemon,6691.6,45248.1,1621.5,2277.5,96.1,
2025-12-24T15:10:54.381798,8.3,20.1,1.05,37.0,daemon,6691.6,45316.2,1621.5,2277.5,95.8,
2025-12-24T15:11:54.640885,6.7,20.5,1.49,37.0,daemon,6691.6,45338.4,1621.7,2277.6,95.6,
2025-12-24T15:12:54.887108,0.8,20.5,0.77,36.0,daemon,6691.6,45385.9,1622.2,2277.7,95.3,
2025-12-24T15:13:55.160311,0.8,20.5,0.34,32.0,daemon,6691.6,45428.3,1622.2,2277.7,95.1,
2025-12-24T15:14:55.398195,23.3,20.5,0.28,38.0,daemon,6691.6,45454.9,1622.5,2277.8,95.0,
2025-12-24T15:15:55.665006,0.0,20.5,0.10,32.0,daemon,6691.6,45500.4,1622.5,2277.8,94.9,
2025-12-24T15:16:55.920819,5.0,20.5,0.04,32.0,daemon,6691.6,45527.5,1623.1,2277.9,94.8,
2025-12-24T15:17:56.183197,3.3,20.5,0.25,33.0,daemon,6691.6,45554.8,1623.2,2277.9,94.6,
2025-12-24T15:18:56.468453,3.3,20.5,0.09,32.0,daemon,6691.6,45572.3,1623.2,2277.9,94.4,
2025-12-24T15:19:56.746213,0.0,20.5,0.03,33.0,daemon,6691.6,45598.8,1623.4,2278.0,94.3,
2025-12-24T15:20:57.026796,5.0,20.5,0.05,31.0,daemon,6691.6,45606.7,1623.4,2278.0,94.1,
2025-12-24T15:21:57.299064,9.1,20.8,0.67,35.0,daemon,6691.6,45633.8,1623.6,2278.1,93.9,
2025-12-24T15:22:57.545700,0.8,20.5,0.39,34.0,daemon,6691.6,45710.8,1623.8,2280.8,93.8,
2025-12-24T15:23:57.823055,0.0,20.5,0.47,33.0,daemon,6691.6,45745.2,1624.4,2283.4,93.5,
2025-12-24T15:24:58.099591,0.8,20.5,0.29,33.0,daemon,6691.6,45763.2,1624.4,2283.4,93.4,
2025-12-24T15:25:58.375245,0.8,20.5,0.57,33.0,daemon,6691.6,45791.5,1624.7,2285.9,93.2,
2025-12-24T15:26:58.649671,0.0,20.8,0.21,33.0,daemon,6691.6,45826.3,1624.8,2286.0,93.1,
2025-12-24T15:27:58.905652,6.6,20.5,0.07,35.0,daemon,6691.6,45851.0,1624.8,2286.0,93.0,
2025-12-24T15:28:59.156943,1.7,20.5,0.09,34.0,daemon,6691.6,45870.4,1624.8,2286.0,92.8,
2025-12-24T15:29:59.432658,0.0,20.5,0.03,32.0,daemon,6691.6,45883.0,1624.8,2286.0,92.6,
2025-12-24T15:30:59.709687,0.8,20.5,0.01,32.0,daemon,6691.6,45903.7,1624.9,2286.0,92.5,
2025-12-24T15:31:59.993339,1.6,20.5,0.03,32.0,daemon,6691.6,45927.1,1624.9,2286.0,92.4,
2025-12-24T15:33:00.273631,0.0,20.5,0.17,32.0,daemon,6691.6,45946.3,1625.0,2286.1,92.2,
2025-12-24T15:34:00.550344,0.0,20.5,0.06,32.0,daemon,6691.6,45972.8,1625.0,2286.1,92.1,
2025-12-24T15:35:00.823593,0.8,20.5,0.10,31.0,daemon,6691.6,45987.8,1625.0,2286.1,92.0,
2025-12-24T15:36:01.101647,0.8,20.5,0.14,31.0,daemon,6691.6,46011.5,1625.1,2286.1,91.9,
2025-12-24T15:37:01.379450,0.0,20.5,0.05,31.0,daemon,6691.6,46032.9,1625.2,2286.2,91.7,
2025-12-24T15:38:01.665060,0.8,20.5,0.09,32.0,daemon,6691.6,46080.8,1625.2,2286.2,91.6,
2025-12-24T15:39:01.977123,0.0,20.5,0.08,31.0,daemon,6691.6,46097.7,1625.3,2286.2,91.5,
2025-12-24T15:40:02.264742,1.7,20.5,0.03,31.0,daemon,6691.6,46112.1,1625.3,2286.2,91.4,
2025-12-24T15:41:02.552180,0.0,20.5,0.01,31.0,daemon,6691.6,46127.9,1625.3,2286.2,91.2,
2025-12-24T15:42:02.841822,0.8,20.5,0.00,31.0,daemon,6691.6,46145.5,1625.4,2286.3,91.1,
2025-12-24T15:43:03.129449,0.8,20.5,0.10,31.0,daemon,6691.6,46157.7,1625.4,2286.3,91.0,
2025-12-24T15:44:03.420385,0.0,20.5,0.10,31.0,daemon,6691.6,46177.5,1625.4,2286.3,90.9,
2025-12-24T15:45:03.709416,0.0,20.5,0.04,31.0,daemon,6691.6,46191.0,1625.4,2286.3,90.7,
2025-12-24T15:46:03.999444,0.0,20.1,0.01,31.0,daemon,6691.6,46209.8,1625.5,2286.3,90.6,
2025-12-24T15:47:04.281525,0.0,20.1,0.00,31.0,daemon,6691.6,46230.5,1625.6,2286.4,90.5,
2025-12-24T15:48:04.570085,0.0,20.1,0.14,31.0,daemon,6691.6,46250.6,1625.6,2286.4,90.3,
2025-12-24T16:57:39.372594,0.8,20.5,0.38,28.0,daemon,6691.6,46324.8,1626.5,2286.7,88.9,
2025-12-24T16:58:39.637914,8.3,19.8,0.78,31.0,daemon,6691.6,46367.7,1626.7,2286.8,88.7,
2025-12-24T16:59:39.922068,7.6,19.8,0.45,34.0,daemon,6691.6,46385.5,1626.8,2289.3,88.5,
2025-12-24T17:00:40.210188,19.2,19.8,0.45,33.0,daemon,6691.6,46395.0,1626.9,2289.4,88.3,
2025-12-24T17:01:40.477209,5.8,20.5,0.73,37.0,daemon,6691.6,46407.5,1628.2,2295.1,88.0,
2025-12-24T17:02:40.744490,8.3,20.5,0.82,36.0,daemon,6691.7,46580.9,1629.9,2303.7,87.8,
2025-12-24T17:03:41.013627,2.4,20.5,0.90,36.0,daemon,6691.7,46654.1,1633.6,2303.9,87.5,
2025-12-24T17:04:41.283582,5.8,20.5,0.97,34.0,daemon,6691.7,46688.7,1633.9,2306.5,87.4,
2025-12-24T17:05:41.553726,4.2,20.5,0.48,35.0,daemon,6691.7,46697.4,1633.9,2306.5,87.2,
2025-12-24T17:06:41.821100,5.0,20.5,0.25,34.0,daemon,6691.7,46707.9,1633.9,2306.5,87.1,
2025-12-24T17:07:42.101041,0.0,20.5,0.34,33.0,daemon,6691.7,46728.2,1634.0,2306.5,86.9,
2025-12-24T17:08:42.378353,0.0,20.5,0.29,33.0,daemon,6691.7,46737.8,1634.0,2306.5,86.7,
2025-12-24T17:09:42.655656,4.1,20.5,0.47,35.0,daemon,6691.7,46753.8,1635.9,2316.7,86.6,
2025-12-24T17:10:42.937075,1.7,22.1,0.85,35.0,daemon,6691.7,46843.0,1660.6,2347.8,86.3,
2025-12-24T17:11:43.192815,0.0,21.8,0.53,36.0,daemon,6691.7,47008.0,1660.6,2347.8,86.1,
2025-12-24T17:12:43.448176,3.4,21.4,0.19,37.0,daemon,6691.7,47029.1,1660.7,2347.8,86.0,
2025-12-24T17:13:43.720467,7.4,21.1,0.07,33.0,daemon,6691.7,47052.2,1660.8,2347.9,85.8,
2025-12-24T17:14:43.974457,0.0,20.8,0.28,37.0,daemon,6691.7,47069.8,1663.3,2350.8,85.6,
2025-12-24T17:15:44.255114,16.0,20.5,1.08,39.0,daemon,6691.7,47102.0,1665.2,2351.9,85.4,
2025-12-24T17:16:44.520601,21.0,20.5,1.40,37.0,daemon,6692.3,47266.5,1665.6,2352.2,85.1,
2025-12-24T17:17:44.769885,5.9,21.4,3.05,43.0,daemon,6692.3,47527.7,1794.7,2479.8,84.7,
2025-12-24T17:18:45.050274,0.0,20.8,1.79,35.0,daemon,6692.3,47661.3,1794.7,2479.9,84.5,
2025-12-24T17:19:45.325478,12.5,21.1,1.32,38.0,daemon,6692.3,47710.3,1795.4,2480.0,84.3,
2025-12-24T17:20:45.556658,10.8,20.5,0.76,42.0,daemon,6692.3,47764.9,1796.0,2485.9,84.0,
2025-12-24T17:20:48.257347,10.8,20.5,0.76,38.0,refresh,6692.3,47767.2,1796.2,2487.4,84.0,
2025-12-24T17:20:48.466386,15.3,20.5,0.76,38.0,refresh,6692.3,47767.2,1796.2,2487.4,84.0,
2025-12-24T17:21:45.832254,14.4,20.5,0.93,39.0,daemon,6692.3,47916.7,1817.9,2511.2,83.7,
2025-12-24T17:22:46.081868,1.7,19.8,0.64,38.0,daemon,6692.3,48034.0,1822.7,2511.6,83.5,
2025-12-24T17:23:46.348787,2.5,19.8,0.52,38.0,daemon,6692.3,48091.4,1823.0,2516.2,83.2,
2025-12-24T17:24:46.624220,0.0,19.8,0.26,35.0,daemon,6692.3,48137.1,1824.2,2521.4,83.0,
2025-12-24T17:25:46.903808,0.8,19.8,0.63,35.0,daemon,6692.4,48193.4,1824.8,2521.7,82.7,
2025-12-24T17:26:47.186842,22.0,20.1,0.97,42.0,daemon,6692.4,48234.4,1830.7,2524.9,82.5,
2025-12-24T17:27:47.461628,15.1,22.1,1.42,42.0,daemon,6692.5,48532.9,1838.7,2535.8,82.1,
2025-12-24T17:28:47.737995,10.1,21.8,1.62,38.0,daemon,6692.5,48659.1,1838.9,2537.4,81.8,
2025-12-24T17:29:48.022813,12.6,21.4,0.97,37.0,daemon,6692.6,48689.8,1839.0,2537.6,81.5,
2025-12-24T17:30:48.306786,0.8,21.4,0.74,35.0,daemon,6692.6,48758.7,1841.5,2539.3,81.3,
2025-12-24T17:31:48.577229,0.0,21.4,0.96,35.0,daemon,6692.6,48801.7,1845.1,2539.4,81.1,
2025-12-24T17:32:48.844496,4.2,21.4,0.45,38.0,daemon,6692.6,48833.3,1845.9,2544.3,80.8,
2025-12-24T17:33:49.127015,6.6,21.8,0.33,38.0,daemon,6692.6,48865.1,1847.1,2546.6,80.6,
2025-12-24T17:34:49.399742,5.9,21.8,0.53,37.0,daemon,6692.6,48951.8,1848.4,2546.9,80.3,
2025-12-24T17:35:49.671841,2.5,21.8,0.94,35.0,daemon,6692.7,49080.7,1864.5,2547.5,80.1,
2025-12-24T17:36:49.908705,14.4,21.8,0.88,40.0,daemon,6692.7,49137.6,1868.4,2547.6,79.8,
2025-12-24T17:37:50.188151,6.8,22.1,1.15,37.0,daemon,6692.7,49189.4,1868.5,2547.6,79.6,
2025-12-24T17:38:50.467379,7.4,22.1,1.07,36.0,daemon,6692.7,49217.0,1868.6,2547.7,79.3,
2025-12-24T17:39:50.728900,35.8,22.1,0.92,39.0,daemon,6693.0,49241.8,1868.8,2547.8,79.1,
2025-12-24T17:40:50.990496,9.2,22.4,1.42,39.0,daemon,6693.1,49413.6,1876.5,2548.2,78.8,
2025-12-24T17:41:51.242006,19.3,23.1,0.83,39.0,daemon,6694.8,49545.3,1886.3,2548.4,78.5,
2025-12-24T17:42:51.515262,3.3,23.4,1.03,37.0,daemon,6705.6,49802.8,1941.4,2548.6,78.3,
2025-12-24T17:43:51.768218,9.3,24.0,0.87,39.0,daemon,6705.7,49916.2,1954.8,2548.8,78.0,
2025-12-24T17:44:52.037523,3.3,23.7,1.19,38.0,daemon,6705.7,50012.2,1963.7,2548.9,77.7,
2025-12-24T17:45:52.322016,12.5,24.4,1.06,39.0,daemon,6705.7,50071.4,1966.0,2549.0,77.5,
2025-12-24T17:46:52.596755,9.2,22.1,0.91,37.0,daemon,6705.8,50169.0,1972.3,2549.1,77.2,
2025-12-24T17:47:52.858427,14.4,23.1,1.53,44.0,daemon,6709.7,50313.4,1980.4,2549.4,76.9,
2025-12-24T17:48:53.126200,0.0,21.1,1.37,37.0,daemon,6709.9,50493.1,1990.4,2549.7,76.6,
2025-12-24T17:49:53.396519,1.7,21.1,1.06,38.0,daemon,6709.9,50555.0,1990.6,2549.7,76.4,
2025-12-24T17:50:53.646283,10.0,21.8,1.02,39.0,daemon,6709.9,50605.3,1992.8,2549.8,76.1,
2025-12-24T17:51:53.910914,9.1,21.8,1.45,39.0,daemon,6710.4,50677.9,1993.2,2549.8,75.9,
2025-12-24T17:52:54.183372,9.2,21.8,1.08,36.0,daemon,6710.4,50713.8,1993.4,2549.9,75.7,
2025-12-24T17:53:54.443236,11.8,21.8,0.84,38.0,daemon,6710.4,50760.5,1993.5,2549.9,75.5,
2025-12-24T17:54:54.723442,7.5,22.1,0.96,35.0,daemon,6710.4,50807.2,1995.7,2550.0,75.2,
2025-12-24T17:55:55.000670,0.0,21.8,0.35,32.0,daemon,6710.4,50836.8,1995.8,2550.0,75.0,
2025-12-24T17:56:55.276997,10.9,21.8,0.28,33.0,daemon,6710.4,50868.5,1996.0,2550.1,74.9,
2025-12-24T17:57:55.539139,1.7,22.1,0.21,34.0,daemon,6710.4,50899.8,1996.1,2550.2,74.7,
2025-12-24T17:58:55.802645,4.2,22.1,0.57,37.0,daemon,6710.4,50925.1,1996.2,2550.3,74.5,
2025-12-24T17:59:56.069634,0.8,21.4,0.36,34.0,daemon,6710.4,50961.7,1996.4,2550.4,74.3,
2025-12-24T18:00:56.332575,1.7,21.1,0.26,37.0,daemon,6710.4,50996.0,1996.5,2550.5,74.2,
2025-12-24T18:01:56.588724,0.8,21.4,0.21,37.0,daemon,6710.4,51022.2,1996.8,2550.7,73.9,
2025-12-24T18:02:56.843249,0.8,21.1,0.18,35.0,daemon,6710.4,51048.9,1997.0,2550.8,73.8,
2025-12-24T18:03:57.105489,0.8,21.4,0.46,35.0,daemon,6710.4,51073.3,1997.2,2551.0,73.7,
2025-12-24T18:04:57.365281,13.3,21.4,0.45,37.0,daemon,6710.6,51110.1,1997.6,2551.2,73.4,
2025-12-24T18:05:57.624520,12.0,21.4,0.40,37.0,daemon,6710.7,51195.0,1997.7,2551.2,73.2,
2025-12-24T18:06:57.881351,0.8,21.1,0.53,35.0,daemon,6710.7,51235.9,1998.2,2551.3,73.0,
2025-12-24T18:07:58.139697,0.0,21.8,0.29,34.0,daemon,6710.7,51301.0,2001.1,2551.6,72.8,
2025-12-24T18:08:58.384120,4.1,21.4,0.28,37.0,daemon,6710.7,51354.3,2001.3,2551.7,72.6,
2025-12-24T18:09:58.647299,5.8,22.1,0.38,35.0,daemon,6711.9,51399.4,2002.2,2551.9,72.4,
2025-12-24T18:10:58.915464,4.2,22.1,0.53,35.0,daemon,6711.9,51495.4,2002.4,2551.9,72.2,
2025-12-24T18:11:59.193872,1.7,22.1,0.88,36.0,daemon,6712.1,51618.8,2008.2,2552.3,71.9,
2025-12-24T18:12:59.446299,15.4,22.1,0.74,39.0,daemon,6712.1,51733.3,2011.9,2552.4,71.7,
2025-12-24T18:13:59.692838,5.8,22.1,0.76,37.0,daemon,6712.1,51834.9,2018.3,2552.6,71.4,
2025-12-24T18:14:59.966202,3.3,22.4,0.79,36.0,daemon,6712.2,51937.8,2027.9,2552.7,71.2,
2025-12-24T18:16:00.226651,9.2,22.1,0.41,35.0,daemon,6712.2,51966.6,2027.9,2552.8,71.1,
2025-12-24T18:17:00.501704,1.7,22.1,0.55,33.0,daemon,6712.3,52023.2,2028.1,2552.8,70.9,
2025-12-24T18:18:00.777118,6.7,22.7,0.39,34.0,daemon,6712.5,52104.1,2028.2,2552.9,70.7,
2025-12-24T18:19:01.056103,1.7,22.4,0.55,35.0,daemon,6712.6,52204.9,2028.4,2552.9,70.5,
2025-12-24T18:20:01.320664,5.8,22.4,0.42,37.0,daemon,6713.4,52242.1,2028.9,2553.2,70.3,
2025-12-24T18:21:01.593533,6.6,22.7,0.27,33.0,daemon,6713.4,52269.9,2029.2,2553.4,70.1,
2025-12-24T18:22:01.871246,1.7,22.7,0.16,34.0,daemon,6714.2,52293.4,2030.2,2554.6,70.0,
2025-12-24T18:23:02.135373,0.0,22.7,0.25,37.0,daemon,6714.2,52331.5,2031.3,2555.8,69.7,
2025-12-24T18:24:02.391014,4.2,22.7,0.29,35.0,daemon,6714.2,52361.0,2031.8,2556.4,69.6,
2025-12-24T18:25:02.668425,0.0,23.4,0.16,33.0,daemon,6714.2,52450.7,2039.5,2564.1,69.4,
2025-12-24T18:26:02.942228,0.8,23.1,0.71,32.0,daemon,6714.2,52481.1,2039.6,2564.2,69.3,
2025-12-24T18:27:03.222852,2.5,23.1,1.01,33.0,daemon,6714.2,52500.9,2040.6,2565.4,69.1,
2025-12-24T18:28:03.503968,0.8,23.4,0.63,34.0,daemon,6714.2,52530.0,2041.2,2566.2,68.9,
2025-12-24T18:29:03.784946,0.8,23.4,0.53,35.0,daemon,6714.2,52558.7,2041.9,2567.1,68.7,
2025-12-24T18:30:04.065015,1.7,23.1,0.68,34.0,daemon,6714.2,52586.5,2042.4,2567.5,68.5,
2025-12-24T18:31:04.332890,5.0,23.4,0.50,36.0,daemon,6714.2,52609.2,2042.9,2568.1,68.3,
2025-12-24T18:32:04.613464,1.6,23.4,0.32,34.0,daemon,6714.2,52638.4,2043.4,2568.7,68.1,
2025-12-24T18:33:04.868655,6.6,24.0,0.39,37.0,daemon,6714.2,52718.0,2045.3,2569.1,67.9,
2025-12-24T18:34:05.124949,11.1,24.4,1.15,38.0,daemon,6714.3,52798.9,2046.8,2570.5,67.6,
2025-12-24T18:35:05.383219,1.7,24.4,0.77,35.0,daemon,6714.3,52901.1,2047.3,2571.0,67.4,
2025-12-24T18:36:05.647152,0.0,24.4,0.49,34.0,daemon,6714.3,52937.1,2047.3,2571.1,67.3,
2025-12-24T18:37:05.926348,0.0,23.1,0.29,33.0,daemon,6714.3,52964.6,2047.5,2571.2,67.1,
2025-12-24T18:38:06.207277,0.8,23.7,0.55,33.0,daemon,6714.3,53007.4,2048.3,2571.3,66.9,
2025-12-24T18:39:06.481529,1.7,23.4,0.50,35.0,daemon,6714.4,53065.9,2048.8,2571.4,66.7,
2025-12-24T18:40:06.740777,1.6,23.7,0.47,37.0,daemon,6714.4,53180.9,2049.8,2571.5,66.4,
2025-12-24T18:41:07.016140,0.8,23.7,0.60,35.0,daemon,6714.4,53265.5,2050.1,2571.6,66.2,
2025-12-24T18:42:07.239148,2.5,23.7,1.28,39.0,daemon,6714.4,53375.0,2052.2,2571.7,66.0,
2025-12-24T18:43:07.505274,5.0,23.7,0.67,36.0,daemon,6716.7,53468.1,2053.2,2571.8,65.7,
2025-12-24T18:44:07.757936,0.0,23.7,0.64,37.0,daemon,6725.0,53522.1,2053.5,2571.9,65.5,
2025-12-24T18:45:08.050133,0.0,23.7,0.51,35.0,daemon,6725.0,53611.5,2053.8,2571.9,65.3,
2025-12-24T18:46:08.330879,2.5,24.0,0.35,34.0,daemon,6725.0,53641.5,2053.9,2571.9,65.1,
2025-12-24T18:47:08.611096,1.7,24.4,0.30,33.0,daemon,6725.0,53695.0,2054.1,2572.0,64.9,
2025-12-24T18:48:08.878757,22.5,22.1,0.58,38.0,daemon,6725.1,53750.4,2061.1,2572.2,64.7,
2025-12-24T18:49:09.123920,3.4,22.1,0.65,39.0,daemon,6725.1,53857.1,2061.2,2572.3,64.4,
2025-12-24T18:50:09.385600,7.6,22.4,1.01,38.0,daemon,6725.1,53958.4,2075.0,2572.5,64.1,
2025-12-24T18:51:09.639584,16.8,22.4,0.75,39.0,daemon,6725.2,54124.6,2094.2,2572.7,63.8,
2025-12-24T18:52:09.894459,4.1,22.7,0.66,39.0,daemon,6785.9,54305.6,2095.7,2572.9,63.5,
2025-12-24T18:53:10.150032,8.3,22.4,0.66,38.0,daemon,6785.9,54413.0,2095.9,2573.0,63.3,
2025-12-24T18:54:10.418050,2.5,22.4,0.36,35.0,daemon,6785.9,54456.2,2096.0,2573.1,63.1,
2025-12-24T18:55:10.698699,4.2,22.1,0.71,36.0,daemon,6785.9,54482.2,2096.6,2582.6,62.9,
2025-12-24T18:56:10.971541,1.7,22.1,0.30,35.0,daemon,6785.9,54503.7,2097.2,2589.1,62.7,
2025-12-24T18:57:11.246940,1.7,22.1,0.58,35.0,daemon,6785.9,54531.6,2097.5,2589.1,62.5,
2025-12-24T18:58:11.523818,0.0,22.1,0.59,33.0,daemon,6785.9,54586.1,2097.9,2589.2,62.3,
2025-12-24T18:59:11.805279,2.5,21.8,0.22,32.0,daemon,6785.9,54618.1,2097.9,2589.3,62.2,
2025-12-24T19:00:12.075609,0.0,21.4,0.21,33.0,daemon,6785.9,54639.6,2098.0,2589.3,62.0,
2025-12-24T19:01:12.333224,1.7,21.4,0.26,35.0,daemon,6785.9,54656.6,2098.0,2589.3,61.8,
2025-12-24T19:02:12.611716,0.0,21.4,0.28,32.0,daemon,6785.9,54670.0,2098.0,2589.3,61.7,
2025-12-24T19:03:12.890809,0.8,21.4,0.19,34.0,daemon,6785.9,54685.3,2098.0,2589.4,61.5,
2025-12-24T19:04:13.164962,3.4,21.4,0.42,33.0,daemon,6785.9,54707.7,2098.2,2589.4,61.3,
2025-12-24T19:05:13.442248,0.8,21.4,0.21,32.0,daemon,6785.9,54734.0,2098.3,2589.5,61.2,
2025-12-24T19:06:13.721098,5.8,21.4,0.15,33.0,daemon,6785.9,54744.0,2098.3,2589.5,61.0,
2025-12-24T19:07:13.997447,1.6,21.8,0.25,33.0,daemon,6785.9,54762.3,2098.8,2589.5,60.8,
2025-12-24T19:08:14.277423,0.0,21.8,0.09,32.0,daemon,6785.9,54782.7,2098.9,2589.5,60.7,
2025-12-24T19:09:14.514044,15.0,21.8,0.24,38.0,daemon,6785.9,54805.7,2099.1,2589.6,60.5,
2025-12-24T19:10:14.793918,0.0,21.4,0.08,33.0,daemon,6785.9,54849.8,2099.1,2589.6,60.4,
2025-12-24T19:11:15.052980,0.0,21.8,0.07,33.0,daemon,6785.9,54871.3,2099.1,2589.6,60.2,
2025-12-24T19:12:15.314538,0.8,21.8,0.07,34.0,daemon,6785.9,54885.3,2099.2,2589.7,60.0,
2025-12-24T19:13:15.580879,1.7,21.4,0.16,35.0,daemon,6785.9,54900.8,2099.2,2589.7,59.9,
2025-12-24T19:14:15.835902,6.7,22.4,0.73,38.0,daemon,6785.9,54930.3,2100.3,2595.1,59.6,
2025-12-24T19:15:16.096215,0.0,22.4,0.52,36.0,daemon,6785.9,54996.4,2100.4,2595.1,59.4,
2025-12-24T19:16:16.378194,0.8,22.7,0.34,32.0,daemon,6785.9,55018.0,2100.7,2615.7,59.2,
2025-12-24T19:17:16.658987,0.8,22.1,0.12,34.0,daemon,6785.9,55069.7,2100.9,2615.8,59.0,
2025-12-24T19:18:16.917612,18.5,22.7,0.13,42.0,daemon,6786.0,55099.4,2102.0,2616.0,58.9,
2025-12-24T19:19:17.188070,21.8,22.4,0.58,37.0,daemon,6786.0,55157.9,2102.4,2625.3,58.6,
2025-12-24T19:20:17.468814,26.1,22.1,0.46,36.0,daemon,6786.0,55187.3,2103.0,2634.6,58.3,
2025-12-24T19:21:17.723543,2.5,22.4,0.52,39.0,daemon,6786.1,55272.6,2103.8,2641.0,58.1,
2025-12-24T19:22:17.999175,14.4,22.4,1.06,36.0,daemon,6786.1,55295.2,2104.3,2650.2,57.8,
2025-12-24T19:23:18.272559,1.7,22.4,0.49,34.0,daemon,6786.1,55314.5,2104.6,2654.0,57.5,
2025-12-24T19:24:18.521277,8.2,22.1,0.44,38.0,daemon,6786.1,55344.6,2105.3,2661.8,57.3,
2025-12-24T19:25:18.796778,0.0,23.1,0.54,37.0,daemon,6786.2,55375.9,2129.5,2685.0,57.0,
2025-12-24T19:26:19.051868,1.7,22.7,0.91,37.0,daemon,6786.2,55513.7,2129.7,2685.7,56.8,
2025-12-24T19:27:19.330005,0.0,19.2,0.39,33.0,daemon,6786.2,55590.0,2132.1,2685.9,56.6,
2025-12-24T19:28:19.606136,0.0,19.2,0.21,33.0,daemon,6786.2,55611.2,2132.1,2685.9,56.5,
2025-12-24T19:29:19.887462,0.0,19.2,0.08,33.0,daemon,6786.2,55627.3,2132.2,2686.0,56.3,
2025-12-24T19:30:20.164454,0.0,19.2,0.09,33.0,daemon,6786.2,55644.7,2132.2,2686.0,56.2,
2025-12-24T19:31:20.419331,0.8,19.2,0.03,35.0,daemon,6786.2,55665.9,2132.2,2686.0,56.0,
2025-12-24T19:32:20.676859,0.0,19.2,0.09,35.0,daemon,6786.2,55683.7,2132.3,2686.0,55.9,
2025-12-24T19:33:20.919873,3.3,19.2,0.64,36.0,daemon,6786.2,55697.9,2132.3,2686.1,55.7,
2025-12-24T19:34:21.196948,0.0,19.5,0.67,34.0,daemon,6786.2,55721.9,2132.6,2686.6,55.5,
2025-12-24T19:35:21.471667,0.8,20.1,0.70,37.0,daemon,6885.0,55819.7,2132.6,2686.6,55.3,
2025-12-24T19:36:21.728175,0.8,19.8,0.65,37.0,daemon,6885.0,55842.6,2132.7,2686.7,55.1,
2025-12-24T19:37:21.979096,6.6,20.5,0.96,38.0,daemon,6897.0,55941.9,2133.9,2687.5,54.8,
2025-12-24T19:38:22.236817,4.2,19.8,0.87,38.0,daemon,6897.0,56018.2,2134.7,2688.9,54.5,
2025-12-24T19:39:22.501226,0.0,19.5,0.52,35.0,daemon,6897.0,56071.3,2135.2,2689.6,54.3,
2025-12-24T19:40:22.773577,1.6,19.5,0.51,33.0,daemon,6897.0,56094.9,2135.2,2689.6,54.1,
2025-12-24T19:41:23.046328,1.7,19.5,0.28,35.0,daemon,6897.0,56130.4,2135.4,2689.6,53.9,
2025-12-24T19:42:23.323708,3.3,19.5,0.53,38.0,daemon,6897.0,56169.9,2135.8,2691.0,53.7,
2025-12-24T19:43:23.594985,2.5,19.2,0.29,35.0,daemon,6897.0,56197.4,2136.0,2691.4,53.5,
2025-12-24T19:44:23.846870,5.0,19.5,1.11,39.0,daemon,6897.0,56216.8,2136.5,2692.7,53.3,
2025-12-24T19:45:24.120638,5.8,20.5,0.79,37.0,daemon,6897.0,56247.6,2136.8,2699.1,53.0,
2025-12-24T19:46:24.393785,2.5,19.5,0.51,33.0,daemon,6897.0,56291.7,2136.9,2699.3,52.8,
2025-12-24T19:47:24.647654,0.0,19.2,0.19,35.0,daemon,6897.0,56315.1,2137.0,2699.6,52.7,
2025-12-24T19:48:24.897581,0.8,19.2,0.07,34.0,daemon,6897.0,56333.7,2137.0,2699.7,52.5,
2025-12-24T19:49:25.155815,0.0,19.2,0.13,33.0,daemon,6897.0,56348.9,2137.1,2699.7,52.4,
2025-12-24T19:50:25.432075,0.8,19.2,0.08,31.0,daemon,6897.0,56367.0,2137.1,2699.7,52.2,
2025-12-24T19:51:25.711244,0.8,19.2,0.10,32.0,daemon,6897.0,56392.2,2137.2,2699.8,52.1,
2025-12-24T19:52:25.991164,0.8,19.2,0.15,32.0,daemon,6897.0,56408.0,2137.2,2699.8,52.0,
2025-12-24T19:53:26.260900,0.0,19.8,0.20,32.0,daemon,6948.8,56596.8,2137.2,2699.8,51.8,
2025-12-24T19:54:26.555111,0.0,19.2,0.11,31.0,daemon,6948.8,56617.8,2137.3,2699.8,51.7,
2025-12-24T19:55:26.830487,0.0,19.2,0.06,31.0,daemon,6948.8,56632.2,2137.3,2699.8,51.6,
2025-12-24T19:56:27.102024,0.0,19.2,0.02,31.0,daemon,6948.8,56652.4,2137.4,2699.9,51.4,
2025-12-24T19:57:27.375547,0.8,19.2,0.01,31.0,daemon,6948.8,56667.0,2137.4,2699.9,51.3,
2025-12-24T19:58:27.646185,0.8,19.2,0.00,31.0,daemon,6948.8,56681.7,2137.4,2699.9,51.2,
2025-12-24T19:59:27.914637,3.3,19.2,0.07,31.0,daemon,6948.8,56695.2,2137.4,2699.9,51.0,
2025-12-24T20:00:28.190786,0.8,19.2,0.02,31.0,daemon,6948.8,56714.3,2137.5,2699.9,50.9,
2025-12-24T20:01:28.478103,0.0,19.2,0.07,31.0,daemon,6948.8,56737.8,2137.6,2700.0,50.7,
2025-12-24T20:02:28.767727,1.6,19.2,0.06,31.0,daemon,6948.8,56747.0,2137.6,2700.0,50.6,
2025-12-24T20:35:05.730626,7.9,19.5,0.14,29.0,daemon,6948.8,56786.2,2138.0,2700.2,49.8,
2025-12-24T20:36:06.018415,0.0,19.5,0.08,27.0,daemon,6948.8,56851.5,2138.5,2700.3,49.7,
2025-12-24T20:37:06.290926,18.3,20.5,0.89,35.0,daemon,6948.8,56933.8,2150.6,2700.9,49.4,
2025-12-24T20:38:06.554569,0.8,20.8,1.22,34.0,daemon,6948.8,57025.4,2155.4,2701.4,49.1,
2025-12-24T20:39:06.818027,5.8,20.5,0.48,31.0,daemon,6948.8,57090.4,2155.4,2701.4,49.0,
2025-12-24T20:40:07.085457,4.2,20.5,0.31,33.0,daemon,6948.8,57107.6,2155.5,2701.5,48.8,
2025-12-24T20:41:07.349446,0.8,20.8,0.24,32.0,daemon,6948.8,57121.2,2155.6,2701.5,48.7,
2025-12-24T20:42:07.612759,0.8,20.8,0.19,32.0,daemon,6948.8,57137.7,2155.6,2701.5,48.5,
2025-12-24T20:43:07.895911,1.7,20.8,0.10,31.0,daemon,6948.8,57157.0,2155.7,2701.5,48.4,
2025-12-24T20:44:08.187984,0.0,20.8,0.07,31.0,daemon,6948.8,57169.7,2155.7,2701.6,48.2,
2025-12-24T20:45:08.478276,0.8,20.8,0.16,31.0,daemon,6948.8,57192.6,2155.7,2701.6,48.1,
2025-12-24T20:46:08.744856,8.4,20.8,1.12,36.0,daemon,6948.8,57222.9,2157.9,2701.7,47.9,
2025-12-24T20:47:09.009028,0.8,20.8,0.52,34.0,daemon,6948.8,57273.6,2157.9,2701.8,47.7,
2025-12-24T20:48:09.256150,8.5,21.4,0.23,38.0,daemon,6948.8,57343.6,2160.5,2702.1,47.5,
2025-12-24T20:49:09.526033,8.4,21.4,0.91,37.0,daemon,6948.8,57406.2,2161.5,2702.3,47.1,
2025-12-24T20:50:09.806046,0.8,21.4,0.69,35.0,daemon,6948.8,57466.8,2161.6,2702.4,46.9,
2025-12-24T20:51:10.086106,0.0,21.1,0.58,33.0,daemon,6948.8,57544.5,2161.7,2702.4,46.7,
2025-12-24T20:52:10.365101,2.5,21.1,0.63,33.0,daemon,6948.8,57558.3,2161.7,2702.4,46.5,
2025-12-24T20:53:10.638812,10.7,21.4,0.38,33.0,daemon,6948.8,57579.6,2162.8,2702.7,46.4,
2025-12-24T20:54:10.917251,1.7,21.1,0.18,33.0,daemon,6948.8,57619.4,2163.0,2702.8,46.2,
2025-12-24T20:55:11.186310,0.0,21.1,0.10,33.0,daemon,6948.8,57638.8,2163.1,2702.8,46.1,
2025-12-24T20:56:11.450002,6.7,21.1,0.34,35.0,daemon,6948.8,57668.6,2163.2,2702.9,45.9,
2025-12-24T20:57:11.727806,7.6,21.4,0.38,37.0,daemon,6948.8,57698.0,2163.2,2702.9,45.7,
2025-12-24T20:58:11.985994,0.0,21.4,0.94,37.0,daemon,6948.8,57715.2,2163.7,2704.1,45.4,
2025-12-24T20:59:12.236704,0.0,23.1,1.18,36.0,daemon,6948.9,57953.1,2188.5,2729.7,45.1,
2025-12-24T21:00:12.508916,1.6,23.1,0.43,35.0,daemon,6948.9,57971.7,2188.6,2729.7,44.8,
2025-12-24T21:01:12.772465,2.5,22.4,0.32,37.0,daemon,6948.9,57997.8,2188.6,2729.8,44.6,
2025-12-24T21:02:13.049370,1.7,22.4,0.17,34.0,daemon,6948.9,58020.5,2188.6,2729.8,44.5,
2025-12-24T21:03:13.321665,4.1,21.4,0.42,38.0,daemon,6948.9,58049.0,2189.2,2732.4,44.2,
2025-12-24T21:04:13.610859,1.7,21.4,0.33,35.0,daemon,6948.9,58073.3,2189.7,2733.9,44.0,
2025-12-24T21:05:13.893355,1.7,21.4,0.17,34.0,daemon,6948.9,58093.1,2189.7,2733.9,43.8,
2025-12-24T21:06:14.171524,0.8,21.4,0.18,32.0,daemon,6948.9,58127.7,2190.3,2734.0,43.7,
2025-12-24T21:07:14.449471,0.0,21.4,0.16,32.0,daemon,6948.9,58160.2,2190.3,2734.0,43.5,
2025-12-24T21:08:14.731256,0.8,21.1,0.28,33.0,daemon,6948.9,58184.6,2190.3,2734.0,43.4,
2025-12-24T21:09:15.007551,0.0,21.1,0.10,33.0,daemon,6948.9,58199.4,2190.4,2734.1,43.3,
2025-12-24T21:10:15.285128,0.8,21.4,0.11,33.0,daemon,6948.9,58219.1,2190.4,2734.1,43.0,
2025-12-24T21:11:15.565714,0.8,21.4,0.18,32.0,daemon,6948.9,58244.6,2190.5,2734.1,42.9,
2025-12-24T21:12:15.833572,0.8,21.4,0.07,34.0,daemon,6948.9,58265.7,2190.5,2734.2,42.8,
2025-12-24T21:13:16.084980,0.0,21.4,0.08,35.0,daemon,6948.9,58289.3,2190.6,2734.2,42.7,
2025-12-24T21:14:16.330284,0.0,21.4,0.48,35.0,daemon,6948.9,58314.2,2190.6,2734.2,42.5,
2025-12-24T21:15:16.602796,0.8,21.4,0.17,32.0,daemon,6948.9,58332.5,2190.6,2734.2,42.3,
2025-12-24T21:16:16.881765,0.8,21.4,0.23,32.0,daemon,6948.9,58362.1,2190.7,2734.3,42.2,
2025-12-24T21:17:17.140576,0.0,21.4,0.12,35.0,daemon,6948.9,58385.7,2190.7,2734.3,42.1,
2025-12-24T21:18:17.424231,0.8,21.1,0.04,32.0,daemon,6948.9,58432.3,2190.8,2734.3,41.9,
2025-12-25T04:34:22.588582,8.3,22.7,1.68,37.0,daemon,7014.5,59573.0,2274.9,2735.5,36.5,
2025-12-25T04:35:22.860914,0.0,23.1,1.23,34.0,daemon,7014.6,59702.5,2287.1,2735.9,36.2,
2025-12-25T04:36:23.137942,2.5,23.1,0.53,32.0,daemon,7015.7,59792.7,2287.5,2736.0,36.0,
2025-12-25T04:37:23.424127,3.4,23.1,0.19,32.0,daemon,7015.7,59817.2,2287.6,2736.0,35.8,
2025-12-25T04:38:23.718362,0.8,23.4,0.29,32.0,daemon,7015.7,59836.4,2287.7,2736.1,35.6,
2025-12-25T04:39:23.988226,1.7,23.4,0.20,34.0,daemon,7015.7,59853.6,2287.7,2736.1,35.4,
2025-12-25T04:40:24.241336,2.5,23.1,0.14,38.0,daemon,7015.7,59877.8,2288.3,2736.3,35.2,
2025-12-25T04:41:24.498663,5.8,22.7,0.27,36.0,daemon,7015.8,59986.5,2288.7,2736.3,35.0,
2025-12-25T04:42:24.755934,0.0,22.7,0.26,36.0,daemon,7016.2,60052.7,2289.5,2737.0,34.7,
2025-12-25T04:43:25.043813,1.7,22.4,0.21,34.0,daemon,7016.3,60080.9,2289.7,2737.1,34.5,
2025-12-25T04:44:25.288164,25.8,24.4,0.78,46.0,daemon,7016.3,60131.2,2315.0,2737.7,34.2,
2025-12-25T04:45:25.545479,0.0,20.8,0.87,36.0,daemon,7016.3,60273.6,2323.8,2738.0,34.0,
2025-12-25T04:46:25.814194,9.2,20.8,0.79,38.0,daemon,7016.4,60328.4,2324.2,2738.1,33.7,
2025-12-25T04:47:26.088786,2.5,20.8,0.68,35.0,daemon,7016.4,60420.5,2328.4,2738.3,33.5,
2025-12-25T04:48:26.342221,0.8,20.8,0.58,35.0,daemon,7016.4,60461.0,2328.4,2738.4,33.2,
2025-12-25T04:49:26.618184,1.7,20.8,0.47,37.0,daemon,7016.4,60483.5,2329.0,2750.0,33.0,
2025-12-25T04:50:26.902630,7.4,20.8,0.49,35.0,daemon,7016.4,60503.2,2330.0,2769.5,32.7,
2025-12-25T04:51:27.186014,4.1,21.1,0.97,35.0,daemon,7016.4,60554.9,2331.3,2779.8,32.4,
2025-12-25T04:52:27.469312,12.6,21.4,1.21,37.0,daemon,7016.4,60617.9,2379.4,2828.6,32.2,
2025-12-25T04:53:27.751022,0.0,21.4,0.67,33.0,daemon,7016.4,60714.9,2382.4,2828.7,32.0,
2025-12-25T04:54:28.013689,0.8,21.1,0.81,33.0,daemon,7016.4,60736.7,2382.6,2830.8,31.7,
2025-12-25T04:55:28.275842,1.7,21.1,0.38,34.0,daemon,7016.4,60755.1,2382.7,2830.8,31.6,
2025-12-25T04:56:28.556744,1.7,21.4,0.44,33.0,daemon,7016.4,60771.0,2382.9,2832.8,31.4,
2025-12-25T04:57:28.851624,6.7,20.8,0.44,34.0,daemon,7016.4,60783.2,2383.4,2837.2,31.1,
2025-12-25T04:58:29.128633,2.5,20.8,0.43,35.0,daemon,7016.4,60806.9,2383.5,2837.2,30.9,
2025-12-25T04:59:29.365026,12.5,21.1,1.32,41.0,daemon,7016.4,60856.4,2384.8,2840.7,30.6,
2025-12-25T05:00:29.619022,5.0,22.1,1.43,42.0,daemon,7016.4,61047.7,2386.0,2844.4,30.1,
2025-12-25T05:01:29.893003,5.0,22.1,0.96,37.0,daemon,7016.4,61115.6,2386.8,2849.6,29.9,
2025-12-25T05:02:30.114733,9.2,20.8,0.82,37.0,daemon,7016.4,61162.1,2387.1,2850.3,29.6,
2025-12-25T05:03:30.379385,1.7,20.8,0.56,33.0,daemon,7016.5,61245.7,2388.1,2851.2,29.4,
2025-12-25T05:04:30.640673,38.3,21.8,0.41,37.0,daemon,7016.5,61342.5,2388.8,2851.3,29.1,
2025-12-25T05:05:30.903416,14.0,21.8,0.56,37.0,daemon,7016.5,61474.3,2389.2,2851.4,28.8,
2025-12-25T05:06:31.183174,0.0,21.8,0.50,33.0,daemon,7016.5,61596.1,2389.3,2851.4,28.6,
2025-12-25T05:07:31.460217,3.4,21.8,0.79,34.0,daemon,7118.6,61670.0,2389.6,2851.5,28.4,
2025-12-25T05:08:31.741960,0.0,21.4,0.39,32.0,daemon,7118.6,61796.3,2389.6,2851.5,28.2,
2025-12-25T05:09:32.020403,2.5,21.4,0.19,32.0,daemon,7118.6,61813.2,2389.7,2851.5,28.1,
2025-12-25T05:10:32.299347,1.7,21.4,0.13,32.0,daemon,7118.6,61833.7,2389.7,2851.5,28.0,
2025-12-25T05:11:32.567997,0.0,21.4,0.10,33.0,daemon,7118.6,61855.9,2390.1,2851.5,27.8,
2025-12-25T05:12:32.853193,1.6,21.4,0.03,33.0,daemon,7118.6,61876.9,2390.1,2851.6,27.7,
2025-12-25T05:13:33.136710,0.0,21.8,0.05,32.0,daemon,7118.6,61890.8,2390.1,2851.6,27.6,
2025-12-25T05:14:33.433695,0.0,21.8,0.11,33.0,daemon,7118.6,61918.9,2390.2,2851.6,27.4,
2025-12-25T05:15:33.729861,1.7,21.8,0.04,34.0,daemon,7118.6,61948.1,2390.3,2851.7,27.3,
2025-12-25T05:16:34.003491,1.7,21.8,0.05,35.0,daemon,7118.6,61972.7,2390.6,2852.0,27.0,
2025-12-25T05:17:34.269622,5.0,21.8,0.26,36.0,daemon,7118.6,61982.0,2390.8,2852.3,26.8,
2025-12-25T05:18:34.532788,1.7,21.8,0.36,37.0,daemon,7118.6,61997.7,2391.2,2852.7,26.6,
2025-12-25T05:19:34.786202,3.4,22.4,0.24,37.0,daemon,7118.6,62018.8,2405.6,2853.2,26.3,
2025-12-25T05:20:35.073858,4.2,21.8,0.44,35.0,daemon,7118.6,62086.0,2418.7,2853.4,26.1,
2025-12-25T05:21:35.361927,12.6,21.8,0.34,36.0,daemon,7118.6,62127.7,2419.1,2853.7,25.8,
2025-12-25T05:22:35.640770,4.1,21.8,0.24,33.0,daemon,7118.6,62162.2,2419.3,2854.0,25.6,
2025-12-25T05:23:35.917489,3.4,21.8,0.09,34.0,daemon,7118.6,62185.4,2419.5,2854.2,25.3,
2025-12-25T05:24:36.186827,1.6,22.7,0.25,36.0,daemon,7118.7,62239.3,2420.1,2855.7,25.0,
2025-12-25T05:25:36.441066,4.1,22.4,0.24,35.0,daemon,7118.7,62257.3,2420.4,2856.2,24.8,
2025-12-25T05:26:36.716179,4.1,22.4,0.23,34.0,daemon,7118.7,62283.0,2420.6,2856.4,24.6,
2025-12-25T05:27:36.971314,2.5,22.4,0.57,37.0,daemon,7118.7,62300.9,2420.6,2856.4,24.4,
2025-12-25T05:28:37.245926,3.3,22.7,0.41,34.0,daemon,7118.7,62320.7,2421.1,2857.2,24.1,
2025-12-25T05:29:37.522752,8.4,22.7,0.37,35.0,daemon,7118.7,62342.8,2421.6,2858.3,23.9,
2025-12-25T05:30:37.779113,1.7,22.7,0.45,38.0,daemon,7118.7,62365.6,2422.1,2859.1,23.6,
2025-12-25T05:31:38.037591,3.3,22.7,0.48,38.0,daemon,7118.7,62385.6,2422.4,2859.7,23.3,
2025-12-25T05:32:38.299979,0.8,22.4,0.43,34.0,daemon,7118.7,62406.8,2422.4,2859.8,23.1,
2025-12-25T05:33:38.578862,2.5,22.7,0.31,35.0,daemon,7118.7,62450.1,2423.1,2862.1,22.8,
2025-12-25T05:34:38.842636,3.3,22.4,0.17,37.0,daemon,7118.7,62473.3,2423.2,2862.2,22.6,
2025-12-25T05:35:39.096458,0.8,22.4,0.09,37.0,daemon,7118.7,62497.7,2423.3,2862.3,22.4,
2025-12-25T05:36:39.347928,0.0,22.4,0.06,35.0,daemon,7118.7,62516.6,2423.5,2862.6,22.1,
2025-12-25T05:37:39.606573,0.8,22.4,0.15,35.0,daemon,7118.7,62532.7,2423.6,2862.6,21.9,
2025-12-25T05:38:39.854165,0.8,22.4,0.46,37.0,daemon,7118.7,62545.0,2423.7,2862.7,21.7,
2025-12-25T05:39:40.110415,0.8,22.4,0.24,35.0,daemon,7118.7,62560.9,2423.8,2862.9,21.5,
2025-12-25T05:40:40.370000,4.2,22.4,0.39,37.0,daemon,7118.7,62583.8,2424.2,2863.3,21.3,
2025-12-25T05:41:40.622541,1.7,22.4,0.14,34.0,daemon,7118.7,62600.0,2424.8,2863.5,21.1,
2025-12-25T05:42:40.879435,2.5,22.7,0.16,35.0,daemon,7118.7,62619.9,2425.0,2863.7,20.9,
2025-12-25T05:43:41.154608,2.5,22.7,0.23,34.0,daemon,7118.7,62631.8,2425.4,2864.0,20.7,
2025-12-25T05:44:41.427885,20.3,22.7,0.26,33.0,daemon,7118.7,62645.9,2425.6,2864.3,20.5,
2025-12-25T05:45:41.644455,9.2,22.1,0.51,52.0,daemon,7118.7,62725.4,2426.2,2864.4,21.5,
2025-12-25T05:46:41.871716,5.8,22.1,0.39,47.0,daemon,7118.7,62773.6,2426.2,2864.4,23.2,
2025-12-25T05:47:42.106242,0.0,22.1,0.14,47.0,daemon,7118.7,62865.7,2427.1,2864.5,24.8,
2025-12-25T05:48:42.330029,0.8,22.1,0.05,44.0,daemon,7118.7,62921.9,2427.1,2864.5,26.4,
2025-12-25T05:49:42.565759,0.0,22.7,0.14,45.0,daemon,7118.7,62949.9,2427.3,2864.9,28.1,
2025-12-25T05:50:42.798226,0.8,22.4,0.05,44.0,daemon,7118.7,62974.8,2427.4,2864.9,29.8,
2025-12-25T05:51:43.038967,0.8,22.4,0.22,43.0,daemon,7118.7,62996.8,2427.8,2865.3,31.5,
2025-12-25T05:52:43.255574,8.3,22.4,0.44,52.0,daemon,7118.7,63014.2,2428.6,2866.9,33.0,
2025-12-25T05:53:43.491230,3.4,22.1,0.56,47.0,daemon,7118.7,63043.2,2429.0,2867.5,34.6,
2025-12-25T05:54:43.716849,1.6,22.1,0.46,45.0,daemon,7118.7,63063.7,2429.1,2867.6,36.3,
2025-12-25T05:55:43.959267,0.8,22.4,0.29,41.0,daemon,7118.7,63084.6,2429.2,2867.6,38.0,
2025-12-25T05:56:44.166606,5.8,22.4,0.17,47.0,daemon,7118.7,63105.3,2429.5,2868.0,39.6,
2025-12-25T05:57:44.385560,0.0,23.1,0.87,53.0,daemon,7122.1,63468.2,2533.5,2868.3,41.0,
2025-12-25T05:58:44.587262,3.4,23.7,1.47,65.0,daemon,7122.1,63518.2,2550.7,2868.4,42.6,
2025-12-25T05:59:44.797893,0.8,23.1,0.66,62.0,daemon,7122.2,63788.9,2605.4,2868.6,44.2,
2025-12-25T06:00:45.012018,2.5,23.4,0.39,45.0,daemon,7122.2,63819.9,2605.5,2868.6,45.9,
2025-12-25T06:01:45.220976,0.0,23.4,0.49,59.0,daemon,7122.2,63839.5,2605.7,2869.0,47.5,
2025-12-25T06:02:45.462624,5.0,24.0,0.70,52.0,daemon,7122.2,63861.5,2609.2,2869.7,49.1,
2025-12-25T06:03:45.677649,11.8,23.4,0.74,73.0,daemon,7122.2,63989.9,2616.1,2870.8,50.6,
2025-12-25T06:04:45.885204,6.6,23.7,0.63,47.0,daemon,7122.2,64040.6,2617.1,2872.0,52.1,
2025-12-25T06:05:46.102467,4.1,23.7,0.42,48.0,daemon,7122.2,64170.0,2627.5,2872.1,53.7,
2025-12-25T06:06:46.317381,3.3,23.4,0.15,62.0,daemon,7122.2,64202.7,2627.6,2872.2,55.3,
2025-12-25T06:07:46.534047,1.7,23.4,0.05,61.0,daemon,7122.2,64222.2,2628.0,2872.6,56.9,
2025-12-25T06:08:46.749402,0.0,23.4,0.20,60.0,daemon,7122.2,64243.8,2628.1,2872.6,58.5,
2025-12-25T06:09:46.954524,0.0,24.0,0.45,61.0,daemon,7123.9,64366.4,2630.4,2873.5,60.1,
2025-12-25T06:10:47.152766,8.3,24.4,0.96,64.0,daemon,7124.8,65128.2,3870.1,2881.8,61.6,
2025-12-25T06:11:47.354912,7.5,24.4,1.55,69.0,daemon,7128.3,68741.9,6084.6,2897.4,63.1,
2025-12-25T06:12:47.569178,0.8,24.4,1.03,47.0,daemon,7129.1,72827.4,7044.6,2904.0,64.6,
2025-12-25T06:13:47.780752,0.8,24.0,0.51,60.0,daemon,7129.1,72849.9,7044.6,2904.0,66.2,
2025-12-25T06:14:47.993186,2.5,24.4,0.32,60.0,daemon,7129.1,72871.3,7044.6,2904.0,67.9,
2025-12-25T06:15:48.219276,0.0,24.4,0.24,59.0,daemon,7129.1,72894.7,7044.7,2904.1,69.4,
2025-12-25T06:16:48.416196,1.7,24.4,0.12,64.0,daemon,7129.1,72917.0,7044.7,2904.1,71.0,
2025-12-25T06:17:48.615411,15.0,24.4,0.04,60.0,daemon,7129.1,72942.9,7044.9,2904.2,72.5,
2025-12-25T06:18:48.823065,2.5,25.0,0.33,69.0,daemon,7129.1,72982.3,7045.3,2904.7,73.8,
2025-12-25T06:19:49.055198,0.8,24.0,0.23,45.0,daemon,7129.1,73008.4,7045.3,2904.8,75.3,
2025-12-25T06:20:49.291729,0.0,24.0,0.39,45.0,daemon,7129.1,73020.0,7045.3,2904.8,76.6,
2025-12-25T06:21:49.527261,0.8,24.0,0.35,44.0,daemon,7129.1,73046.6,7045.4,2904.8,77.9,
2025-12-25T06:22:49.733273,0.8,23.7,0.18,56.0,daemon,7129.1,73081.6,7046.2,2907.0,79.1,
2025-12-25T06:23:49.952196,3.3,24.4,0.29,68.0,daemon,7236.8,73290.9,7072.7,2907.4,80.2,
2025-12-25T06:24:50.187148,2.5,24.0,0.44,47.0,daemon,7238.0,73533.0,7072.7,2907.4,81.3,
2025-12-25T06:25:50.414560,14.2,24.4,0.62,76.0,daemon,7238.0,73772.9,7072.8,2907.7,82.4,
2025-12-25T06:26:50.629205,6.6,25.0,0.87,77.0,daemon,7238.0,73852.4,7075.6,2908.3,83.3,
2025-12-25T06:27:50.847329,5.8,25.0,0.72,57.0,daemon,7238.0,73950.0,7075.7,2908.3,84.3,
2025-12-25T06:28:51.080499,0.8,25.0,0.94,49.0,daemon,7238.0,73989.1,7075.8,2908.3,85.2,
2025-12-25T06:29:51.286835,3.3,25.0,0.56,70.0,daemon,7238.0,74070.5,7076.3,2910.1,86.0,
2025-12-25T06:30:51.517981,0.8,25.3,0.67,51.0,daemon,7254.1,74231.8,7096.7,2910.9,86.8,
2025-12-25T06:31:51.756222,0.8,25.0,0.54,47.0,daemon,7254.1,74330.0,7097.2,2912.3,87.6,
2025-12-25T06:32:51.981034,3.3,25.0,0.35,45.0,daemon,7254.8,74356.6,7097.3,2912.3,88.3,
2025-12-25T06:33:52.209281,5.0,25.0,0.33,45.0,daemon,7255.0,74417.8,7097.7,2913.4,89.0,
2025-12-25T06:34:52.441432,0.0,25.0,0.42,43.0,daemon,7262.9,74525.5,7106.4,2915.8,89.6,
2025-12-25T06:35:52.647882,0.0,25.0,0.15,60.0,daemon,7262.9,74594.2,7106.5,2915.9,90.2,
2025-12-25T06:36:52.872261,1.7,24.7,0.05,44.0,daemon,7262.9,74618.3,7106.5,2915.9,90.8,
2025-12-25T06:37:53.109961,0.8,25.0,0.19,44.0,daemon,7262.9,74634.5,7106.6,2915.9,91.4,
2025-12-25T06:38:53.349676,0.8,24.7,0.07,41.0,daemon,7262.9,74653.8,7106.6,2915.9,91.9,
2025-12-25T06:39:53.582274,1.6,25.0,0.12,43.0,daemon,7262.9,74670.5,7106.6,2915.9,92.4,
2025-12-25T06:40:53.789632,2.5,25.0,0.12,57.0,daemon,7262.9,74695.0,7107.0,2915.9,92.8,
2025-12-25T06:41:53.993383,3.3,25.0,0.18,59.0,daemon,7262.9,74714.6,7107.3,2916.7,93.2,
2025-12-25T06:42:54.225643,0.8,25.0,0.30,47.0,daemon,7262.9,74768.1,7107.4,2916.7,93.7,
2025-12-25T06:43:54.465124,4.2,24.7,0.47,43.0,daemon,7263.1,74942.8,7107.4,2916.7,94.0,
2025-12-25T06:44:54.708891,0.0,25.0,0.30,43.0,daemon,7263.1,74961.2,7107.6,2916.9,94.4,
2025-12-25T06:45:54.945756,4.2,25.0,0.25,43.0,daemon,7391.1,74994.9,7107.7,2916.9,94.8,
2025-12-25T06:46:55.164729,0.8,25.0,0.35,41.0,daemon,7391.1,75019.6,7108.2,2919.0,95.1,
2025-12-25T06:47:55.372624,5.0,25.3,0.53,55.0,daemon,7391.1,75143.1,7108.6,2920.6,95.4,
2025-12-25T06:48:55.607615,1.7,25.0,0.41,49.0,daemon,7391.2,75403.5,7109.0,2922.0,95.7,
2025-12-25T06:49:55.847798,3.3,25.0,0.37,46.0,daemon,7391.2,75435.4,7109.3,2923.5,96.0,
2025-12-25T06:50:56.054989,3.3,25.0,0.41,60.0,daemon,7391.2,75459.0,7109.7,2925.1,96.3,
2025-12-25T06:51:56.268640,2.5,25.0,0.40,59.0,daemon,7419.5,75478.9,7110.3,2927.1,96.6,
2025-12-25T06:52:56.483223,0.8,24.7,0.44,47.0,daemon,7419.5,75521.0,7110.9,2928.5,96.8,
2025-12-25T06:53:56.713306,3.3,25.0,0.35,61.0,daemon,7419.5,75838.0,7111.3,2930.2,97.0,
2025-12-25T06:54:56.922296,0.8,24.7,0.49,44.0,daemon,7419.5,75862.4,7111.5,2931.5,97.3,
2025-12-25T06:55:57.143956,10.1,25.0,0.44,60.0,daemon,7432.3,75887.4,7112.9,2934.9,97.5,
2025-12-25T06:56:57.358324,3.3,25.0,0.52,66.0,daemon,7439.0,75922.7,7114.1,2937.7,97.7,
2025-12-25T06:57:57.565933,0.0,24.7,0.71,64.0,daemon,7439.0,75947.2,7115.5,2942.1,97.9,
2025-12-25T06:58:57.777150,1.6,25.0,0.62,61.0,daemon,7459.0,75975.4,7116.0,2944.8,98.1,
2025-12-25T06:59:57.966165,13.4,25.6,0.77,86.0,daemon,7459.0,76002.8,7116.7,2945.7,98.3,
2025-12-25T07:00:58.180269,7.6,25.3,0.74,68.0,daemon,7459.1,76095.9,7118.0,2948.9,98.5,
2025-12-25T07:01:58.416256,1.6,25.0,0.34,47.0,daemon,7459.1,76125.2,7118.0,2948.9,98.7,
2025-12-25T07:02:58.639087,2.5,25.3,0.29,48.0,daemon,7485.0,76166.6,7118.4,2950.5,98.8,
2025-12-25T07:03:58.845184,0.8,25.0,0.33,59.0,daemon,7501.7,76236.4,7118.7,2952.1,99.0,
2025-12-25T07:04:59.079799,5.9,26.0,1.14,57.0,daemon,7501.7,76309.5,7120.9,2957.3,99.1,
2025-12-25T07:05:59.312687,0.0,26.0,1.03,48.0,daemon,7501.7,76394.0,7121.4,2960.1,99.3,
2025-12-25T07:06:59.515837,0.8,26.0,0.92,62.0,daemon,7501.7,76499.6,7121.5,2960.1,99.4,
2025-12-25T07:07:59.758898,0.0,25.0,0.50,45.0,daemon,7501.7,76549.5,7122.1,2960.3,99.4,
2025-12-25T07:08:59.993499,0.0,24.7,0.63,45.0,daemon,7501.7,76610.6,7122.5,2960.3,99.4,
2025-12-25T07:10:00.221450,9.2,25.6,0.54,51.0,daemon,7501.7,76693.8,7122.7,2960.5,99.4,
2025-12-25T07:11:00.453551,10.0,25.6,0.81,48.0,daemon,7501.7,76815.9,7123.6,2960.6,99.4,
2025-12-25T07:12:00.668054,4.2,25.6,0.44,47.0,daemon,7659.4,77139.6,7125.6,2960.6,99.4,
2025-12-25T07:13:00.897864,8.3,26.3,0.39,53.0,daemon,7659.5,77217.1,7129.6,2961.6,99.4,
2025-12-25T07:14:01.135982,6.6,26.3,0.60,65.0,daemon,7659.5,77316.8,7129.8,2961.8,99.4,
2025-12-25T07:15:01.362904,3.3,27.6,0.60,49.0,daemon,7659.5,77347.3,7130.3,2962.2,99.4,
2025-12-25T07:16:01.577595,6.7,26.9,0.54,71.0,daemon,7659.5,77438.1,7131.2,2962.4,100.0,
2025-12-25T07:17:01.784448,9.2,26.6,0.93,59.0,daemon,7659.6,77476.6,7131.3,2962.6,100.0,
2025-12-25T07:18:02.015890,3.3,26.9,0.88,64.0,daemon,7659.6,77515.8,7131.4,2962.8,100.0,
2025-12-25T07:19:02.218719,3.4,26.6,0.53,68.0,daemon,7659.6,77644.1,7131.6,2963.0,100.0,
2025-12-25T07:20:02.430876,13.6,26.9,0.54,92.0,daemon,7659.6,77757.0,7131.9,2963.4,100.0,
2025-12-25T07:21:02.635380,11.7,26.9,1.07,59.0,daemon,7659.6,77839.5,7132.2,2963.6,100.0,
2025-12-25T07:22:02.856923,8.3,26.9,0.52,47.0,daemon,7659.6,77888.7,7132.4,2963.8,100.0,
2025-12-25T07:23:03.062003,2.5,26.9,0.77,69.0,daemon,7659.6,78010.4,7132.6,2964.1,100.0,
2025-12-25T07:24:03.271681,0.8,27.3,0.95,69.0,daemon,7659.6,78208.9,7132.8,2964.3,100.0,
2025-12-25T07:25:03.471538,3.3,27.3,0.53,65.0,daemon,7659.6,78470.3,7132.9,2964.4,100.0,
2025-12-25T07:26:03.668999,85.1,27.6,0.46,80.0,daemon,7682.2,78602.9,7133.0,2964.6,100.0,
2025-12-25T07:27:03.868731,5.1,27.3,0.59,69.0,daemon,7701.3,78638.7,7133.1,2964.7,100.0,
2025-12-25T07:28:04.052727,5.7,27.3,0.83,66.0,daemon,7701.3,78676.8,7133.2,2964.8,100.0,
2025-12-25T07:29:04.263635,4.2,27.6,0.62,69.0,daemon,7701.3,78721.0,7133.5,2965.0,100.0,
2025-12-25T07:30:04.486058,10.9,26.9,1.74,64.0,daemon,7719.5,78766.6,7133.5,2965.1,100.0,
2025-12-25T07:31:04.728151,3.3,27.6,1.04,60.0,daemon,7719.5,78800.2,7133.7,2965.3,100.0,
2025-12-25T07:32:04.933311,96.7,26.9,0.97,78.0,daemon,7719.5,78824.8,7133.8,2965.4,100.0,
2025-12-25T07:33:05.124270,5.0,27.3,0.76,70.0,daemon,7742.9,78897.5,7134.1,2965.5,100.0,
2025-12-25T07:34:05.340321,3.4,27.3,0.76,65.0,daemon,7742.9,78942.8,7134.4,2966.6,100.0,
2025-12-25T07:35:05.558873,2.5,27.3,0.75,55.0,daemon,7742.9,78963.2,7134.7,2967.8,100.0,
2025-12-25T07:36:05.793889,4.1,27.6,0.61,47.0,daemon,7742.9,78991.0,7135.0,2968.0,100.0,
2025-12-25T07:37:06.013981,2.5,26.9,0.56,53.0,daemon,7742.9,79011.8,7136.1,2969.1,100.0,
2025-12-25T07:38:06.259995,8.4,27.3,0.95,50.0,daemon,7742.9,79035.5,7136.8,2971.9,100.0,
2025-12-25T07:39:06.470865,3.3,27.3,0.89,65.0,daemon,7742.9,79061.1,7137.6,2975.3,100.0,
2025-12-25T07:40:06.685764,2.6,26.9,0.68,52.0,daemon,7742.9,79083.8,7137.6,2975.3,100.0,
2025-12-25T07:41:06.897980,4.1,26.9,0.52,69.0,daemon,7742.9,79107.3,7137.7,2975.3,100.0,
2025-12-25T07:42:07.105895,4.2,26.9,0.48,65.0,daemon,7742.9,79123.3,7137.7,2975.3,100.0,
2025-12-25T07:43:07.317365,2.5,26.9,0.50,65.0,daemon,7742.9,79137.9,7137.7,2975.3,100.0,
2025-12-25T07:44:07.526925,5.7,26.9,0.88,59.0,daemon,7742.9,79150.2,7138.2,2976.9,100.0,
2025-12-25T07:45:07.730515,3.4,26.9,0.46,64.0,daemon,7742.9,79171.0,7138.2,2976.9,100.0,
2025-12-25T07:46:07.973048,4.1,26.9,0.65,51.0,daemon,7742.9,79195.7,7138.6,2977.0,100.0,
2025-12-25T07:47:08.204067,3.3,26.9,0.50,51.0,daemon,7767.1,79252.0,7139.1,2978.2,100.0,
2025-12-25T07:48:08.406735,4.1,26.9,0.37,62.0,daemon,7767.1,79272.8,7139.2,2978.3,100.0,
2025-12-25T07:49:08.610447,3.3,26.6,0.39,51.0,daemon,7767.1,79284.9,7139.2,2978.3,100.0,
2025-12-25T07:50:08.816286,0.8,26.9,0.32,65.0,daemon,7767.1,79302.4,7139.2,2978.3,100.0,
2025-12-25T07:51:09.024765,4.2,26.9,0.34,66.0,daemon,7767.1,79322.1,7139.3,2978.3,100.0,
2025-12-25T07:52:09.230259,10.8,27.3,0.45,62.0,daemon,7790.0,79363.4,7140.2,2983.5,100.0,
2025-12-25T07:53:09.439882,3.3,27.3,0.52,62.0,daemon,7790.0,79393.3,7141.3,2987.6,100.0,
2025-12-25T07:54:09.669044,4.1,26.3,0.22,46.0,daemon,7811.0,79453.5,7141.8,2988.3,100.0,
2025-12-25T07:55:09.886145,0.0,26.6,0.98,62.0,daemon,7811.0,79484.4,7142.9,2992.6,100.0,
2025-12-25T07:56:10.091472,8.4,26.6,0.56,65.0,daemon,7811.1,79538.4,7143.1,2992.8,100.0,
2025-12-25T07:57:10.328923,0.0,26.3,0.24,45.0,daemon,7811.1,79569.7,7143.2,2992.8,100.0,
2025-12-25T07:58:10.537656,5.8,26.3,0.15,76.0,daemon,9408.8,80375.3,7144.6,2992.9,100.0,
2025-12-25T07:59:10.744404,0.8,26.6,0.16,60.0,daemon,10309.6,82173.7,7146.7,2993.3,100.0,
2025-12-25T08:00:10.942960,5.8,26.6,0.19,53.0,daemon,16758.8,84050.6,7165.0,2994.4,100.0,
2025-12-25T08:01:11.184738,0.8,26.3,0.15,45.0,daemon,17598.3,88803.9,7165.2,2995.4,100.0,
2025-12-25T08:02:11.418287,1.7,26.3,0.26,43.0,daemon,17598.3,88820.1,7165.2,2995.4,100.0,
2025-12-25T08:03:11.649101,0.0,26.3,0.09,45.0,daemon,17682.8,88861.5,7165.8,2997.5,100.0,
2025-12-25T08:04:11.894302,0.8,26.3,0.26,45.0,daemon,23196.3,94689.0,7172.1,2998.7,100.0,
2025-12-25T08:05:12.132337,0.8,26.3,0.34,44.0,daemon,29279.9,97609.0,7181.7,3002.1,100.0,
2025-12-25T08:06:12.347658,7.6,26.6,0.36,61.0,daemon,29279.9,101028.4,7182.4,3005.5,100.0,
2025-12-25T08:07:12.557905,1.7,26.3,0.60,62.0,daemon,29279.9,101061.8,7183.0,3007.7,100.0,
2025-12-25T08:08:12.782170,8.3,26.6,0.28,64.0,daemon,29280.7,101085.9,7183.2,3007.9,100.0,
2025-12-25T08:09:12.995836,6.7,26.6,0.67,48.0,daemon,29280.7,101127.0,7183.4,3008.1,100.0,
2025-12-25T08:10:13.204931,8.3,26.6,0.69,69.0,daemon,29280.7,101165.5,7183.5,3008.2,100.0,
2025-12-25T08:11:13.421381,0.0,26.3,0.47,60.0,daemon,29280.7,101228.9,7183.7,3008.4,100.0,
2025-12-25T08:12:13.645965,0.8,26.6,0.31,42.0,daemon,34761.1,104189.5,7192.8,3009.8,100.0,
2025-12-25T08:13:13.881586,1.7,26.3,0.11,43.0,daemon,34761.1,106925.8,7192.8,3009.8,100.0,
2025-12-25T08:14:14.118385,0.0,26.6,0.04,43.0,daemon,34761.1,106938.4,7192.9,3009.8,100.0,
2025-12-25T08:15:14.353291,0.8,26.6,0.08,41.0,daemon,34761.4,106959.3,7193.0,3009.9,100.0,
2025-12-25T08:16:14.596780,60.2,27.3,0.34,89.0,daemon,42945.8,113859.5,7212.7,3010.3,100.0,
2025-12-25T08:17:14.828331,0.8,26.0,0.26,55.0,daemon,42945.8,115520.8,7213.2,3011.6,100.0,
2025-12-25T08:18:15.038061,14.3,26.9,0.70,82.0,daemon,42945.8,115600.5,7213.8,3011.8,100.0,
2025-12-25T08:19:15.247676,1.7,27.3,0.50,59.0,daemon,42945.8,115704.5,7214.4,3012.5,100.0,
2025-12-25T08:20:15.451970,1.7,27.3,0.44,65.0,daemon,42945.8,115742.3,7214.5,3012.6,100.0,
2025-12-25T08:21:15.646054,8.4,28.2,0.49,70.0,daemon,42945.8,115788.4,7215.1,3012.8,100.0,
2025-12-25T08:22:15.868367,11.7,27.6,0.78,59.0,daemon,42945.8,115834.4,7215.3,3013.0,100.0,
2025-12-25T08:23:16.083538,2.5,27.3,0.35,45.0,daemon,42945.8,115864.2,7215.5,3013.1,100.0,
2025-12-25T08:24:16.297931,3.4,26.9,0.31,51.0,daemon,42945.8,115895.6,7215.8,3013.3,100.0,
2025-12-25T08:25:16.534705,1.7,27.3,0.39,45.0,daemon,42945.8,115932.5,7216.1,3015.5,100.0,
2025-12-25T08:26:16.765813,7.4,27.3,0.63,45.0,daemon,42945.8,115959.8,7216.3,3016.3,100.0,
2025-12-25T08:27:16.991395,7.4,26.9,0.59,44.0,daemon,42945.8,115970.4,7216.3,3016.3,100.0,
2025-12-25T08:28:17.200325,5.0,27.3,0.54,68.0,daemon,42945.8,115987.3,7216.3,3016.3,100.0,
2025-12-25T08:29:17.409332,0.8,26.9,0.50,61.0,daemon,42945.8,116004.8,7216.5,3016.4,100.0,
2025-12-25T08:30:17.639887,5.0,27.3,0.24,45.0,daemon,42945.8,116027.1,7217.0,3019.3,100.0,
2025-12-25T08:31:17.852089,4.2,26.9,0.62,47.0,daemon,42945.8,116053.3,7217.3,3020.1,100.0,
2025-12-25T08:32:18.084101,3.3,26.9,0.52,45.0,daemon,42945.8,116072.1,7217.9,3023.0,100.0,
2025-12-25T08:33:18.310330,1.7,26.9,0.37,57.0,daemon,42945.8,116110.3,7217.9,3023.0,100.0,
2025-12-25T08:34:18.545336,2.5,26.9,0.47,45.0,daemon,42945.8,116130.4,7218.0,3023.1,100.0,
2025-12-25T08:35:18.756458,14.3,27.3,0.85,60.0,daemon,42945.8,116199.3,7218.8,3023.2,100.0,
2025-12-25T08:36:18.971201,2.5,28.2,0.79,65.0,daemon,42945.9,116311.8,7221.7,3024.2,100.0,
2025-12-25T08:37:19.186878,7.5,27.6,0.45,55.0,daemon,42945.9,116346.2,7222.9,3027.9,100.0,
2025-12-25T08:38:19.385504,16.8,27.3,0.60,70.0,daemon,42945.9,116371.7,7223.1,3028.7,100.0,
2025-12-25T08:39:19.609735,5.0,27.3,0.71,52.0,daemon,42945.9,116440.4,7223.6,3028.8,100.0,
2025-12-25T08:40:19.845397,10.0,27.3,0.44,61.0,daemon,42945.9,116501.7,7224.1,3029.0,100.0,
2025-12-25T08:41:20.053809,0.8,27.3,0.32,60.0,daemon,42945.9,116542.6,7224.3,3029.1,100.0,
2025-12-25T08:42:20.270801,7.6,27.3,0.11,52.0,daemon,42945.9,116557.5,7224.3,3029.1,100.0,
2025-12-25T08:43:20.494614,0.8,26.9,0.07,41.0,daemon,42945.9,116569.0,7224.3,3029.1,100.0,
2025-12-25T08:44:20.730352,0.8,27.3,0.12,41.0,daemon,42945.9,116574.9,7224.3,3029.1,100.0,
2025-12-25T08:45:20.944051,0.0,27.3,0.04,41.0,daemon,42945.9,116589.6,7224.4,3029.1,100.0,
2025-12-25T08:46:21.176804,0.0,27.3,0.12,41.0,daemon,42945.9,116607.0,7224.4,3029.2,100.0,
2025-12-25T08:47:21.415039,0.8,27.3,0.15,41.0,daemon,42945.9,116621.2,7224.4,3029.2,100.0,
2025-12-25T08:48:21.652356,0.0,27.3,0.18,41.0,daemon,42945.9,116630.2,7224.5,3029.2,100.0,
2025-12-25T08:49:21.877324,0.8,27.3,0.20,57.0,daemon,42945.9,116642.3,7224.5,3029.2,100.0,
2025-12-25T08:50:22.083742,0.0,26.9,0.13,56.0,daemon,42945.9,116671.5,7224.6,3029.3,100.0,
2025-12-25T08:51:22.292244,0.0,26.9,0.08,57.0,daemon,42945.9,116691.0,7224.6,3029.3,100.0,
2025-12-25T08:52:22.500244,1.6,27.3,0.03,59.0,daemon,42945.9,116707.1,7224.6,3029.3,100.0,
2025-12-25T08:53:22.707191,0.8,27.3,0.13,57.0,daemon,42945.9,116715.5,7224.6,3029.3,100.0,
2025-12-25T08:54:22.922298,0.0,26.0,0.15,62.0,daemon,42945.9,116753.5,7225.0,3029.3,100.0,
2025-12-25T08:55:23.131799,0.0,26.0,0.05,59.0,daemon,42945.9,116777.5,7225.0,3029.4,100.0,
2025-12-25T08:56:23.341303,0.0,26.0,0.02,59.0,daemon,42945.9,116793.3,7225.1,3029.4,100.0,
2025-12-25T08:57:23.562273,0.0,26.0,0.00,47.0,daemon,42945.9,116811.7,7225.1,3029.4,100.0,
2025-12-25T08:58:23.804013,0.8,26.0,0.06,41.0,daemon,42945.9,116826.6,7225.1,3029.4,100.0,
2025-12-25T08:59:24.017673,0.0,26.0,0.09,59.0,daemon,42945.9,116841.4,7225.1,3029.4,100.0,
2025-12-25T09:00:24.230409,1.6,26.0,0.03,57.0,daemon,42945.9,116859.1,7225.2,3029.4,100.0,
2025-12-25T09:01:24.475676,1.7,26.0,0.08,40.0,daemon,42945.9,116878.0,7225.2,3029.5,100.0,
2025-12-25T09:02:24.721040,0.0,26.0,0.34,44.0,daemon,42945.9,116920.5,7225.3,3029.5,100.0,
2025-12-25T09:03:24.928920,0.0,25.6,0.25,56.0,daemon,42945.9,116945.2,7225.3,3029.5,100.0,
2025-12-25T09:04:25.155102,0.0,25.6,0.16,43.0,daemon,42945.9,116958.9,7225.3,3029.5,100.0,
2025-12-25T09:05:25.364050,0.0,25.6,0.06,59.0,daemon,42945.9,117045.3,7225.5,3029.6,100.0,
2025-12-25T09:06:25.573896,0.0,25.6,0.13,59.0,daemon,42945.9,117115.7,7225.5,3029.6,100.0,
2025-12-25T09:07:25.779869,1.7,25.6,0.11,57.0,daemon,42945.9,117129.9,7225.5,3029.6,100.0,
2025-12-25T09:08:26.018090,0.0,25.6,0.04,41.0,daemon,42945.9,117146.2,7225.5,3029.6,100.0,
2025-12-25T12:40:27.379403,5.9,26.6,0.12,45.0,daemon,42946.0,117261.8,7228.1,3030.1,100.0,
2025-12-25T12:41:27.604490,0.8,26.3,0.47,56.0,daemon,42946.0,117385.6,7228.5,3030.2,100.0,
2025-12-25T12:42:27.831384,3.4,26.3,0.65,64.0,daemon,42946.0,117485.9,7231.1,3030.3,100.0,
2025-12-25T12:43:28.033442,10.7,27.3,0.65,74.0,daemon,42946.1,117549.0,7231.9,3030.4,100.0,
2025-12-25T12:44:28.258015,3.3,27.3,0.58,50.0,daemon,42946.1,117637.3,7232.0,3030.5,100.0,
2025-12-25T12:45:28.474114,0.8,27.3,1.03,64.0,daemon,42946.1,117668.2,7232.3,3031.1,100.0,
2025-12-25T12:46:28.704503,0.8,26.3,0.77,47.0,daemon,42946.1,117707.6,7232.4,3031.2,100.0,
2025-12-25T12:47:28.950124,4.1,26.6,0.84,44.0,daemon,42946.1,117816.1,7236.9,3031.4,100.0,
2025-12-25T12:48:29.176753,6.7,26.9,0.74,65.0,daemon,42946.1,117900.4,7239.9,3031.5,100.0,
2025-12-25T12:49:29.392232,0.0,26.3,1.02,61.0,daemon,42946.1,118081.7,7242.8,3031.8,100.0,
2025-12-25T12:50:29.618745,3.4,26.9,0.86,64.0,daemon,42946.1,118184.9,7243.7,3031.9,100.0,
2025-12-25T12:51:29.836711,8.3,26.9,0.48,48.0,daemon,42946.1,118260.7,7244.0,3031.9,100.0,
2025-12-25T12:52:30.067325,0.0,26.9,0.80,47.0,daemon,42946.1,118310.1,7244.8,3032.0,100.0,
2025-12-25T12:53:30.310123,1.7,26.0,0.60,47.0,daemon,42946.1,118388.4,7245.5,3032.1,100.0,
2025-12-25T12:54:30.548629,0.0,26.0,0.68,44.0,daemon,42946.1,118462.1,7246.1,3032.1,100.0,
2025-12-25T12:55:30.782522,5.0,26.0,0.25,41.0,daemon,42946.1,118491.5,7246.2,3032.2,100.0,
2025-12-25T12:56:31.023010,0.8,26.0,0.91,44.0,daemon,42946.1,118531.2,7248.2,3032.2,100.0,
2025-12-25T12:57:31.258412,0.8,26.0,0.43,41.0,daemon,42946.1,118574.7,7248.2,3032.2,100.0,
2025-12-25T12:58:31.490036,3.3,26.0,0.45,45.0,daemon,42946.1,118591.9,7248.2,3032.2,100.0,
2025-12-25T12:59:31.751795,2.5,26.0,0.73,41.0,daemon,42946.1,118605.6,7249.5,3032.3,100.0,
2025-12-25T13:00:32.000977,0.8,26.0,0.55,41.0,daemon,42946.1,118630.1,7249.9,3032.6,100.0,
2025-12-25T13:01:32.248229,0.8,26.0,0.37,45.0,daemon,42946.1,118652.2,7250.5,3033.0,100.0,
2025-12-25T13:02:32.490343,2.5,26.3,0.42,40.0,daemon,42946.1,118667.3,7251.0,3033.2,100.0,
2025-12-25T13:03:32.730864,0.8,26.0,0.24,41.0,daemon,42946.1,118703.2,7251.6,3033.5,100.0,
2025-12-25T13:04:32.951210,0.8,26.3,0.27,59.0,daemon,42946.1,118727.0,7252.1,3033.7,100.0,
2025-12-25T13:05:33.164763,2.4,26.3,0.24,59.0,daemon,42946.1,118743.7,7255.8,3034.0,100.0,
2025-12-25T13:06:33.386220,0.8,26.3,0.12,60.0,daemon,42946.1,118755.8,7261.0,3034.3,100.0,
2025-12-25T13:07:33.603014,5.1,27.3,0.22,68.0,daemon,42946.1,118849.3,7265.1,3034.7,100.0,
2025-12-25T13:08:33.825253,8.4,26.9,0.48,64.0,daemon,42946.1,118958.2,7265.4,3034.8,100.0,
2025-12-25T13:09:34.054192,3.3,26.9,0.58,45.0,daemon,42946.1,118999.8,7265.6,3034.8,100.0,
2025-12-25T13:10:34.293978,2.5,26.3,0.32,44.0,daemon,42946.1,119021.9,7265.8,3035.0,100.0,
2025-12-25T13:11:34.539757,3.3,26.0,0.24,48.0,daemon,42946.1,119049.7,7266.7,3035.3,100.0,
2025-12-25T13:12:34.789925,5.9,26.3,0.37,47.0,daemon,42946.1,119100.0,7267.2,3035.4,100.0,
2025-12-25T13:13:35.025799,8.3,26.6,0.57,69.0,daemon,42946.1,119134.9,7267.4,3035.5,100.0,
2025-12-25T13:14:35.223651,8.4,26.6,0.72,75.0,daemon,42946.1,119177.8,7274.3,3035.7,100.0,
2025-12-25T13:15:35.464355,0.8,26.3,0.42,44.0,daemon,42946.2,119313.9,7276.3,3035.8,100.0,
2025-12-25T13:16:35.701572,0.8,26.6,0.53,47.0,daemon,42946.2,119344.9,7277.2,3036.1,100.0,
2025-12-25T13:17:35.948481,18.3,26.6,0.32,45.0,daemon,42946.3,119420.8,7278.8,3036.4,100.0,
2025-12-25T13:18:36.191036,0.8,26.6,0.30,45.0,daemon,42946.3,119462.0,7278.9,3036.4,100.0,
2025-12-25T13:19:36.415859,2.5,26.6,0.38,61.0,daemon,42946.3,119489.7,7279.4,3036.8,100.0,
2025-12-25T13:20:36.639940,0.0,26.6,0.43,60.0,daemon,42946.3,119512.0,7279.9,3037.1,100.0,
2025-12-25T13:21:36.869424,2.5,26.6,0.31,52.0,daemon,42946.3,119539.2,7280.9,3037.4,100.0,
2025-12-25T13:22:37.108727,2.5,26.6,0.30,45.0,daemon,42946.3,119557.5,7282.4,3037.6,100.0,
2025-12-25T13:23:37.350095,5.0,27.6,0.29,49.0,daemon,42946.3,119600.0,7284.3,3038.2,100.0,
2025-12-25T13:24:37.584661,5.8,27.6,0.49,61.0,daemon,42946.3,119697.1,7284.9,3038.4,100.0,
2025-12-25T13:25:37.804568,0.0,27.6,0.59,59.0,daemon,42946.3,119717.8,7285.0,3038.4,100.0,
2025-12-25T13:26:38.023185,7.5,27.6,0.43,60.0,daemon,42946.3,119757.5,7285.1,3038.6,100.0,
2025-12-25T13:27:38.241150,3.3,27.6,0.34,60.0,daemon,42946.3,119795.1,7285.4,3038.9,100.0,
2025-12-25T13:28:38.455455,0.8,27.6,0.57,60.0,daemon,42946.3,119823.2,7285.5,3039.0,100.0,
2025-12-25T13:29:38.696293,15.3,27.6,0.74,43.0,daemon,42946.3,119843.7,7285.6,3039.1,100.0,
2025-12-25T13:30:38.933101,1.7,27.6,0.40,45.0,daemon,42946.3,119875.6,7285.7,3039.3,100.0,
2025-12-25T13:31:39.134685,2.5,27.6,0.30,56.0,daemon,42946.3,119895.3,7285.7,3039.3,100.0,
2025-12-25T13:32:39.363029,10.1,27.6,0.31,47.0,daemon,42946.3,119921.1,7285.7,3039.4,100.0,
2025-12-25T13:33:39.582081,1.7,27.6,0.39,45.0,daemon,42946.3,119982.6,7285.9,3039.5,100.0,
2025-12-25T13:34:39.802462,1.7,27.6,0.28,60.0,daemon,42946.3,120015.0,7286.0,3039.6,100.0,
2025-12-25T13:35:40.002823,0.8,28.2,0.52,57.0,daemon,42946.3,120101.0,7288.3,3039.9,100.0,
2025-12-25T13:36:40.230749,0.8,28.6,0.83,56.0,daemon,42946.3,120256.8,7293.2,3040.2,100.0,
2025-12-25T13:37:40.456414,5.8,28.6,0.30,69.0,daemon,42946.3,120376.4,7304.0,3040.5,100.0,
2025-12-25T13:38:40.664822,5.1,28.6,0.45,62.0,daemon,42946.3,120416.7,7304.0,3040.5,100.0,
2025-12-25T13:39:40.905817,2.5,28.6,0.50,60.0,daemon,42946.3,120449.7,7304.7,3040.6,100.0,
2025-12-25T13:40:41.122896,0.8,28.9,0.50,61.0,daemon,42946.3,120509.0,7305.0,3040.8,100.0,
2025-12-25T13:41:41.369558,5.9,28.6,0.40,55.0,daemon,42946.3,120548.3,7305.2,3040.9,100.0,
2025-12-25T13:42:41.575861,9.9,28.6,0.34,62.0,daemon,42946.3,120586.8,7305.3,3041.0,100.0,
2025-12-25T13:43:41.816987,11.6,28.6,0.68,52.0,daemon,42946.3,120639.5,7327.8,3041.3,100.0,
2025-12-25T13:44:42.044684,0.0,28.9,0.54,59.0,daemon,42946.3,120696.1,7328.2,3041.4,100.0,
2025-12-25T13:45:42.274062,1.7,28.9,0.73,45.0,daemon,42946.3,120744.7,7328.5,3041.5,100.0,
2025-12-25T13:46:42.510699,3.4,29.2,0.63,65.0,daemon,42946.4,120814.8,7329.6,3041.6,100.0,
2025-12-25T13:47:42.725697,1.7,28.2,1.06,61.0,daemon,42946.4,120925.2,7330.9,3041.8,100.0,
2025-12-25T13:48:42.939957,1.7,28.2,0.47,60.0,daemon,42946.4,120968.9,7331.0,3041.8,100.0,
2025-12-25T13:49:43.159313,0.0,28.2,0.17,57.0,daemon,42946.4,120985.7,7331.0,3041.9,100.0,
2025-12-25T13:50:43.374732,0.0,28.2,0.06,60.0,daemon,42946.4,121003.4,7331.4,3041.9,100.0,
2025-12-25T13:51:43.587249,0.0,28.2,0.07,57.0,daemon,42946.4,121020.3,7331.5,3042.0,100.0,
2025-12-25T13:52:43.817584,1.7,28.6,0.08,48.0,daemon,42946.4,121042.9,7331.7,3042.0,100.0,
2025-12-25T13:53:44.050990,0.0,28.2,0.08,43.0,daemon,42946.4,121065.3,7331.8,3042.1,100.0,
2025-12-25T13:54:44.267358,0.0,28.2,0.26,59.0,daemon,42946.4,121091.1,7331.8,3042.1,100.0,
2025-12-25T13:55:44.483826,0.0,28.2,0.15,59.0,daemon,42946.4,121099.2,7331.9,3042.2,100.0,
2025-12-25T13:56:44.700316,0.0,28.2,0.14,57.0,daemon,42946.4,121112.6,7332.0,3042.2,100.0,
2025-12-25T13:57:44.923125,0.8,28.2,0.13,43.0,daemon,42946.4,121124.4,7332.1,3042.3,100.0,
2025-12-25T13:58:45.170871,0.8,28.2,0.05,47.0,daemon,42946.4,121143.5,7332.2,3042.3,100.0,
2025-12-25T13:59:45.408961,0.0,28.2,0.07,43.0,daemon,42946.4,121158.5,7332.3,3042.3,100.0,
2025-12-25T14:00:45.653667,0.8,28.2,0.02,40.0,daemon,42946.4,121174.1,7332.3,3042.4,100.0,
2025-12-25T14:01:45.898188,0.0,28.2,0.08,41.0,daemon,42946.4,121190.5,7332.5,3042.5,100.0,
2025-12-25T14:02:46.113247,0.0,28.2,0.15,60.0,daemon,42946.4,121206.3,7332.5,3042.5,100.0,
2025-12-25T14:03:46.341374,1.7,28.2,0.05,51.0,daemon,42946.4,121249.5,7332.6,3042.5,100.0,
2025-12-25T16:54:07.132613,5.5,28.9,0.18,64.0,daemon,43385.0,121306.7,7334.0,3042.9,100.0,
2025-12-25T16:55:07.352259,0.0,28.6,0.25,33.0,daemon,43385.0,121594.9,7334.2,3043.0,100.0,
2025-12-25T16:56:07.579679,0.8,28.6,0.39,55.0,daemon,43385.0,121613.7,7334.3,3043.0,100.0,
2025-12-25T16:57:07.808342,0.0,28.2,0.14,39.0,daemon,43385.0,121629.0,7334.3,3043.1,100.0,
2025-12-25T16:58:08.065453,0.0,28.6,0.05,39.0,daemon,43385.0,121645.9,7334.3,3043.1,100.0,
2025-12-25T16:59:08.305673,1.7,28.6,0.08,55.0,daemon,43385.0,121661.8,7334.3,3043.1,100.0,
2025-12-25T17:00:08.526597,0.0,28.6,0.03,56.0,daemon,43385.0,121678.4,7334.3,3043.1,100.0,
2025-12-25T17:01:08.753685,0.0,28.2,0.10,51.0,daemon,43385.0,121693.9,7334.4,3043.2,100.0,
2025-12-25T17:02:08.983157,0.0,28.6,0.07,57.0,daemon,43385.0,121715.1,7334.4,3043.2,100.0,
2025-12-25T17:03:09.216639,0.8,28.2,0.03,55.0,daemon,43385.0,121734.2,7334.4,3043.2,100.0,
2025-12-25T17:04:09.418784,9.0,28.6,0.01,71.0,daemon,43385.0,121753.0,7334.4,3043.3,100.0,
2025-12-25T17:05:09.635658,0.0,28.6,0.00,52.0,daemon,43385.0,121771.0,7334.4,3043.3,100.0,
2025-12-25T17:06:09.890838,0.8,28.6,0.11,39.0,daemon,43385.0,121787.7,7334.5,3043.3,100.0,
2025-12-25T17:07:10.120867,5.0,28.9,0.65,60.0,daemon,43385.0,121875.1,7335.7,3043.6,100.0,
2025-12-25T17:08:10.340113,5.8,28.9,0.51,48.0,daemon,43385.0,121933.8,7335.9,3043.7,100.0,
2025-12-25T17:09:10.557535,3.3,26.3,1.02,48.0,daemon,43385.0,122031.6,7336.4,3044.1,100.0,
2025-12-25T17:10:10.756420,0.8,26.3,1.00,62.0,daemon,43385.0,122137.4,7337.0,3044.1,100.0,
2025-12-25T17:11:10.992140,0.0,26.9,1.08,47.0,daemon,43388.6,122285.1,7352.0,3044.5,100.0,
2025-12-25T17:12:11.204885,8.3,28.2,1.09,66.0,daemon,43388.6,122452.2,7358.0,3045.1,100.0,
2025-12-25T17:13:11.410609,8.3,27.9,1.13,66.0,daemon,43388.7,122592.6,7358.4,3045.2,100.0,
2025-12-25T17:14:11.604974,21.7,28.2,0.94,81.0,daemon,43388.7,122651.4,7358.7,3045.3,100.0,
2025-12-25T17:15:11.834210,5.8,28.6,0.47,62.0,daemon,43388.7,122742.7,7359.5,3045.4,100.0,
2025-12-25T17:16:12.037431,0.8,28.6,0.55,61.0,daemon,43388.7,122824.6,7359.5,3045.4,100.0,
2025-12-25T17:17:12.244609,1.7,28.6,0.62,60.0,daemon,43388.7,122867.7,7359.7,3045.5,100.0,
2025-12-25T17:18:12.456908,0.0,28.6,0.37,56.0,daemon,43389.1,122903.2,7359.7,3045.5,100.0,
2025-12-25T17:19:12.681766,4.1,29.2,0.58,53.0,daemon,43389.1,122951.6,7361.2,3045.6,100.0,
2025-12-25T17:20:12.879122,13.3,29.5,0.88,70.0,daemon,43392.2,123068.7,7364.2,3045.8,100.0,
2025-12-25T17:21:13.095594,14.0,29.2,1.03,45.0,daemon,43392.2,123104.4,7364.2,3045.8,100.0,
2025-12-25T17:22:13.300018,2.4,29.5,0.68,61.0,daemon,43392.7,123141.3,7364.6,3045.8,100.0,
2025-12-25T17:23:13.519370,5.8,30.2,0.47,66.0,daemon,43413.2,123184.0,7364.8,3046.2,100.0,
2025-12-25T17:24:13.739941,6.7,30.5,0.25,53.0,daemon,43413.3,123271.7,7365.1,3046.4,100.0,
2025-12-25T17:25:13.962451,7.5,30.5,0.58,51.0,daemon,43413.3,123304.5,7365.2,3046.5,100.0,
2025-12-25T17:26:14.183870,5.0,30.2,0.67,47.0,daemon,43413.3,123320.3,7365.3,3046.5,100.0,
2025-12-25T17:27:14.416771,0.8,31.2,0.46,48.0,daemon,43414.0,123357.0,7365.3,3046.6,100.0,
2025-12-25T17:28:14.622894,4.2,30.8,0.40,55.0,daemon,43414.1,123408.7,7365.6,3047.3,100.0,
2025-12-25T17:29:14.861783,0.0,31.2,0.29,45.0,daemon,43414.2,123439.8,7366.2,3049.0,100.0,
2025-12-25T17:30:15.093819,9.2,31.2,0.11,50.0,daemon,43414.2,123462.8,7366.5,3049.7,100.0,
2025-12-25T17:31:15.317697,3.4,31.5,0.29,51.0,daemon,43520.5,123600.0,7367.4,3051.1,100.0,
2025-12-25T17:32:15.549448,0.0,31.2,0.24,45.0,daemon,43520.5,123635.6,7367.6,3051.2,100.0,
2025-12-25T17:33:15.769196,0.8,30.8,0.82,60.0,daemon,43520.5,123661.3,7368.2,3052.3,100.0,
2025-12-25T17:34:16.001986,1.7,30.8,0.39,44.0,daemon,43520.5,123687.5,7368.3,3052.3,100.0,
2025-12-25T17:35:16.223640,0.0,31.5,0.36,59.0,daemon,43520.5,123734.2,7368.7,3052.6,100.0,
2025-12-25T17:36:16.436495,2.5,30.8,0.23,60.0,daemon,43520.5,123756.9,7369.6,3053.3,100.0,
2025-12-25T17:37:16.625397,1.7,30.8,0.31,60.0,daemon,43520.5,123779.0,7369.9,3053.8,100.0,
2025-12-25T17:38:16.830715,0.8,31.2,0.42,59.0,daemon,43520.5,123897.6,7370.4,3054.7,100.0,
2025-12-25T17:39:17.031797,8.5,31.2,0.47,49.0,daemon,43520.5,123910.8,7370.7,3055.2,100.0,
2025-12-25T17:40:17.264505,5.0,31.2,0.28,44.0,daemon,43520.5,123936.3,7371.2,3056.5,100.0,
2025-12-25T17:41:17.475147,1.7,31.2,0.87,69.0,daemon,43520.9,124009.8,7372.4,3057.9,100.0,
2025-12-25T17:42:17.693602,2.5,29.9,0.79,53.0,daemon,43522.3,124149.8,7374.1,3059.3,100.0,
2025-12-25T17:43:17.896451,22.3,29.9,0.66,68.0,daemon,43522.4,124288.0,7374.9,3060.1,100.0,
2025-12-25T17:44:18.106108,0.0,29.5,0.48,60.0,daemon,43522.4,124322.4,7375.3,3060.7,100.0,
2025-12-25T17:45:18.325553,1.7,29.9,0.25,55.0,daemon,43522.4,124343.8,7375.8,3062.0,100.0,
2025-12-25T17:46:18.546603,5.0,30.8,0.57,53.0,daemon,43522.4,124378.4,7377.2,3063.3,100.0,
2025-12-25T17:47:18.743211,4.1,31.2,0.83,62.0,daemon,43522.4,124520.4,7386.3,3063.7,100.0,
2025-12-25T17:48:18.960251,9.2,30.8,0.66,61.0,daemon,43522.4,124590.6,7386.5,3063.8,100.0,
2025-12-25T17:49:19.151386,12.5,31.2,0.78,68.0,daemon,43522.4,124631.4,7386.6,3063.8,100.0,
2025-12-25T17:50:19.367501,0.8,31.5,0.97,57.0,daemon,43522.4,124718.6,7388.8,3064.0,100.0,
2025-12-25T17:51:19.602136,0.8,31.5,0.66,44.0,daemon,43522.4,124749.5,7389.0,3064.1,100.0,
2025-12-25T17:52:19.830735,2.5,31.5,0.31,41.0,daemon,43522.4,124771.8,7389.0,3064.2,100.0,
2025-12-25T17:53:20.070944,10.0,32.1,0.42,44.0,daemon,43524.9,124798.9,7389.2,3064.7,100.0,
2025-12-25T17:54:20.285160,9.2,32.5,0.42,79.0,daemon,43525.0,124892.4,7389.9,3065.6,100.0,
2025-12-25T17:55:20.514593,2.5,32.5,0.38,51.0,daemon,43525.0,124938.0,7390.8,3067.7,100.0,
2025-12-25T17:56:20.728113,6.7,32.5,0.27,51.0,daemon,43525.0,124965.2,7391.1,3067.9,100.0,
2025-12-25T17:57:20.947965,5.8,33.1,0.51,53.0,daemon,43525.1,125012.3,7393.1,3074.3,100.0,
2025-12-25T17:58:21.183883,1.7,33.8,0.37,48.0,daemon,43525.1,125041.1,7393.9,3076.4,100.0,
2025-12-25T17:59:21.412776,2.5,32.5,0.50,47.0,daemon,43525.1,125069.8,7394.1,3076.8,100.0,
2025-12-25T18:00:21.651677,3.4,32.8,0.56,48.0,daemon,43525.1,125093.1,7394.8,3078.2,100.0,
2025-12-25T18:01:21.842845,5.9,33.1,0.46,56.0,daemon,43525.1,125117.6,7395.5,3079.4,100.0,
2025-12-25T18:02:22.065998,2.5,33.8,0.45,61.0,daemon,43525.2,125151.0,7396.0,3081.5,100.0,
2025-12-25T18:03:22.268725,5.0,33.8,0.32,60.0,daemon,43525.2,125183.2,7396.5,3082.9,100.0,
2025-12-25T18:04:22.478531,1.7,34.1,0.42,60.0,daemon,43525.2,125306.3,7397.2,3083.3,100.0,
2025-12-25T18:05:22.676041,13.2,34.4,0.65,68.0,daemon,43525.2,125363.1,7397.7,3084.7,100.0,
2025-12-25T18:06:22.912183,0.0,33.8,0.32,45.0,daemon,43525.2,125413.9,7397.9,3084.8,100.0,
2025-12-25T18:07:23.121772,4.2,33.4,0.49,52.0,daemon,43525.4,125456.9,7398.3,3084.9,100.0,
2025-12-25T18:08:23.322293,5.0,32.8,0.34,59.0,daemon,43540.8,125513.2,7399.0,3085.3,100.0,
2025-12-25T18:09:23.544960,6.7,33.1,0.50,62.0,daemon,43540.8,125561.9,7403.3,3086.7,100.0,
2025-12-25T18:10:23.763534,3.4,29.9,0.51,59.0,daemon,43540.8,125659.0,7404.2,3087.3,100.0,
2025-12-25T18:11:23.978583,4.2,29.9,0.56,62.0,daemon,43540.8,125697.0,7405.1,3087.9,100.0,
2025-12-25T18:12:24.215669,5.0,30.2,0.73,51.0,daemon,43540.8,125775.2,7412.4,3092.2,100.0,
2025-12-25T18:13:24.441803,3.4,29.9,0.43,46.0,daemon,43540.8,125817.1,7412.8,3092.5,100.0,
2025-12-25T18:14:24.674451,4.2,30.2,0.41,49.0,daemon,43540.8,125855.3,7415.3,3092.9,100.0,
2025-12-25T18:15:24.911828,1.7,29.2,0.47,48.0,daemon,43540.8,125995.2,7419.4,3093.1,100.0,
2025-12-25T18:16:25.137978,12.5,30.5,1.25,57.0,daemon,43540.8,126148.5,7470.2,3093.7,100.0,
2025-12-25T18:17:25.339507,5.8,29.2,0.87,70.0,daemon,43540.9,126373.5,7476.9,3093.8,100.0,
2025-12-25T18:18:25.566816,6.7,30.2,0.49,71.0,daemon,43540.9,126549.3,7487.8,3094.2,100.0,
2025-12-25T18:19:25.807338,4.2,30.2,0.80,48.0,daemon,43540.9,126694.8,7497.9,3094.5,100.0,
2025-12-25T18:20:26.026853,5.8,29.9,0.92,53.0,daemon,43540.9,126808.9,7498.0,3094.6,100.0,
2025-12-25T18:21:26.227964,2.5,30.5,0.75,65.0,daemon,43540.9,126905.8,7499.8,3094.8,100.0,
2025-12-25T18:22:26.431759,1.7,30.5,0.72,64.0,daemon,43540.9,126959.7,7501.4,3094.9,100.0,
2025-12-25T18:23:26.662666,2.5,29.9,0.81,48.0,daemon,43540.9,127038.1,7513.4,3106.7,100.0,
2025-12-25T18:24:26.871916,0.0,29.9,0.49,60.0,daemon,43540.9,127090.0,7513.7,3106.9,100.0,
2025-12-25T18:25:27.076826,7.5,30.8,0.55,66.0,daemon,43540.9,127205.8,7515.8,3107.1,100.0,
2025-12-25T18:26:27.287689,1.7,30.8,0.69,62.0,daemon,43540.9,127373.8,7517.2,3107.4,100.0,
2025-12-25T18:27:27.481847,8.3,30.8,0.52,62.0,daemon,43540.9,127441.9,7517.5,3107.5,100.0,
2025-12-25T18:28:27.687458,5.0,29.2,0.52,66.0,daemon,43540.9,127481.9,7517.8,3107.6,100.0,
2025-12-25T18:29:27.891929,3.3,29.2,0.39,62.0,daemon,43540.9,127518.0,7518.3,3108.0,100.0,
2025-12-25T18:30:28.105414,0.8,29.9,0.53,57.0,daemon,43540.9,127566.4,7518.8,3108.4,100.0,
2025-12-25T18:31:28.308196,3.4,29.9,1.07,62.0,daemon,43540.9,127653.5,7522.6,3112.3,100.0,
2025-12-25T18:32:28.532006,2.5,29.9,0.52,49.0,daemon,43540.9,127695.0,7522.9,3112.5,100.0,
2025-12-25T18:33:28.735253,2.5,29.9,0.62,73.0,daemon,43540.9,127721.3,7523.3,3113.0,100.0,
2025-12-25T18:34:28.942958,6.7,29.9,0.85,66.0,daemon,43540.9,127781.3,7524.4,3113.8,100.0,
2025-12-25T18:35:29.184351,7.6,29.5,0.73,47.0,daemon,43540.9,127857.1,7524.9,3114.2,100.0,
2025-12-25T18:36:29.408908,3.4,29.5,0.49,47.0,daemon,43540.9,127884.5,7525.1,3114.4,100.0,
2025-12-25T18:37:29.643111,6.7,29.5,0.54,55.0,daemon,43540.9,127949.3,7525.6,3114.7,100.0,
2025-12-25T18:38:29.876901,0.0,29.9,0.45,48.0,daemon,43540.9,127983.3,7525.7,3114.7,100.0,
2025-12-25T18:39:30.115087,0.0,29.9,0.23,45.0,daemon,43541.9,128137.8,7525.8,3115.4,100.0,
2025-12-25T18:40:30.365632,0.8,29.9,0.19,45.0,daemon,43541.9,128151.5,7525.8,3116.1,100.0,
2025-12-25T18:41:30.610180,0.8,29.9,0.24,41.0,daemon,43541.9,128162.7,7526.2,3117.9,100.0,
2025-12-25T18:42:30.816523,2.5,29.5,0.21,60.0,daemon,43541.9,128194.5,7526.5,3122.1,100.0,
2025-12-25T18:43:31.019139,0.0,29.9,0.45,60.0,daemon,43541.9,128224.2,7526.7,3122.4,100.0,
2025-12-25T18:44:31.226098,2.5,29.5,0.18,57.0,daemon,43541.9,128245.1,7526.8,3122.5,100.0,
2025-12-25T18:45:31.432370,0.0,29.5,0.49,56.0,daemon,43541.9,128253.2,7526.9,3122.7,100.0,
2025-12-25T18:46:31.638948,0.8,29.5,0.46,59.0,daemon,43541.9,128273.3,7527.1,3123.0,100.0,
2025-12-25T18:47:31.844851,5.8,29.5,0.47,59.0,daemon,43541.9,128298.9,7527.4,3123.1,100.0,
2025-12-25T18:48:32.058822,1.7,29.5,0.41,64.0,daemon,43541.9,128342.8,7528.5,3124.5,100.0,
2025-12-25T18:49:32.281837,1.7,29.5,0.37,56.0,daemon,43541.9,128392.7,7528.9,3125.0,100.0,
2025-12-25T18:50:32.516389,0.8,29.5,0.13,41.0,daemon,43541.9,128410.2,7528.9,3125.0,100.0,
2025-12-25T18:51:32.735768,3.3,29.5,0.55,51.0,daemon,43541.9,128536.8,7529.5,3125.5,100.0,
2025-12-25T18:52:32.952694,1.7,29.5,0.97,64.0,daemon,43541.9,128621.0,7537.8,3130.5,100.0,
2025-12-25T18:53:33.159296,1.6,29.5,1.01,64.0,daemon,43542.0,128738.5,7549.8,3142.1,100.0,
2025-12-25T18:54:33.363150,7.6,29.5,1.08,68.0,daemon,43542.0,128828.8,7550.8,3142.3,100.0,
2025-12-25T18:55:33.567527,2.5,29.2,0.82,62.0,daemon,43542.0,128876.5,7550.9,3142.4,100.0,
2025-12-25T18:56:33.784007,0.8,29.5,0.58,48.0,daemon,43542.0,128946.2,7551.6,3143.0,100.0,
2025-12-25T18:57:33.993651,1.7,29.5,0.64,60.0,daemon,43542.0,129022.8,7551.9,3143.3,100.0,
2025-12-25T18:58:34.207926,7.6,29.2,0.42,60.0,daemon,43542.0,129058.0,7552.0,3143.6,100.0,
2025-12-25T18:59:34.417589,0.8,29.2,0.47,61.0,daemon,43542.0,129111.0,7553.0,3144.5,100.0,
2025-12-25T19:00:34.622579,0.0,29.2,0.50,60.0,daemon,43542.0,129177.1,7553.6,3145.3,100.0,
2025-12-25T19:01:34.856621,3.3,29.2,0.69,65.0,daemon,43542.0,129207.0,7554.2,3146.7,100.0,
2025-12-25T19:02:35.091471,5.9,29.2,0.90,74.0,daemon,43542.0,129277.1,7555.9,3148.8,100.0,
2025-12-25T19:03:35.325694,0.0,29.2,0.66,47.0,daemon,43542.0,129344.7,7556.1,3149.0,100.0,
2025-12-25T19:04:35.574467,0.0,27.6,0.37,45.0,daemon,43542.0,129377.7,7556.3,3149.3,100.0,
2025-12-25T19:05:35.782015,3.3,27.9,0.36,51.0,daemon,43542.0,129396.9,7556.5,3149.4,100.0,
2025-12-25T19:06:35.974584,11.8,28.2,0.32,81.0,daemon,43542.0,129531.4,7558.7,3151.6,100.0,
2025-12-25T19:07:36.178032,5.0,27.9,0.75,64.0,daemon,43542.0,129625.4,7559.4,3152.4,100.0,
2025-12-25T19:08:36.384654,5.0,27.9,1.22,65.0,daemon,43542.0,129746.3,7561.4,3154.9,100.0,
2025-12-25T19:09:36.597496,4.2,28.2,0.71,51.0,daemon,43542.0,129834.0,7562.3,3156.2,100.0,
2025-12-25T19:10:36.815238,7.5,27.6,0.40,51.0,daemon,43542.0,129909.5,7562.9,3156.7,100.0,
2025-12-25T19:11:37.020125,2.5,27.9,0.54,66.0,daemon,43542.0,129989.0,7565.8,3158.2,100.0,
2025-12-25T19:12:37.231345,1.7,27.9,0.88,68.0,daemon,43542.0,130067.0,7566.1,3158.8,100.0,
2025-12-25T19:13:37.465750,2.5,28.2,0.51,47.0,daemon,43542.0,130133.6,7566.6,3159.3,100.0,
2025-12-25T19:14:37.705468,7.6,28.2,0.65,53.0,daemon,43542.1,130181.3,7566.7,3159.4,100.0,
2025-12-25T19:15:37.911819,11.0,27.9,0.71,65.0,daemon,43542.1,130224.8,7567.1,3160.3,100.0,
2025-12-25T19:16:38.129048,2.5,27.9,0.69,51.0,daemon,43542.1,130288.9,7567.8,3161.2,100.0,
2025-12-25T19:17:38.367084,0.8,28.6,0.68,45.0,daemon,43542.1,130334.5,7569.0,3162.4,100.0,
2025-12-25T19:18:38.587375,0.0,28.6,0.54,65.0,daemon,43542.1,130397.6,7570.0,3163.4,100.0,
2025-12-25T19:19:38.792863,0.8,27.6,0.38,60.0,daemon,43542.1,130453.9,7570.4,3163.8,100.0,
2025-12-25T19:20:39.017720,0.0,27.3,0.26,47.0,daemon,43542.1,130483.8,7570.5,3163.8,100.0,
2025-12-25T19:21:39.233247,0.8,27.6,0.21,61.0,daemon,43542.1,130626.4,7570.8,3164.0,100.0,
2025-12-25T19:22:39.450360,0.0,27.3,0.15,59.0,daemon,43542.1,130682.9,7571.5,3164.1,100.0,
2025-12-25T19:23:39.665700,0.8,27.6,0.17,60.0,daemon,43542.1,130739.5,7571.8,3164.2,100.0,
2025-12-25T19:24:39.898404,0.0,26.9,0.11,43.0,daemon,43542.1,130771.4,7571.8,3164.2,100.0,
2025-12-25T19:25:40.125505,3.3,25.3,0.37,47.0,daemon,43542.1,130861.6,7572.3,3164.3,100.0,
2025-12-25T19:26:40.360197,4.1,25.3,0.21,44.0,daemon,43542.1,130916.4,7572.7,3164.7,100.0,
2025-12-25T19:27:40.578360,0.8,25.3,0.07,45.0,daemon,43542.1,130931.2,7572.9,3164.9,100.0,
2025-12-25T19:28:40.798191,0.0,25.0,0.02,41.0,daemon,43542.1,130944.8,7573.1,3164.9,100.0,
2025-12-25T19:29:41.012386,8.3,25.3,0.14,65.0,daemon,43542.1,130962.0,7573.1,3164.9,100.0,
2025-12-25T19:30:41.214467,0.0,25.0,0.05,56.0,daemon,43542.2,130975.5,7573.2,3165.0,100.0,
2025-12-25T19:31:41.409899,0.8,25.0,0.02,59.0,daemon,43542.2,130993.0,7573.2,3165.0,100.0,
2025-12-25T19:32:41.619063,0.8,25.0,0.08,56.0,daemon,43542.2,131012.3,7573.3,3165.0,100.0,
2025-12-25T19:33:41.862679,0.0,25.3,0.35,40.0,daemon,43542.2,131047.2,7573.6,3165.1,100.0,
2025-12-25T19:34:42.076224,0.8,25.0,0.13,56.0,daemon,43542.2,131081.1,7573.7,3165.2,100.0,
2025-12-25T19:35:42.285520,1.7,25.0,0.12,53.0,daemon,43542.2,131103.8,7573.8,3165.2,100.0,
2025-12-25T19:36:42.497880,4.2,25.0,0.04,62.0,daemon,43542.2,131150.0,7574.0,3165.3,100.0,
2025-12-25T19:37:42.722704,4.1,24.7,0.59,51.0,daemon,43542.2,131221.6,7574.6,3165.4,100.0,
2025-12-25T19:38:42.938254,2.5,24.7,0.50,47.0,daemon,43542.2,131305.3,7575.0,3165.5,100.0,
2025-12-25T19:39:43.178906,0.0,24.4,0.29,41.0,daemon,43542.2,131381.4,7576.0,3166.4,100.0,
2025-12-25T19:40:43.415098,0.0,24.4,0.14,41.0,daemon,43542.2,131412.0,7576.0,3166.4,100.0,
2025-12-25T19:41:43.653395,1.7,24.7,0.05,40.0,daemon,43542.2,131428.4,7576.4,3166.5,100.0,
2025-12-25T19:42:43.890384,0.0,24.4,0.13,41.0,daemon,43542.2,131464.1,7576.6,3166.6,100.0,
2025-12-25T19:43:44.122340,0.0,25.0,0.43,45.0,daemon,43542.2,131496.7,7577.1,3167.0,100.0,
2025-12-25T19:44:44.349834,0.0,24.4,0.28,43.0,daemon,43542.2,131530.9,7578.0,3167.7,100.0,
2025-12-25T19:45:44.583515,0.8,24.0,0.54,44.0,daemon,43542.2,131597.4,7578.3,3167.7,100.0,
2025-12-25T19:46:44.819187,0.0,24.0,0.32,41.0,daemon,43542.2,131646.8,7578.4,3167.8,100.0,
2025-12-25T19:47:45.055472,0.0,24.0,0.15,41.0,daemon,43542.2,131662.3,7578.5,3167.8,100.0,
2025-12-25T19:48:45.268825,8.4,24.0,0.35,51.0,daemon,43542.2,131683.7,7578.6,3167.9,100.0,
2025-12-25T19:49:45.505996,2.4,24.0,0.16,44.0,daemon,43542.2,131704.2,7579.1,3168.2,100.0,
2025-12-25T19:50:45.716223,5.9,24.0,0.06,56.0,daemon,43542.2,131728.1,7579.3,3168.5,100.0,
2025-12-25T19:51:45.935166,0.8,24.0,0.09,56.0,daemon,43542.2,131762.3,7579.6,3168.5,100.0,
2025-12-25T19:52:46.171262,0.0,24.0,0.11,41.0,daemon,43542.2,131780.2,7579.7,3168.6,100.0,
2025-12-25T19:53:46.407359,0.8,24.0,0.10,41.0,daemon,43542.2,131827.4,7579.8,3168.7,100.0,
2025-12-25T19:54:46.599559,5.0,24.0,0.14,60.0,daemon,43542.2,131865.2,7580.1,3168.8,100.0,
2025-12-25T19:55:46.808372,1.7,24.0,0.34,60.0,daemon,43542.3,131950.3,7588.0,3169.0,100.0,
2025-12-25T19:56:47.035534,2.5,24.0,0.16,50.0,daemon,43542.3,131967.0,7588.1,3169.1,100.0,
2025-12-25T19:57:47.247813,2.5,24.0,0.09,60.0,daemon,43542.3,131981.1,7588.3,3169.1,100.0,
2025-12-25T19:58:47.454175,0.8,24.0,0.09,57.0,daemon,43542.3,132002.9,7588.4,3169.2,100.0,
2025-12-25T19:59:47.699598,4.2,24.4,0.39,47.0,daemon,43542.3,132022.1,7588.6,3169.4,100.0,
2025-12-25T20:00:47.939930,0.8,24.0,0.28,42.0,daemon,43542.3,132096.0,7599.0,3169.8,100.0,
2025-12-25T20:01:48.146688,0.0,24.0,0.10,56.0,daemon,43542.3,132156.7,7599.1,3169.9,100.0,
2025-12-25T20:02:48.359347,0.0,24.0,0.08,59.0,daemon,43542.3,132172.8,7599.2,3169.9,100.0,
2025-12-25T20:03:48.566481,1.6,23.4,0.10,57.0,daemon,43542.3,132194.4,7599.5,3170.1,100.0,
2025-12-25T20:04:48.771508,0.0,23.4,0.19,56.0,daemon,43542.3,132217.4,7599.6,3170.2,100.0,
2025-12-25T20:05:49.009218,0.8,23.4,0.24,40.0,daemon,43542.3,132232.5,7599.6,3170.2,100.0,
2025-12-25T20:06:49.234465,7.5,24.4,0.40,78.0,daemon,43542.3,132308.9,7602.7,3170.5,100.0,
2025-12-25T20:07:49.432285,8.5,24.7,0.67,66.0,daemon,43542.4,132439.0,7605.0,3170.7,100.0,
2025-12-25T20:08:49.676393,1.7,25.3,1.25,48.0,daemon,43542.4,132570.9,7614.6,3171.2,100.0,
2025-12-25T20:09:49.903158,5.8,25.3,1.07,56.0,daemon,43542.4,132677.2,7623.8,3171.3,100.0,
2025-12-25T20:10:50.118875,1.7,25.3,0.54,56.0,daemon,43542.4,132700.0,7623.9,3171.3,100.0,
2025-12-25T20:11:50.326829,3.3,25.6,0.53,62.0,daemon,43542.4,132723.7,7624.5,3171.6,100.0,
2025-12-25T20:12:50.525936,8.3,25.3,0.59,65.0,daemon,43542.4,132753.3,7627.7,3172.6,100.0,
2025-12-25T20:13:50.740224,0.8,25.0,0.62,62.0,daemon,43542.5,132847.8,7629.4,3174.2,100.0,
2025-12-25T20:14:50.944079,10.9,25.0,0.49,65.0,daemon,43542.5,132885.8,7631.2,3174.4,100.0,
2025-12-25T20:15:51.141204,3.4,25.0,0.45,62.0,daemon,43542.5,132996.5,7635.7,3174.8,100.0,
2025-12-25T20:16:51.360833,10.7,25.0,0.48,53.0,daemon,43542.5,133072.6,7638.5,3175.1,100.0,
2025-12-25T20:17:51.588765,5.9,25.0,0.54,68.0,daemon,43542.5,133125.8,7641.8,3175.4,100.0,
2025-12-25T20:18:51.779190,9.2,25.0,1.46,68.0,daemon,43542.5,133186.5,7643.2,3175.6,100.0,
2025-12-25T20:19:51.974600,0.0,25.3,1.58,62.0,daemon,43542.5,133286.2,7645.2,3175.8,100.0,
2025-12-25T20:20:52.160259,10.7,25.3,0.96,74.0,daemon,43542.5,133395.8,7647.2,3175.9,100.0,
2025-12-25T20:21:52.368268,4.1,25.3,0.68,57.0,daemon,43542.5,133457.3,7648.9,3176.0,100.0,
2025-12-25T20:22:52.553632,16.9,25.3,1.00,93.0,daemon,43542.5,133517.5,7654.2,3176.2,100.0,
2025-12-25T20:23:52.749956,17.1,29.2,1.61,96.0,daemon,43542.5,133667.0,7655.1,3176.3,100.0,
2025-12-25T20:24:52.970029,19.5,33.4,1.76,100.0,daemon,43542.5,133731.1,7656.2,3176.5,100.0,
2025-12-25T20:25:53.178556,17.6,36.4,1.88,96.0,daemon,43542.5,133782.6,7656.3,3176.5,100.0,
2025-12-25T20:26:53.399545,0.8,30.5,1.07,69.0,daemon,43542.5,133852.8,7656.9,3176.6,100.0,
2025-12-25T20:27:53.615153,0.0,30.5,0.62,50.0,daemon,43542.5,133869.7,7657.0,3176.6,100.0,
2025-12-25T20:28:53.856887,2.5,29.9,0.41,56.0,daemon,43542.5,133883.0,7657.1,3176.6,100.0,
2025-12-25T20:29:54.042368,30.5,30.8,1.15,76.0,daemon,43542.6,133906.4,7660.1,3176.8,100.0,
2025-12-25T20:30:54.256438,4.2,23.1,0.68,53.0,daemon,43542.6,134072.6,7671.8,3177.3,100.0,
2025-12-25T20:31:54.454784,4.1,23.4,0.42,65.0,daemon,43542.6,134250.2,7673.3,3177.4,100.0,
2025-12-25T20:32:54.654141,3.3,23.4,0.81,66.0,daemon,43542.6,134344.9,7674.3,3177.5,100.0,
2025-12-25T20:33:54.854897,0.0,23.4,0.46,62.0,daemon,43542.6,134417.0,7674.9,3177.6,100.0,
2025-12-25T20:34:55.079008,0.0,23.4,0.46,51.0,daemon,43542.6,134442.2,7675.4,3177.7,100.0,
2025-12-25T20:35:55.314268,0.0,23.1,0.72,44.0,daemon,43542.6,134475.0,7675.5,3177.7,100.0,
2025-12-25T20:36:55.548126,2.5,23.4,0.26,45.0,daemon,43542.6,134493.6,7675.6,3177.7,100.0,
2025-12-25T20:37:55.757950,0.8,23.4,0.09,57.0,daemon,43542.6,134507.1,7675.7,3177.8,100.0,
2025-12-25T20:38:55.963751,0.8,23.4,0.14,59.0,daemon,43542.6,134522.9,7675.8,3177.8,100.0,
2025-12-25T20:39:56.171004,0.0,23.4,0.12,60.0,daemon,43542.6,134536.9,7675.9,3177.8,100.0,
2025-12-25T20:40:56.365337,1.6,23.4,0.08,56.0,daemon,43542.6,134557.2,7676.0,3177.9,100.0,
2025-12-25T20:41:56.570778,3.3,24.0,0.29,60.0,daemon,43542.6,134597.4,7678.6,3178.2,100.0,
2025-12-25T20:42:56.800328,0.0,23.7,0.80,45.0,daemon,43542.6,134725.4,7679.9,3178.3,100.0,
2025-12-25T20:43:57.005031,1.7,23.7,0.40,60.0,daemon,43542.6,134767.4,7680.0,3178.3,100.0,
2025-12-25T20:44:57.214902,0.0,23.7,0.62,62.0,daemon,43542.6,134813.7,7683.2,3178.5,100.0,
2025-12-25T20:45:57.426032,4.2,23.7,0.55,57.0,daemon,43542.6,134906.2,7683.4,3178.6,100.0,
2025-12-25T20:46:57.644253,5.0,23.7,0.25,56.0,daemon,43542.6,134957.3,7683.5,3178.7,100.0,
2025-12-25T20:47:57.886154,0.8,23.4,0.21,43.0,daemon,43542.6,134982.1,7683.6,3178.7,100.0,
2025-12-25T20:48:58.101288,1.6,23.7,0.15,45.0,daemon,43542.6,135002.7,7683.6,3178.8,100.0,
2025-12-25T20:49:58.338337,0.8,23.4,0.10,43.0,daemon,43542.6,135021.3,7683.7,3178.8,100.0,
2025-12-25T20:50:58.554659,10.9,23.7,0.30,53.0,daemon,43542.6,135042.4,7683.8,3178.8,100.0,
2025-12-25T20:51:58.796719,0.0,23.7,0.23,43.0,daemon,43542.6,135064.1,7684.3,3178.9,100.0,
2025-12-25T20:52:59.031760,0.8,23.7,0.30,41.0,daemon,43542.6,135089.1,7684.4,3178.9,100.0,
2025-12-25T20:53:59.259575,6.6,23.7,0.51,46.0,daemon,43542.6,135139.7,7684.5,3179.0,100.0,
2025-12-25T20:54:59.488865,1.7,23.7,0.37,44.0,daemon,43542.6,135180.5,7684.9,3179.1,100.0,
2025-12-25T20:55:59.694966,0.0,23.7,0.80,48.0,daemon,43542.6,135222.6,7685.3,3179.8,100.0,
2025-12-25T20:56:59.910907,4.2,24.0,1.27,48.0,daemon,43542.6,135274.6,7685.5,3180.0,100.0,
2025-12-25T20:58:00.126080,0.8,23.7,0.72,60.0,daemon,43542.6,135317.0,7685.8,3180.2,100.0,
2025-12-25T20:59:00.335010,0.0,23.7,0.26,56.0,daemon,43542.6,135337.3,7685.9,3180.3,100.0,
2025-12-25T21:00:00.547468,3.4,24.4,0.51,59.0,daemon,43542.6,135455.5,7687.1,3181.4,100.0,
2025-12-25T21:01:00.742120,8.4,25.0,0.31,69.0,daemon,43542.6,135625.2,7688.0,3182.2,100.0,
2025-12-25T21:02:00.951305,0.0,25.0,0.11,57.0,daemon,43542.6,135686.0,7688.2,3182.3,100.0,
2025-12-25T21:03:01.180949,3.3,25.0,0.20,41.0,daemon,43542.6,135752.2,7688.6,3182.7,100.0,
2025-12-25T21:04:01.395452,1.6,25.0,0.12,57.0,daemon,43542.6,135774.6,7688.7,3182.8,100.0,
2025-12-25T21:05:01.606450,0.0,24.4,0.04,59.0,daemon,43542.6,135791.5,7688.9,3182.8,100.0,
2025-12-25T21:06:01.840272,0.8,24.4,0.05,53.0,daemon,43542.6,135809.2,7689.1,3182.9,100.0,
2025-12-25T21:07:02.065616,2.5,24.4,0.24,44.0,daemon,43542.6,135826.2,7689.1,3182.9,100.0,
2025-12-25T21:08:02.292835,0.8,24.7,0.27,43.0,daemon,43542.6,135893.4,7689.7,3183.5,100.0,
2025-12-25T21:09:02.506688,4.2,24.7,0.27,64.0,daemon,43542.6,135917.6,7690.0,3183.8,100.0,
2025-12-25T21:10:02.708500,10.1,24.7,0.53,61.0,daemon,43542.6,135944.1,7690.2,3184.0,100.0,
2025-12-25T21:11:02.953481,0.8,24.7,0.87,44.0,daemon,43542.6,136020.7,7694.8,3188.5,100.0,
2025-12-25T21:12:03.235269,0.0,25.0,0.53,35.0,daemon,43542.6,136081.4,7713.6,3188.6,100.0,
2025-12-25T21:13:03.506707,0.0,25.0,0.19,35.0,daemon,43542.6,136109.6,7713.7,3188.7,99.4,
2025-12-25T21:14:03.786719,1.7,25.3,1.84,35.0,daemon,43542.6,136268.3,7714.1,3189.0,99.2,
2025-12-25T21:15:04.056965,5.0,25.3,0.72,35.0,daemon,43542.6,136311.1,7714.3,3189.1,99.0,
2025-12-25T21:16:04.326548,1.7,25.6,0.87,36.0,daemon,43542.6,136525.4,7714.7,3189.4,98.8,
2025-12-25T21:17:04.594190,6.8,25.3,1.06,37.0,daemon,43542.6,136593.0,7716.9,3189.6,98.5,
2025-12-25T21:18:04.863448,6.7,25.6,1.15,37.0,daemon,43542.6,136680.7,7719.1,3189.9,98.3,
2025-12-25T21:19:05.120926,10.2,25.6,1.19,40.0,daemon,43542.6,136858.9,7722.9,3190.2,98.0,
2025-12-25T21:20:05.373040,3.3,25.6,0.96,37.0,daemon,43542.6,136965.6,7723.1,3190.3,97.8,
2025-12-25T21:21:05.641325,0.8,25.3,0.42,35.0,daemon,43542.6,136984.3,7723.3,3190.4,97.6,
2025-12-25T21:22:05.916553,0.8,25.3,0.19,35.0,daemon,43542.6,137010.6,7723.7,3190.4,97.5,
2025-12-25T21:23:06.193492,2.5,25.3,0.25,34.0,daemon,43542.6,137018.5,7723.8,3190.5,97.3,
2025-12-25T21:24:06.462204,1.6,24.7,0.61,36.0,daemon,43542.6,137087.0,7724.2,3190.6,97.1,
2025-12-25T21:25:06.717388,4.1,24.7,0.74,37.0,daemon,43542.6,137114.3,7724.3,3190.7,96.9,
2025-12-25T21:26:06.993874,1.6,25.6,0.68,36.0,daemon,43542.6,137168.5,7724.7,3190.8,96.6,
2025-12-25T21:27:07.265539,15.0,25.0,0.47,36.0,daemon,43542.6,137320.0,7746.9,3213.0,96.4,
2025-12-25T21:28:07.509542,10.0,25.0,0.35,37.0,daemon,43542.6,137363.2,7747.1,3213.1,96.2,
2025-12-25T21:29:07.732478,4.9,26.0,0.81,42.0,daemon,43542.8,137719.9,7751.8,3213.5,95.9,
2025-12-25T21:30:07.987308,3.3,25.6,0.51,38.0,daemon,43543.0,138298.9,7753.2,3213.7,95.6,
2025-12-25T21:31:08.239922,0.8,25.6,0.52,38.0,daemon,43543.0,138355.3,7753.4,3213.8,95.4,
2025-12-25T21:32:08.515488,2.5,25.6,0.57,36.0,daemon,43543.0,138383.2,7753.6,3213.9,95.1,
2025-12-25T21:33:08.784661,0.8,25.6,0.38,37.0,daemon,43543.0,138399.2,7753.8,3213.9,95.0,
2025-12-25T21:34:09.043352,0.8,25.3,0.38,37.0,daemon,43543.0,138414.0,7754.0,3214.0,94.8,
2025-12-25T21:35:09.298180,3.3,25.3,0.41,35.0,daemon,43543.0,138431.8,7754.1,3214.1,94.6,
2025-12-25T21:36:09.560732,0.8,25.3,0.26,35.0,daemon,43543.0,138450.3,7754.3,3214.2,94.5,
2025-12-25T21:37:09.844905,5.8,25.3,0.43,35.0,daemon,43543.0,138470.8,7754.5,3214.2,94.3,
2025-12-25T21:38:10.101401,0.0,25.3,0.68,38.0,daemon,43543.0,138493.1,7755.0,3214.6,94.1,
2025-12-25T21:39:10.354570,2.5,25.3,0.30,37.0,daemon,43543.0,138512.6,7755.2,3214.6,93.9,
2025-12-25T21:40:10.629500,5.0,25.0,0.37,36.0,daemon,43543.0,138528.2,7755.3,3214.7,93.7,
2025-12-25T21:41:10.879630,6.7,25.0,0.78,39.0,daemon,43543.0,138556.8,7756.6,3214.8,93.5,
2025-12-25T21:42:11.169742,3.4,24.7,0.61,37.0,daemon,43543.0,138598.6,7757.0,3214.9,93.2,
2025-12-25T21:43:11.446872,11.7,25.0,0.80,40.0,daemon,43543.0,138636.8,7774.1,3215.2,93.0,
2025-12-25T21:44:11.721574,12.5,25.3,0.61,39.0,daemon,43543.0,138798.0,7780.9,3215.6,92.7,
2025-12-25T21:45:11.993173,4.2,25.6,0.81,38.0,daemon,43543.0,138905.6,7782.5,3215.8,92.5,
2025-12-25T21:46:12.271287,11.8,25.3,0.53,38.0,daemon,43543.0,138983.1,7782.6,3215.8,92.2,
2025-12-25T21:47:12.548696,6.7,25.3,0.50,38.0,daemon,43543.0,139063.8,7784.0,3215.9,91.9,
2025-12-25T21:48:12.825612,0.0,25.0,0.62,37.0,daemon,43543.0,139103.7,7784.1,3216.0,91.8,
2025-12-25T21:49:13.086917,0.0,25.0,0.50,37.0,daemon,43543.0,139126.8,7784.1,3216.0,91.5,
2025-12-25T21:50:13.370205,6.6,25.0,0.42,40.0,daemon,43543.0,139160.3,7784.8,3216.4,91.3,
2025-12-25T21:51:13.645384,7.5,25.6,0.34,39.0,daemon,43543.0,139208.9,7785.1,3216.5,91.1,
2025-12-25T21:52:13.918795,2.5,26.6,0.88,39.0,daemon,43543.0,139329.4,7785.9,3216.6,90.8,
2025-12-25T21:53:14.195808,0.8,26.6,0.92,38.0,daemon,43543.0,139448.2,7786.2,3216.7,90.5,
2025-12-25T21:54:14.473939,11.8,27.6,0.67,39.0,daemon,43543.0,139522.9,7787.0,3216.9,90.3,
2025-12-25T21:55:14.716471,13.2,27.6,1.16,43.0,daemon,43543.0,139624.3,7789.1,3217.1,90.0,
2025-12-25T21:56:14.965831,8.4,27.9,1.31,40.0,daemon,43543.0,139717.1,7790.1,3217.4,89.7,
2025-12-25T21:57:15.249390,1.7,30.5,1.84,39.0,daemon,43543.0,139959.8,7837.3,3263.9,89.4,
2025-12-25T21:58:15.511611,2.5,30.2,1.30,37.0,daemon,43543.0,140162.8,7839.6,3266.3,89.2,
2025-12-25T21:59:15.786966,6.7,29.5,0.65,37.0,daemon,43543.0,140194.8,7839.8,3266.6,89.0,
2025-12-25T22:00:16.061846,10.7,29.2,0.33,35.0,daemon,43543.0,140219.7,7840.0,3266.8,88.7,
2025-12-25T22:01:16.333960,10.3,28.2,0.68,38.0,daemon,43543.0,140252.7,7841.9,3269.3,88.5,
2025-12-25T22:02:16.621745,5.0,28.2,0.67,39.0,daemon,43543.0,140295.5,7843.6,3271.8,88.2,
2025-12-25T22:03:16.887309,11.6,28.2,0.73,42.0,daemon,43543.0,140314.0,7844.9,3274.6,88.0,
2025-12-25T22:04:17.151250,5.1,28.2,0.55,40.0,daemon,43543.0,140330.2,7846.0,3276.8,87.7,
2025-12-25T22:05:17.406060,8.3,28.2,0.54,39.0,daemon,43543.0,140357.0,7846.1,3276.8,87.5,
2025-12-25T22:06:17.668065,15.8,28.6,0.42,46.0,daemon,43543.0,140381.6,7847.3,3278.0,87.4,
2025-12-25T22:07:17.938591,0.0,28.6,0.35,37.0,daemon,43543.0,140552.5,7847.4,3278.0,87.2,
2025-12-25T22:08:18.197247,3.3,28.9,0.51,38.0,daemon,43543.0,140575.8,7869.6,3300.2,86.9,
2025-12-25T22:09:18.473841,7.6,28.6,0.38,39.0,daemon,43543.0,140685.0,7870.1,3302.0,86.7,
2025-12-25T22:10:18.736379,4.2,28.2,0.35,39.0,daemon,43543.0,140710.8,7870.1,3302.1,86.5,
2025-12-25T22:11:19.000717,1.7,28.2,0.25,39.0,daemon,43543.0,140729.0,7870.2,3302.1,86.3,
2025-12-25T22:12:19.260077,0.0,28.6,0.12,39.0,daemon,43543.0,140762.7,7870.6,3302.2,86.1,
2025-12-25T22:13:19.531870,0.0,23.1,0.21,38.0,daemon,43543.0,140805.4,7870.8,3302.2,85.9,
2025-12-25T22:14:19.801615,0.0,22.7,0.23,38.0,daemon,43543.0,140841.0,7870.9,3302.3,85.7,
2025-12-25T22:15:20.064481,0.0,23.1,0.17,38.0,daemon,43543.0,140857.6,7871.1,3302.9,85.5,
2025-12-25T22:16:20.335528,13.2,22.7,0.45,37.0,daemon,43543.0,140868.0,7871.1,3302.9,85.3,
2025-12-25T22:17:20.566033,24.2,23.1,0.55,40.0,daemon,43543.0,140886.1,7871.6,3304.6,85.1,
2025-12-25T22:18:20.835767,4.2,23.1,0.50,39.0,daemon,43543.0,140905.0,7872.3,3307.5,84.8,
2025-12-25T22:19:21.101727,5.0,24.4,0.44,41.0,daemon,43543.0,140976.8,7874.3,3310.7,84.5,
2025-12-25T22:20:21.383671,3.3,24.4,0.48,38.0,daemon,43543.0,141068.9,7876.5,3314.9,84.3,
2025-12-25T22:21:21.631406,11.8,25.3,0.61,42.0,daemon,43543.0,141132.5,7878.6,3318.4,84.0,
2025-12-25T22:22:21.882740,8.2,24.4,0.65,40.0,daemon,43543.0,141180.6,7879.0,3319.3,83.8,
2025-12-25T22:23:22.140356,2.5,25.0,0.43,39.0,daemon,43543.0,141230.9,7879.4,3319.6,83.6,
2025-12-25T22:24:22.381457,23.5,26.9,0.93,43.0,daemon,43543.0,141400.9,7912.9,3353.1,83.3,
2025-12-25T22:25:22.657447,2.5,25.6,1.46,38.0,daemon,43543.1,141732.3,8015.3,3453.0,82.9,
2025-12-25T22:26:22.931154,0.0,25.6,0.93,36.0,daemon,43543.1,141792.4,8015.6,3454.5,82.7,
2025-12-25T22:27:23.191129,0.8,25.6,0.48,36.0,daemon,43543.1,141813.7,8015.7,3454.5,82.5,
2025-12-25T22:28:23.466189,0.0,25.6,0.45,36.0,daemon,43543.1,141833.1,8016.0,3455.5,82.3,
2025-12-25T22:29:23.747610,0.8,25.6,0.24,35.0,daemon,43543.1,141843.7,8016.0,3455.5,82.1,
2025-12-25T22:30:24.023582,0.0,24.7,0.38,35.0,daemon,43543.1,141865.3,8016.1,3455.5,81.9,
2025-12-25T22:31:24.305415,1.7,24.7,0.21,35.0,daemon,43543.1,141882.1,8016.2,3455.6,81.8,
2025-12-25T22:32:24.585276,0.8,24.7,0.38,35.0,daemon,43543.1,141901.7,8016.4,3456.1,81.6,
2025-12-25T22:33:24.860494,4.2,24.7,0.55,37.0,daemon,43543.1,141923.6,8016.4,3456.1,81.4,
2025-12-25T22:34:25.113805,0.0,24.7,0.29,35.0,daemon,43543.1,141942.0,8016.5,3456.2,81.2,
2025-12-25T22:35:25.370370,0.0,24.4,0.11,35.0,daemon,43543.1,141956.9,8016.5,3456.2,81.1,
2025-12-25T22:36:25.642978,0.0,24.4,0.08,33.0,daemon,43543.1,141973.3,8016.5,3456.2,80.9,
2025-12-25T22:37:25.902929,5.0,24.4,0.19,35.0,daemon,43543.1,141982.8,8016.6,3456.2,80.8,
2025-12-25T22:38:26.180023,0.8,24.4,0.14,34.0,daemon,43543.1,142000.9,8016.6,3456.2,80.6,
2025-12-25T22:39:26.459266,0.8,24.4,0.22,34.0,daemon,43543.1,142017.6,8016.7,3456.7,80.4,
2025-12-25T22:40:26.738225,0.8,24.4,0.13,35.0,daemon,43543.1,142030.3,8016.7,3456.8,80.2,
2025-12-25T22:41:27.035233,0.0,24.4,0.04,33.0,daemon,43543.1,142043.9,8016.8,3456.8,80.1,
2025-12-25T22:42:27.313086,2.5,24.4,0.27,35.0,daemon,43543.1,142071.5,8017.2,3456.8,80.0,
2025-12-25T22:43:27.589430,1.7,24.4,0.20,34.0,daemon,43543.1,142098.1,8017.2,3456.8,79.8,
2025-12-25T22:44:27.843973,0.8,24.4,0.29,36.0,daemon,43543.1,142126.5,8017.3,3456.9,79.6,
2025-12-25T22:45:28.104962,2.5,24.4,0.25,38.0,daemon,43543.1,142151.3,8017.9,3460.5,79.4,
2025-12-25T22:46:28.372104,2.5,24.4,0.30,38.0,daemon,43543.1,142169.8,8018.9,3460.7,79.2,
2025-12-25T22:47:28.621567,4.2,24.4,0.44,39.0,daemon,43543.1,142189.3,8019.7,3462.6,78.9,
2025-12-25T22:48:28.879129,1.7,24.4,0.29,38.0,daemon,43543.1,142215.8,8019.7,3462.6,78.7,
2025-12-25T22:49:29.137390,1.7,24.4,0.43,40.0,daemon,43543.1,142226.5,8020.8,3464.0,78.4,
2025-12-25T22:50:29.391424,0.0,24.4,0.25,38.0,daemon,43543.1,142245.0,8022.0,3464.9,78.2,
2025-12-25T22:51:29.652734,5.0,24.4,0.15,38.0,daemon,43543.1,142258.4,8023.2,3466.5,78.0,
2025-12-25T22:52:29.915447,5.0,24.4,0.36,39.0,daemon,43543.1,142278.3,8024.3,3466.8,77.8,
2025-12-25T22:53:30.195860,3.3,24.7,0.53,38.0,daemon,43543.1,142312.3,8027.3,3470.8,77.5,
2025-12-25T22:54:30.483012,1.7,24.7,0.40,38.0,daemon,43543.1,142384.9,8028.3,3472.5,77.3,
2025-12-25T22:55:30.748654,3.3,24.4,0.39,40.0,daemon,43543.1,142406.8,8029.4,3472.8,77.1,
2025-12-25T22:56:31.010531,2.5,24.7,1.34,42.0,daemon,43543.1,142440.3,8031.1,3478.9,76.8,
2025-12-25T22:57:31.290587,0.0,24.4,0.58,38.0,daemon,43543.1,142480.8,8031.5,3481.2,76.6,
2025-12-25T22:58:31.567363,0.0,24.4,0.26,37.0,daemon,43543.1,142502.4,8031.6,3481.2,76.5,
2025-12-25T22:59:31.844299,1.7,24.4,0.21,37.0,daemon,43543.1,142517.0,8031.6,3481.2,76.3,
2025-12-25T23:00:32.103272,0.0,24.7,0.46,37.0,daemon,43543.1,142536.1,8031.7,3481.3,76.1,
2025-12-25T23:01:32.370182,2.5,25.0,0.57,35.0,daemon,43543.1,142553.3,8031.8,3481.3,75.9,
2025-12-25T23:02:32.636496,1.7,25.0,0.21,35.0,daemon,43543.1,142571.4,8031.8,3481.3,75.8,
2025-12-25T23:03:32.888183,4.2,24.7,0.23,37.0,daemon,43543.1,142588.7,8032.0,3481.4,75.6,
2025-12-25T23:04:33.134118,2.5,24.4,0.32,35.0,daemon,43543.1,142611.2,8032.0,3481.4,75.4,
2025-12-25T23:05:33.389647,2.5,24.4,0.11,35.0,daemon,43543.1,142624.8,8032.1,3481.4,75.3,
2025-12-25T23:06:33.616735,0.0,24.4,0.04,34.0,daemon,43543.1,142637.5,8032.1,3481.5,75.2,
2025-12-25T23:07:33.854125,9.1,24.4,0.13,36.0,daemon,43543.1,142656.2,8032.2,3482.3,75.0,
2025-12-25T23:08:34.104832,6.7,24.4,0.08,35.0,daemon,43543.1,142674.0,8032.4,3483.1,74.8,
2025-12-25T23:09:34.370471,0.0,24.7,0.17,35.0,daemon,43543.1,142684.1,8032.5,3483.1,74.7,
2025-12-25T23:10:34.609801,14.9,25.0,0.36,37.0,daemon,43543.1,142759.9,8055.1,3505.6,74.4,
2025-12-25T23:11:34.886710,3.3,24.7,0.51,36.0,daemon,43543.1,142844.0,8057.8,3507.1,74.2,
2025-12-25T23:12:35.159433,0.0,24.7,0.89,35.0,daemon,43543.1,142894.3,8062.9,3507.4,73.9,
2025-12-25T23:13:35.417188,0.8,24.7,1.86,35.0,daemon,43543.1,142928.3,8063.0,3507.4,73.8,
2025-12-25T23:14:35.674490,0.8,24.4,0.68,37.0,daemon,43543.1,142952.4,8063.0,3507.5,73.7,
2025-12-25T23:15:35.933900,1.6,24.4,0.39,35.0,daemon,43543.1,142966.8,8063.0,3507.5,73.6,
2025-12-25T23:16:36.193693,0.0,24.7,0.28,35.0,daemon,43543.1,142981.1,8063.1,3507.5,73.4,
2025-12-25T23:17:36.473676,0.0,24.4,0.16,35.0,daemon,43543.1,142996.4,8063.1,3507.5,73.3,
2025-12-26T07:40:41.032642,25.9,24.7,0.06,26.0,daemon,43543.1,143031.0,8063.1,3507.5,67.5,
2025-12-26T07:41:41.333129,0.8,24.4,0.05,27.0,daemon,43550.1,143252.4,8135.8,3508.2,67.4,
2025-12-26T07:42:41.621512,0.8,24.7,0.02,28.0,daemon,43550.1,143270.7,8135.9,3508.2,67.3,
2025-12-26T07:43:41.921699,0.0,24.4,0.08,28.0,daemon,43550.1,143283.5,8135.9,3508.2,67.2,
2025-12-26T07:44:42.213555,1.7,24.4,0.07,28.0,daemon,43550.1,143304.5,8136.2,3508.2,67.1,
2025-12-26T07:45:42.480579,4.1,24.4,0.25,33.0,daemon,43550.1,143344.4,8136.4,3508.3,67.0,
2025-12-26T07:46:42.737201,3.3,24.4,0.14,32.0,daemon,43550.1,143382.4,8136.4,3508.3,66.8,
2025-12-26T07:47:42.976622,14.2,24.4,0.30,37.0,daemon,43550.1,143446.4,8136.9,3511.4,66.5,
2025-12-26T07:48:43.256368,10.7,24.7,0.76,37.0,daemon,43550.1,143540.5,8138.3,3518.9,66.3,
2025-12-26T07:49:43.554105,0.0,24.4,0.74,34.0,daemon,43550.1,143685.3,8140.1,3521.2,66.0,
2025-12-26T07:50:43.851299,5.8,24.4,0.36,35.0,daemon,43550.1,143733.4,8140.2,3521.3,65.9,
2025-12-26T07:51:44.121020,2.5,24.7,0.29,35.0,daemon,43550.1,143773.0,8140.4,3521.4,65.7,
2025-12-26T07:52:44.394429,2.5,25.0,0.30,35.0,daemon,43550.1,143795.9,8140.7,3521.4,65.5,
2025-12-26T07:53:44.668215,0.0,24.4,0.40,34.0,daemon,43550.1,143828.9,8140.8,3522.2,65.3,
2025-12-26T07:54:44.909059,15.0,24.7,1.05,40.0,daemon,43550.1,143901.7,8142.6,3525.3,65.0,
2025-12-26T07:55:45.156210,41.4,24.0,0.74,47.0,daemon,43550.1,143978.4,8143.5,3532.0,64.7,
2025-12-26T07:56:45.438285,9.9,25.3,0.88,37.0,daemon,43550.1,144065.9,8145.1,3536.8,64.4,
2025-12-26T07:57:45.704576,7.6,24.7,0.53,37.0,daemon,43550.1,144085.0,8145.6,3538.8,64.2,
2025-12-26T07:58:45.968986,5.0,24.7,0.76,35.0,daemon,43550.1,144111.3,8145.7,3538.8,64.0,
2025-12-26T07:59:46.228568,2.5,24.7,0.43,36.0,daemon,43550.1,144133.7,8146.0,3539.6,63.8,
2025-12-26T08:00:46.489229,0.8,25.3,0.61,35.0,daemon,43550.1,144196.2,8150.9,3539.9,63.6,
2025-12-26T08:01:46.771102,3.4,25.0,0.34,35.0,daemon,43550.1,144279.1,8151.2,3541.7,63.3,
2025-12-26T08:02:47.031576,2.5,24.4,0.44,36.0,daemon,43550.2,144327.7,8151.3,3541.7,63.1,
2025-12-26T08:03:47.289764,1.7,24.4,0.30,37.0,daemon,43550.2,144349.0,8151.3,3541.7,62.8,
2025-12-26T08:04:47.540296,8.3,24.4,0.69,37.0,daemon,43550.2,144371.6,8151.5,3541.8,62.6,
2025-12-26T08:05:47.818002,4.1,24.4,0.38,35.0,daemon,43550.2,144408.6,8151.9,3564.6,62.3,
2025-12-26T08:06:48.049721,5.8,26.6,0.74,38.0,daemon,43552.9,144459.0,8176.5,3590.2,62.0,
2025-12-26T08:07:48.325124,1.7,26.0,0.73,36.0,daemon,43552.9,144644.1,8177.8,3593.5,61.8,
2025-12-26T08:08:48.595553,2.5,25.3,0.71,38.0,daemon,43552.9,144672.7,8179.1,3595.8,61.6,
2025-12-26T08:09:48.866460,9.9,25.0,0.63,36.0,daemon,43552.9,144698.0,8180.3,3605.1,61.3,
2025-12-26T08:10:49.184469,6.7,24.4,0.69,37.0,daemon,43552.9,144717.6,8183.6,3611.6,61.1,
2025-12-26T08:11:49.437214,5.8,24.7,0.70,36.0,daemon,43552.9,144756.7,8184.1,3615.8,60.8,
2025-12-26T08:12:49.701091,5.9,25.0,0.98,39.0,daemon,43554.5,144830.4,8188.0,3621.3,60.5,
2025-12-26T08:13:49.946370,10.9,24.7,1.61,38.0,daemon,43554.5,144942.8,8191.1,3629.3,60.2,
2025-12-26T08:14:50.216486,4.2,25.3,1.09,37.0,daemon,43554.5,145002.8,8192.7,3634.5,59.9,
2025-12-26T08:15:50.477438,6.7,25.0,0.51,35.0,daemon,43554.5,145040.7,8192.9,3634.6,59.7,
2025-12-26T08:16:50.748159,0.0,25.0,0.33,35.0,daemon,43554.5,145096.8,8193.4,3635.0,59.5,
2025-12-26T08:17:51.014709,0.8,25.0,0.15,33.0,daemon,43554.5,145109.5,8193.4,3635.1,59.3,
2025-12-26T08:18:51.284404,1.7,25.0,0.24,36.0,daemon,43554.5,145122.9,8193.5,3635.1,59.1,
2025-12-26T08:19:51.563168,0.8,25.0,0.40,35.0,daemon,43554.5,145135.6,8193.5,3635.1,58.9,
2025-12-26T08:20:51.818796,11.6,29.2,2.32,43.0,daemon,43554.5,145255.4,8262.1,3703.2,58.5,
2025-12-26T08:21:52.068734,0.0,25.0,1.34,37.0,daemon,43554.5,145400.0,8328.0,3769.1,58.3,
2025-12-26T08:22:52.347862,0.8,25.0,0.62,35.0,daemon,43554.5,145448.6,8328.3,3770.3,58.1,
2025-12-26T08:23:52.625135,5.7,25.0,0.58,36.0,daemon,43554.5,145472.1,8328.7,3774.8,57.8,
2025-12-26T08:24:52.877284,5.8,25.0,0.72,38.0,daemon,43554.5,145496.8,8329.0,3778.3,57.6,
2025-12-26T08:25:53.149701,3.3,25.0,1.27,36.0,daemon,43554.5,145522.6,8329.6,3779.7,57.3,
2025-12-26T08:26:53.420583,13.4,26.3,0.98,39.0,daemon,43554.5,145562.9,8331.4,3807.1,57.0,
2025-12-26T08:27:53.695985,5.0,25.6,0.64,37.0,daemon,43554.5,145657.9,8332.3,3812.1,56.8,
2025-12-26T08:28:53.971928,10.1,25.6,0.88,38.0,daemon,43554.5,145732.7,8335.6,3820.2,56.5,
2025-12-26T08:29:54.233437,6.7,25.3,0.73,37.0,daemon,43554.5,145792.9,8336.8,3828.1,56.2,
2025-12-26T08:30:54.498516,12.3,25.6,0.59,37.0,daemon,43554.5,145843.1,8339.4,3836.0,55.9,
2025-12-26T08:31:54.758439,1.7,25.3,0.51,37.0,daemon,43554.5,145861.1,8340.0,3842.5,55.7,
2025-12-26T08:32:55.015725,0.0,25.3,0.28,37.0,daemon,43554.5,145885.2,8340.4,3843.9,55.4,
2025-12-26T08:33:55.271788,0.0,25.3,0.10,36.0,daemon,43554.5,145912.7,8340.4,3843.9,55.3,
2025-12-26T08:34:55.530661,1.7,25.3,0.09,35.0,daemon,43554.5,145929.0,8340.5,3843.9,55.2,
2025-12-26T08:35:55.790052,2.4,25.3,0.07,35.0,daemon,43554.5,145941.9,8340.5,3843.9,55.0,
2025-12-26T08:36:56.046889,0.8,25.3,0.02,35.0,daemon,43554.5,145957.2,8340.5,3844.0,54.8,
2025-12-26T08:37:56.306626,0.8,25.3,0.15,35.0,daemon,43554.5,145972.9,8340.6,3844.0,54.7,
2025-12-26T08:38:56.567634,0.0,25.3,0.05,35.0,daemon,43554.5,145984.2,8340.6,3844.0,54.6,
2025-12-26T08:39:56.837274,5.7,25.3,0.16,37.0,daemon,43554.5,146002.0,8340.6,3844.1,54.4,
2025-12-26T08:40:57.123096,0.0,25.3,0.27,35.0,daemon,43554.5,146034.9,8341.2,3848.2,54.1,
2025-12-26T08:41:57.404938,1.7,25.3,0.40,36.0,daemon,43554.5,146064.5,8341.3,3848.3,53.9,
2025-12-26T08:42:57.679567,13.4,25.3,0.45,36.0,daemon,43554.5,146079.1,8341.5,3851.0,53.7,
2025-12-26T08:43:57.955495,5.9,25.6,0.51,38.0,daemon,43554.5,146119.3,8343.4,3855.2,53.4,
2025-12-26T08:44:58.232939,1.7,25.3,0.60,36.0,daemon,43554.5,146158.3,8344.6,3860.9,53.0,
2025-12-26T08:45:58.522006,5.0,25.0,1.05,37.0,daemon,43554.5,146190.6,8345.8,3865.2,52.8,
2025-12-26T08:46:58.797171,1.7,25.0,0.44,35.0,daemon,43554.5,146245.0,8346.5,3867.1,52.5,
2025-12-26T08:47:59.065840,13.2,25.0,0.52,38.0,daemon,43554.5,146271.4,8347.5,3868.2,52.2,
2025-12-26T08:48:59.338859,4.2,25.0,0.53,38.0,daemon,43554.5,146298.9,8348.4,3868.6,51.9,
2025-12-26T08:49:59.620709,4.1,25.0,0.35,38.0,daemon,43554.5,146324.4,8349.6,3869.2,51.7,
2025-12-26T08:50:59.899945,3.4,25.0,0.28,38.0,daemon,43554.5,146339.1,8350.6,3870.8,51.4,
2025-12-26T08:52:00.164106,5.0,25.0,0.35,37.0,daemon,43554.5,146355.7,8351.1,3871.5,51.1,
2025-12-26T08:53:00.430726,0.0,25.0,0.51,36.0,daemon,43554.5,146374.1,8351.2,3871.6,50.9,
2025-12-26T08:54:00.703972,1.7,25.0,0.46,35.0,daemon,43554.5,146398.3,8351.2,3871.6,50.7,
2025-12-26T08:55:00.974522,3.4,25.0,0.34,35.0,daemon,43554.5,146423.3,8351.3,3871.6,50.5,
2025-12-26T08:56:01.251154,0.0,25.3,0.42,33.0,daemon,43554.5,146444.9,8351.3,3871.6,50.2,
2025-12-26T08:57:01.530226,1.7,25.3,0.15,33.0,daemon,43554.5,146459.0,8351.4,3871.7,50.1,
2025-12-26T08:58:01.785771,29.6,27.3,0.68,40.0,daemon,43554.5,146536.7,8384.5,3904.7,49.8,
2025-12-26T08:59:02.044624,1.6,25.0,0.82,38.0,daemon,43554.5,146682.2,8486.6,4006.5,49.4,
2025-12-26T09:00:02.310425,2.5,24.7,0.63,38.0,daemon,43554.5,146749.6,8487.5,4009.0,49.1,
2025-12-26T09:01:02.587538,1.7,24.7,0.27,37.0,daemon,43554.5,146761.1,8488.1,4010.7,48.8,
2025-12-26T09:02:02.838814,18.6,27.9,2.13,50.0,daemon,43554.6,146879.1,8623.3,4145.5,48.4,
2025-12-26T09:03:03.074728,12.5,24.7,1.04,42.0,daemon,43554.6,146961.5,8624.0,4148.0,48.1,
2025-12-26T09:04:03.342376,12.5,25.3,0.75,40.0,daemon,43554.6,146991.8,8624.9,4150.7,47.8,
2025-12-26T09:05:03.584657,10.9,25.3,1.23,42.0,daemon,43554.6,147082.2,8636.8,4153.6,47.5,
2025-12-26T09:06:03.835516,5.8,25.6,1.41,40.0,daemon,43554.6,147186.3,8646.8,4155.8,47.2,
2025-12-26T09:07:04.076042,10.0,25.3,0.96,38.0,daemon,43554.6,147250.3,8647.3,4156.5,46.9,
2025-12-26T09:08:04.330958,0.8,25.6,0.54,37.0,daemon,43554.6,147274.2,8647.4,4156.5,46.6,
2025-12-26T09:09:04.588575,2.5,25.6,1.03,38.0,daemon,43554.6,147415.2,8660.4,4157.6,46.4,
2025-12-26T09:10:04.839773,0.0,26.0,0.53,38.0,daemon,43554.6,147551.4,8660.5,4157.7,46.1,
2025-12-26T09:11:05.112796,5.7,26.0,3.38,43.0,daemon,43554.6,147698.2,8795.1,4292.9,45.6,
2025-12-26T09:12:05.377094,2.5,25.3,1.51,38.0,daemon,43554.6,147798.1,8795.1,4292.9,45.4,
2025-12-26T09:13:05.654737,3.3,25.3,0.92,37.0,daemon,43554.6,147809.7,8795.2,4293.0,45.1,
2025-12-26T09:14:05.939844,10.2,25.6,0.71,38.0,daemon,43554.6,147827.5,8796.4,4294.2,44.8,
2025-12-26T09:15:06.193855,18.3,25.6,0.55,39.0,daemon,43554.6,147853.5,8797.3,4298.1,44.6,
2025-12-26T09:16:06.459137,5.8,26.0,0.76,40.0,daemon,43554.6,148166.6,8799.4,4299.5,44.3,
2025-12-26T09:17:06.726575,4.2,25.6,0.85,38.0,daemon,43554.6,148254.8,8803.7,4299.7,44.0,
2025-12-26T09:18:06.996401,1.6,26.0,0.77,38.0,daemon,43554.6,148295.0,8805.8,4299.8,43.7,
2025-12-26T09:19:07.267542,1.7,26.0,1.01,37.0,daemon,43554.6,148339.3,8807.3,4299.9,43.5,
2025-12-26T09:20:07.546935,13.4,26.0,0.53,38.0,daemon,43554.6,148379.7,8807.4,4300.0,43.2,
2025-12-26T09:21:07.799489,5.9,25.6,0.45,37.0,daemon,43554.6,148392.4,8807.5,4300.0,43.0,
2025-12-26T09:22:08.056252,0.8,25.6,0.30,38.0,daemon,43554.6,148418.2,8808.4,4300.6,42.7,
2025-12-26T09:23:08.328952,1.7,25.6,0.11,36.0,daemon,43554.6,148451.5,8808.5,4301.2,42.5,
2025-12-26T09:24:08.615270,4.1,26.0,0.18,37.0,daemon,43554.6,148475.0,8808.6,4301.2,42.3,
2025-12-26T09:25:08.876416,5.0,26.0,0.10,40.0,daemon,43554.6,148501.6,8808.8,4301.9,42.1,
2025-12-26T09:26:09.125093,0.0,26.0,0.16,40.0,daemon,43554.6,148523.1,8809.7,4303.3,41.8,
2025-12-26T09:27:09.378541,15.8,26.0,0.96,39.0,daemon,43554.6,148547.7,8809.9,4303.4,41.6,
2025-12-26T09:28:09.657288,0.0,26.0,0.57,37.0,daemon,43554.6,148598.0,8811.7,4303.4,41.3,
2025-12-26T09:29:09.926892,8.3,26.0,1.31,40.0,daemon,43554.6,148709.8,8844.8,4326.0,41.0,
2025-12-26T09:30:10.163650,23.5,27.6,1.56,44.0,daemon,43554.6,148799.8,8878.0,4359.1,40.7,
2025-12-26T09:31:10.426884,3.3,25.6,1.73,42.0,daemon,43554.6,148946.7,8980.3,4461.5,40.3,
2025-12-26T09:32:10.652741,8.3,28.2,1.60,48.0,daemon,43554.6,149109.6,9084.8,4566.0,39.9,
2025-12-26T09:33:10.885549,25.4,25.3,1.90,47.0,daemon,43554.6,149289.6,9238.3,4718.9,39.4,
2025-12-26T09:34:11.164654,3.4,24.0,1.12,40.0,daemon,43554.7,149440.2,9272.1,4752.7,39.1,
2025-12-26T09:35:11.438189,0.0,23.7,0.58,37.0,daemon,43554.7,149495.6,9272.9,4753.1,38.8,
2025-12-26T09:36:11.706770,2.5,23.7,0.38,39.0,daemon,43555.1,149529.1,9273.0,4755.2,38.6,
2025-12-26T09:37:11.961329,14.2,23.7,0.59,43.0,daemon,43555.1,149571.6,9275.1,4758.6,38.2,
2025-12-26T09:38:12.203364,0.0,23.7,0.56,39.0,daemon,43555.1,149608.9,9275.4,4760.5,38.0,
2025-12-26T09:39:12.472357,1.6,23.7,0.50,37.0,daemon,43555.1,149623.8,9275.7,4762.4,37.7,
2025-12-26T09:40:12.745247,0.8,23.7,0.24,36.0,daemon,43555.1,149721.9,9275.8,4762.4,37.5,
2025-12-26T09:41:13.019269,7.6,23.7,0.81,38.0,daemon,43555.1,149746.9,9276.0,4763.4,37.2,
2025-12-26T09:42:13.289852,0.0,23.7,0.43,37.0,daemon,43555.1,149773.8,9276.0,4763.4,37.0,
2025-12-26T09:43:13.562664,0.8,23.7,0.28,35.0,daemon,43555.1,149790.7,9276.1,4763.4,36.8,
2025-12-26T09:44:13.841747,1.6,23.7,0.55,36.0,daemon,43555.1,149816.4,9276.6,4764.4,36.6,
2025-12-26T09:45:14.122105,2.5,23.7,0.34,37.0,daemon,43555.1,149838.0,9276.6,4764.4,36.4,
2025-12-26T09:46:14.400747,1.7,23.7,0.12,34.0,daemon,43555.1,149880.7,9276.8,4764.5,36.2,
2025-12-26T09:47:14.693427,0.0,23.7,0.04,34.0,daemon,43555.1,149907.7,9276.8,4764.5,36.1,
2025-12-26T09:48:14.988176,0.0,23.7,0.13,35.0,daemon,43555.1,149996.4,9277.0,4764.6,35.8,
2025-12-26T09:49:15.267112,1.7,23.7,0.25,35.0,daemon,43555.1,150066.0,9277.1,4765.5,35.6,
2025-12-26T09:50:15.553023,0.8,23.4,0.15,34.0,daemon,43555.1,150086.2,9277.2,4765.6,35.4,
2025-12-26T09:51:15.831752,0.8,23.4,0.16,36.0,daemon,43555.1,150113.6,9277.4,4765.6,35.3,
2025-12-26T09:52:16.107479,1.7,23.4,0.06,35.0,daemon,43555.1,150130.2,9277.5,4765.6,35.1,
2025-12-26T09:53:16.380128,0.8,23.4,0.06,35.0,daemon,43555.1,150151.8,9277.7,4766.6,34.8,
2025-12-26T09:54:16.652625,5.8,23.7,0.35,36.0,daemon,43555.1,150182.3,9277.7,4766.6,34.6,
2025-12-26T09:55:16.898659,14.5,24.4,0.74,42.0,daemon,43555.1,150230.0,9278.2,4766.8,34.3,
2025-12-26T09:56:17.175062,0.0,23.7,0.63,36.0,daemon,43555.1,150279.7,9278.3,4766.8,34.1,
2025-12-26T09:57:17.456019,0.8,23.7,0.70,38.0,daemon,43555.1,150315.9,9278.4,4766.9,33.8,
2025-12-26T09:58:17.728690,1.7,24.0,0.90,38.0,daemon,43555.1,150396.8,9286.9,4767.1,33.5,
2025-12-26T09:59:17.971330,21.7,25.0,1.26,44.0,daemon,43555.1,150545.6,9288.8,4767.2,33.1,
2025-12-26T10:00:18.244956,9.3,25.6,1.08,39.0,daemon,43555.1,150643.7,9289.2,4767.3,32.7,
2025-12-26T10:01:18.520180,0.0,25.6,0.68,38.0,daemon,43555.1,150753.5,9292.1,4767.4,32.4,
2025-12-26T10:02:18.804757,3.3,24.7,0.52,38.0,daemon,43575.7,150824.3,9292.3,4767.5,32.2,
2025-12-26T10:03:19.084551,1.7,24.7,0.61,39.0,daemon,43575.7,150874.6,9292.5,4767.6,31.9,
2025-12-26T10:04:19.352836,9.0,24.7,0.97,40.0,daemon,43575.7,150925.8,9292.6,4767.6,31.6,
2025-12-26T10:05:19.637138,11.7,24.7,1.03,39.0,daemon,43575.7,150993.9,9292.9,4767.8,31.3,
2025-12-26T10:06:19.902309,10.8,23.7,0.54,39.0,daemon,43575.7,151049.6,9292.9,4767.8,31.0,
2025-12-26T10:07:20.159505,2.5,24.4,0.47,40.0,daemon,43575.7,151083.4,9293.2,4767.8,30.7,
2025-12-26T10:08:20.420285,37.5,24.4,0.75,43.0,daemon,43575.7,151174.7,9293.4,4768.0,30.4,
2025-12-26T10:09:20.697374,0.0,24.7,0.56,38.0,daemon,43575.7,151230.9,9293.5,4768.0,30.1,
2025-12-26T10:10:20.963569,17.9,24.7,0.91,40.0,daemon,43575.7,151276.6,9293.8,4768.1,29.8,
2025-12-26T10:11:21.227565,16.0,24.7,0.61,42.0,daemon,43575.7,151319.2,9293.9,4768.2,29.5,
2025-12-26T10:12:21.482967,7.4,24.0,0.55,39.0,daemon,43575.7,151356.4,9293.9,4768.2,29.2,
2025-12-26T10:13:21.756248,1.7,24.7,0.40,37.0,daemon,43575.7,151473.0,9295.5,4769.0,29.0,
2025-12-26T10:14:22.033570,10.1,24.7,0.60,38.0,daemon,43575.7,151527.5,9295.5,4769.2,28.7,
2025-12-26T10:15:22.305738,11.6,25.3,0.51,38.0,daemon,43575.8,151684.4,9296.9,4770.3,28.3,
2025-12-26T10:16:22.585250,1.7,25.3,0.19,36.0,daemon,43575.8,151758.9,9297.0,4770.3,28.1,
2025-12-26T10:17:22.870026,2.5,25.3,0.25,36.0,daemon,43575.8,151778.6,9297.1,4770.4,28.0,
2025-12-26T10:18:23.145682,1.7,25.3,0.13,35.0,daemon,43575.8,151796.0,9297.1,4770.4,27.8,
2025-12-26T10:19:23.425359,0.0,25.6,0.17,35.0,daemon,43575.8,151818.2,9297.5,4770.4,27.6,
2025-12-26T10:20:23.705000,0.8,25.3,0.06,35.0,daemon,43575.8,151844.3,9297.6,4770.5,27.5,
2025-12-26T10:21:23.983197,0.8,25.0,0.16,36.0,daemon,43575.8,151866.9,9297.7,4770.5,27.3,
2025-12-26T10:22:24.241577,0.8,25.0,0.14,35.0,daemon,43575.8,151883.1,9297.7,4770.5,27.1,
2025-12-26T10:23:24.504017,2.4,25.0,0.17,37.0,daemon,43575.8,151902.2,9297.8,4770.6,27.0,
2025-12-26T10:24:24.780814,0.0,25.0,0.10,34.0,daemon,43575.8,151927.3,9297.8,4770.6,26.8,
2025-12-26T10:25:25.059485,0.0,25.0,0.15,34.0,daemon,43575.8,151935.3,9297.8,4770.6,26.7,
2025-12-26T10:26:25.335779,0.8,25.0,0.05,33.0,daemon,43575.8,151949.8,9297.8,4770.6,26.5,
2025-12-26T10:27:25.610382,0.8,25.3,0.14,34.0,daemon,43575.8,151974.5,9297.9,4770.7,26.3,
2025-12-26T10:28:25.893321,0.0,25.0,0.07,33.0,daemon,43575.8,151992.3,9298.0,4770.7,26.2,
2025-12-26T10:29:26.169404,26.7,25.3,0.03,36.0,daemon,43575.8,152005.9,9298.0,4770.7,26.1,
2025-12-26T10:30:26.422566,2.5,25.6,0.10,38.0,daemon,43575.8,152065.1,9301.1,4771.0,25.8,
2025-12-26T10:31:26.662155,7.6,26.0,0.43,40.0,daemon,43575.8,152161.2,9301.2,4771.1,25.5,
2025-12-26T10:32:26.942982,0.0,25.6,0.15,33.0,daemon,43575.8,152188.5,9301.2,4771.1,25.3,
2025-12-26T10:33:27.215315,5.8,25.6,0.32,35.0,daemon,43575.8,152208.7,9301.3,4771.2,25.2,
2025-12-26T10:34:27.462306,10.3,25.6,0.21,39.0,daemon,43575.8,152260.4,9301.6,4771.3,24.9,
2025-12-26T10:35:27.717986,33.6,26.0,0.72,39.0,daemon,43575.8,152355.6,9301.9,4771.5,24.6,
2025-12-26T10:36:27.971481,4.2,26.3,0.82,39.0,daemon,43575.8,152470.7,9303.5,4771.6,24.3,
2025-12-26T10:37:28.238861,10.7,26.3,0.59,39.0,daemon,43575.8,152579.4,9306.1,4771.7,24.0,
2025-12-26T10:38:28.519968,0.8,26.6,0.83,36.0,daemon,43575.8,152661.2,9306.5,4771.9,23.7,
2025-12-26T10:39:28.790767,12.3,26.6,0.40,37.0,daemon,43575.8,152690.5,9306.7,4772.0,23.5,
2025-12-26T10:40:29.048602,2.5,26.6,0.24,38.0,daemon,43575.8,152716.7,9306.9,4772.1,23.3,
2025-12-26T10:41:29.318744,5.8,26.6,0.51,37.0,daemon,43575.8,152756.2,9307.0,4772.4,23.0,
2025-12-26T10:42:29.594893,11.7,26.6,0.72,37.0,daemon,43575.8,152793.4,9307.1,4772.5,22.7,
2025-12-26T10:43:29.865048,11.0,26.6,0.82,38.0,daemon,43575.8,152852.4,9307.4,4772.8,22.4,
2025-12-26T10:44:30.107062,17.5,26.6,0.65,42.0,daemon,43575.8,152893.5,9307.7,4773.1,22.1,
2025-12-26T10:45:30.345604,7.4,26.6,0.96,38.0,daemon,43575.8,152939.4,9308.0,4773.3,21.8,
2025-12-26T10:46:30.624157,1.7,26.6,0.92,37.0,daemon,43575.8,153062.0,9308.4,4773.6,21.5,
2025-12-26T10:47:30.900919,0.0,26.9,0.85,37.0,daemon,43576.3,153168.9,9308.6,4774.7,21.2,
2025-12-26T10:48:31.177227,0.0,26.6,0.43,35.0,daemon,43576.3,153225.2,9308.6,4774.7,21.0,
2025-12-26T10:49:31.458835,0.8,26.9,0.89,38.0,daemon,43576.3,153265.7,9309.0,4774.8,20.7,
2025-12-26T10:50:31.751825,3.3,26.9,0.89,37.0,daemon,43576.3,153307.7,9309.2,4775.1,20.4,
2025-12-26T10:51:32.023594,4.2,26.6,0.78,38.0,daemon,43576.3,153354.6,9309.6,4775.5,20.2,
2025-12-26T10:52:32.288953,6.7,26.9,1.30,41.0,daemon,43576.3,153427.3,9309.9,4775.7,19.8,
2025-12-26T10:53:32.566641,1.6,25.0,0.86,39.0,daemon,43576.3,153471.5,9310.0,4775.8,19.6,
2025-12-26T10:54:32.852416,12.5,24.7,0.94,41.0,daemon,43576.3,153529.0,9310.1,4775.9,19.3,
2025-12-26T10:55:33.148082,0.8,24.7,1.03,40.0,daemon,43576.3,153575.5,9310.2,4776.0,19.0,
2025-12-26T10:56:33.413080,3.4,25.0,0.94,42.0,daemon,43576.3,153632.9,9310.3,4776.1,18.7,
2025-12-26T10:57:33.700428,4.2,25.0,0.66,42.0,daemon,43576.3,153663.8,9310.6,4776.4,18.4,
2025-12-26T10:58:33.973124,3.4,25.0,0.65,43.0,daemon,43576.3,153696.2,9310.7,4776.5,18.1,
2025-12-26T10:59:34.294892,13.6,25.0,1.25,44.0,daemon,43576.3,153740.9,9310.9,4776.8,17.9,
2025-12-26T11:00:34.560542,5.8,25.6,1.50,43.0,daemon,43576.3,153775.5,9311.1,4777.0,17.5,
2025-12-26T11:01:34.833462,11.1,25.0,0.99,44.0,daemon,43576.3,153819.6,9311.2,4777.2,17.2,
2025-12-26T11:02:35.110580,14.9,25.0,1.27,44.0,daemon,43576.3,153860.6,9311.4,4777.5,16.9,
2025-12-26T11:03:35.394592,5.0,25.3,1.13,43.0,daemon,43576.3,153908.1,9311.6,4777.7,16.6,
2025-12-26T11:04:35.667241,6.7,25.0,1.22,46.0,daemon,43576.3,153958.6,9312.0,4777.9,16.2,
2025-12-26T11:05:35.958283,4.2,25.0,0.96,43.0,daemon,43576.3,153987.9,9312.4,4778.3,15.9,
2025-12-26T11:06:36.237641,7.5,25.0,1.33,44.0,daemon,43576.3,154005.8,9312.7,4778.6,15.6,
2025-12-26T11:07:36.522956,4.2,25.0,0.90,43.0,daemon,43576.3,154021.8,9312.9,4778.9,15.3,
2025-12-26T11:08:36.838900,30.5,25.3,1.18,44.0,daemon,43576.3,154048.2,9313.2,4779.2,15.0,
2025-12-26T11:09:37.122813,10.0,25.6,1.28,47.0,daemon,43576.3,154083.5,9313.4,4779.4,14.7,
2025-12-26T11:10:37.383713,5.0,25.0,0.81,43.0,daemon,43576.3,154119.8,9313.6,4779.6,14.4,
2025-12-26T11:11:37.634796,5.1,25.3,0.66,45.0,daemon,43576.3,154142.8,9313.9,4779.9,14.1,
2025-12-26T11:12:37.898532,6.6,25.0,0.56,44.0,daemon,43576.3,154172.3,9313.9,4780.0,13.8,
2025-12-26T11:13:38.158056,5.0,25.3,0.93,44.0,daemon,43576.3,154184.5,9314.0,4780.1,13.5,
2025-12-26T11:14:38.412409,6.7,25.6,1.01,44.0,daemon,43576.3,154225.1,9314.2,4780.2,13.2,
2025-12-26T11:15:38.697645,10.0,25.3,0.84,46.0,daemon,43576.3,154254.2,9314.3,4780.3,12.9,
2025-12-26T11:16:38.976874,8.3,25.3,0.83,44.0,daemon,43576.3,154324.4,9314.5,4780.6,12.6,
2025-12-26T11:17:39.258599,8.4,26.6,1.40,44.0,daemon,43576.3,154383.8,9315.1,4781.1,12.2,
2025-12-26T11:18:39.521789,0.0,26.9,1.10,45.0,daemon,43576.3,154491.2,9316.4,4781.6,11.9,
2025-12-26T11:19:39.726717,3.3,27.6,0.89,66.0,daemon,43576.3,154578.8,9317.2,4781.7,11.6,
2025-12-26T11:20:39.965125,4.2,27.3,0.57,52.0,daemon,43576.3,154632.8,9317.3,4781.7,12.3,
2025-12-26T11:21:40.211109,5.0,27.3,0.48,52.0,daemon,43576.3,154645.7,9317.3,4781.7,13.1,
2025-12-26T11:22:40.436066,2.5,26.6,0.65,64.0,daemon,43576.3,154668.2,9317.4,4781.8,13.9,
2025-12-26T11:23:40.667149,3.3,26.6,0.68,53.0,daemon,43576.3,154689.1,9317.4,4781.8,14.6,
2025-12-26T11:24:40.910154,2.5,26.3,0.47,53.0,daemon,43576.3,154713.6,9317.7,4781.8,15.4,
2025-12-26T11:25:41.160236,3.3,26.3,0.46,55.0,daemon,43576.3,154737.2,9317.7,4781.8,16.1,
2025-12-26T11:26:41.385883,1.7,26.3,0.42,59.0,daemon,43576.3,154755.1,9317.9,4781.9,16.9,
2025-12-26T11:27:41.621173,4.2,26.3,0.64,56.0,daemon,43576.3,154770.1,9317.9,4781.9,17.6,
2025-12-26T11:28:41.853522,4.1,26.3,0.86,73.0,daemon,43576.3,154780.9,9317.9,4781.9,18.4,
2025-12-26T11:29:42.069396,3.3,26.0,0.50,74.0,daemon,43576.3,154797.4,9317.9,4781.9,19.1,
2025-12-26T11:30:42.283032,4.2,26.0,0.58,75.0,daemon,43576.3,154815.5,9318.0,4782.0,19.9,
2025-12-26T11:31:42.499195,1.7,26.0,0.65,71.0,daemon,43576.3,154834.1,9318.1,4782.0,20.6,
2025-12-26T11:32:42.717406,2.5,26.3,0.40,71.0,daemon,43576.3,154848.6,9318.1,4782.0,21.3,
2025-12-26T11:33:42.937815,0.8,26.0,0.31,68.0,daemon,43576.3,154863.8,9318.2,4782.1,22.2,
2025-12-26T11:34:43.168503,0.0,26.0,0.17,52.0,daemon,43576.3,154881.8,9318.2,4782.1,23.0,
2025-12-26T11:35:43.407566,0.0,26.0,0.21,51.0,daemon,43576.3,154897.5,9318.2,4782.1,23.9,
2025-12-26T11:36:43.685477,8.3,26.3,0.36,42.0,daemon,43576.3,154920.9,9318.4,4782.2,24.0,
2025-12-26T11:37:43.941908,0.8,26.6,0.27,40.0,daemon,43576.3,154953.0,9318.4,4782.2,23.7,
2025-12-26T11:38:44.186409,2.5,27.3,0.56,39.0,daemon,43576.3,155015.1,9319.0,4782.3,23.4,
2025-12-26T11:39:44.459553,2.5,27.3,1.47,37.0,daemon,43576.3,155118.4,9319.2,4782.4,23.1,
2025-12-26T11:40:44.733721,2.4,27.3,1.20,37.0,daemon,43576.3,155175.4,9319.2,4782.5,22.8,
2025-12-26T11:41:44.967814,10.9,26.9,0.62,39.0,daemon,43576.3,155212.4,9319.3,4782.5,22.6,
2025-12-26T11:42:45.247828,0.0,26.9,1.01,36.0,daemon,43576.3,155249.9,9319.4,4782.6,22.3,
2025-12-26T11:43:45.523650,1.7,26.9,0.67,38.0,daemon,43576.3,155282.0,9320.1,4783.0,22.0,
2025-12-26T11:44:45.781938,0.0,27.3,0.53,38.0,daemon,43576.3,155317.2,9322.6,4783.3,21.7,
2025-12-26T11:45:46.063920,3.3,26.9,0.51,36.0,daemon,43576.3,155356.7,9322.7,4783.5,21.5,
2025-12-26T11:46:46.363456,7.4,27.3,0.50,37.0,daemon,43576.3,155397.9,9323.4,4783.8,21.2,
2025-12-26T11:47:46.629784,2.5,26.9,0.54,35.0,daemon,43576.3,155432.6,9324.0,4784.1,20.9,
2025-12-26T11:48:46.899223,9.2,26.9,0.48,38.0,daemon,43576.3,155451.1,9324.3,4784.4,20.7,
2025-12-26T11:49:47.108175,15.3,26.9,0.39,55.0,daemon,43576.3,155472.5,9324.6,4784.7,20.4,
2025-12-26T11:50:47.378518,8.3,26.9,0.34,37.0,daemon,43576.3,155495.1,9325.0,4785.0,20.2,
2025-12-26T11:51:47.637027,3.3,26.9,0.65,38.0,daemon,43576.3,155550.6,9325.3,4785.3,19.9,
2025-12-26T11:52:47.908597,2.5,26.9,0.66,39.0,daemon,43576.3,155594.3,9325.7,4785.6,19.6,
2025-12-26T11:53:48.171364,2.5,26.9,0.40,39.0,daemon,43576.3,155627.9,9326.4,4785.8,19.3,
2025-12-26T11:54:48.458527,14.0,26.9,0.41,38.0,daemon,43576.3,155666.0,9327.0,4786.0,19.1,
2025-12-26T11:55:48.723211,13.2,26.9,0.61,39.0,daemon,43576.3,155751.7,9327.4,4786.1,18.8,
2025-12-26T11:56:48.980314,5.9,26.3,0.63,39.0,daemon,43576.3,155862.3,9328.0,4786.2,18.6,
2025-12-26T11:57:49.253965,4.2,25.6,0.59,40.0,daemon,43576.3,155931.5,9328.1,4786.3,18.3,
2025-12-26T11:58:49.532530,8.5,25.6,0.46,39.0,daemon,43576.3,155994.7,9328.2,4787.4,18.0,
2025-12-26T11:59:49.811007,2.5,25.6,0.42,37.0,daemon,43576.3,156045.5,9328.5,4787.4,17.9,
2025-12-26T12:00:50.092221,5.9,25.6,0.49,40.0,daemon,43576.3,156111.0,9330.2,4787.5,17.6,
2025-12-26T12:01:50.362966,13.9,25.6,0.27,38.0,daemon,43576.3,156167.6,9330.3,4787.6,17.3,
2025-12-26T12:02:50.641811,8.4,25.6,0.35,39.0,daemon,43576.3,156241.8,9330.3,4787.6,17.1,
2025-12-26T12:03:50.916145,8.4,25.6,0.47,40.0,daemon,43576.3,156280.1,9330.7,4787.9,16.8,
2025-12-26T12:04:51.192233,10.8,25.3,0.90,40.0,daemon,43576.3,156322.1,9331.4,4788.1,16.6,
2025-12-26T12:05:51.462048,4.1,25.6,1.30,41.0,daemon,43576.3,156361.5,9331.8,4788.4,16.3,
2025-12-26T12:06:51.755666,4.1,25.3,0.74,40.0,daemon,43576.3,156420.4,9332.4,4788.6,16.0,
2025-12-26T12:07:52.034139,0.0,25.6,0.47,40.0,daemon,43576.3,156457.1,9333.2,4788.9,15.7,
2025-12-26T12:08:52.315711,1.7,25.6,0.60,39.0,daemon,43576.3,156475.1,9333.6,4789.1,15.5,
2025-12-26T12:09:52.601668,0.8,25.6,0.36,39.0,daemon,43576.3,156485.0,9334.4,4789.5,15.2,
2025-12-26T12:10:52.888802,0.8,26.0,0.38,40.0,daemon,43576.3,156503.3,9335.8,4789.8,14.9,
2025-12-26T12:11:53.176840,2.5,26.0,0.49,39.0,daemon,43576.3,156579.7,9336.4,4789.9,14.7,
2025-12-26T12:12:53.460005,4.2,26.0,0.63,41.0,daemon,43576.3,156615.9,9336.7,4790.2,14.4,
2025-12-26T12:13:53.738816,0.0,26.0,0.73,40.0,daemon,43576.3,156651.9,9337.3,4790.6,14.2,
2025-12-26T12:14:54.035498,2.5,26.0,0.51,40.0,daemon,43576.3,156708.8,9337.8,4790.8,13.9,
2025-12-26T12:15:54.319443,1.7,26.6,0.48,40.0,daemon,43576.3,156839.6,9339.4,4791.0,13.6,
2025-12-26T12:16:54.608637,3.4,26.6,0.64,40.0,daemon,43576.3,156891.6,9340.1,4791.4,13.3,
2025-12-26T12:17:54.905405,0.0,26.6,0.64,41.0,daemon,43576.3,156956.9,9341.1,4791.5,13.1,
2025-12-26T12:18:55.189781,4.2,26.6,0.75,40.0,daemon,43576.3,156987.1,9341.6,4791.8,12.8,
2025-12-26T12:19:55.472914,2.5,26.6,0.33,40.0,daemon,43576.3,157006.1,9341.9,4792.0,12.5,
2025-12-26T12:20:55.751737,5.0,26.6,0.17,40.0,daemon,43576.3,157017.8,9342.3,4792.4,12.3,
2025-12-26T12:21:56.031714,1.7,26.6,0.31,40.0,daemon,43576.3,157033.8,9343.2,4792.7,12.0,
2025-12-26T12:22:56.301553,5.7,26.6,0.27,41.0,daemon,43576.3,157055.9,9343.6,4793.1,11.7,
2025-12-26T12:23:56.572485,1.7,26.6,0.56,42.0,daemon,43576.3,157076.7,9344.0,4793.5,11.5,
2025-12-26T12:24:56.841366,4.1,26.6,0.60,41.0,daemon,43576.3,157175.8,9344.4,4793.6,11.2,
2025-12-26T12:25:57.128177,6.7,26.6,0.87,42.0,daemon,43576.3,157258.8,9345.5,4793.8,10.9,
2025-12-26T12:26:57.410851,2.5,26.6,1.02,41.0,daemon,43576.3,157364.1,9345.6,4793.9,10.6,
2025-12-26T12:27:57.609508,5.0,27.3,0.61,61.0,daemon,43576.3,157429.5,9346.0,4794.1,10.3,
2025-12-26T12:28:57.849660,5.0,26.9,0.40,66.0,daemon,43576.3,157471.7,9346.3,4794.4,10.9,
2025-12-26T12:29:58.066768,1.7,27.6,0.37,65.0,daemon,43576.3,157519.9,9346.8,4794.5,11.7,
2025-12-26T12:30:58.308093,2.5,27.9,0.13,65.0,daemon,43576.4,157575.6,9347.2,4794.8,12.4,
2025-12-26T12:31:58.524555,3.3,27.6,0.33,66.0,daemon,43576.4,157642.1,9348.1,4796.0,13.1,
2025-12-26T12:32:58.739280,3.3,27.6,0.36,61.0,daemon,43576.4,157683.7,9348.3,4796.2,13.9,
2025-12-26T12:33:58.953557,0.0,28.2,0.31,66.0,daemon,43576.4,157716.1,9348.4,4796.4,14.6,
2025-12-26T12:34:59.167106,2.5,27.9,0.47,65.0,daemon,43577.1,157762.6,9348.8,4796.7,15.3,
2025-12-26T12:35:59.367084,37.8,25.6,0.48,56.0,daemon,43577.2,157878.2,9348.9,4796.7,16.0,
2025-12-26T12:36:59.590240,2.5,26.9,0.81,69.0,daemon,43580.0,158130.6,9354.9,4797.2,16.6,
2025-12-26T12:37:59.809057,7.5,26.9,0.69,51.0,daemon,43580.0,158285.3,9359.5,4797.4,17.3,
2025-12-26T12:39:00.020566,6.7,26.9,0.81,66.0,daemon,43580.0,158385.6,9359.8,4797.5,17.9,
2025-12-26T12:40:00.232049,4.2,26.9,0.72,65.0,daemon,43580.0,158476.5,9359.9,4797.6,18.6,
2025-12-26T12:41:00.479538,2.5,25.3,0.49,48.0,daemon,43580.0,158622.0,9360.1,4797.7,19.3,
2025-12-26T12:42:00.715680,2.5,25.6,0.66,48.0,daemon,43580.0,158676.0,9362.1,4797.7,20.0,
2025-12-26T12:43:00.942887,3.3,25.6,0.24,53.0,daemon,43580.0,158771.9,9362.3,4797.8,20.7,
2025-12-26T12:44:01.182154,1.7,25.6,0.32,48.0,daemon,43580.0,158848.3,9362.8,4798.0,21.4,
2025-12-26T12:45:01.411144,9.2,25.6,0.98,48.0,daemon,43580.0,158928.8,9363.2,4798.2,22.1,
2025-12-26T12:46:01.640588,2.5,26.0,0.80,48.0,daemon,43580.0,159001.1,9363.9,4798.4,22.8,
2025-12-26T12:47:01.866107,2.5,26.0,0.66,59.0,daemon,43580.0,159150.5,9364.7,4798.5,23.4,
2025-12-26T12:48:02.104810,2.5,26.0,1.05,49.0,daemon,43604.0,159199.7,9365.4,4798.7,24.2,
2025-12-26T12:49:02.347624,0.8,26.0,0.94,47.0,daemon,43604.0,159226.3,9366.5,4798.9,24.9,
2025-12-26T12:50:02.591699,1.7,26.0,0.38,47.0,daemon,43604.0,159272.5,9367.1,4799.1,25.6,
2025-12-26T12:51:02.807731,9.2,26.3,0.22,66.0,daemon,43604.0,159354.4,9368.5,4799.4,26.2,
2025-12-26T12:52:03.009921,5.0,26.0,0.77,62.0,daemon,43604.0,159430.1,9370.1,4799.6,26.9,
2025-12-26T12:53:03.222052,4.2,26.3,0.51,64.0,daemon,43604.0,159504.3,9371.4,4799.8,27.5,
2025-12-26T12:54:03.440778,1.7,26.3,0.48,64.0,daemon,43604.0,159626.2,9371.9,4799.9,28.1,
2025-12-26T12:55:03.672825,2.5,26.0,0.22,43.0,daemon,43604.0,159664.5,9372.4,4800.7,28.9,
2025-12-26T12:56:03.907700,5.0,26.3,0.44,49.0,daemon,43604.0,159687.4,9374.2,4800.9,29.6,
2025-12-26T12:57:04.152375,12.3,26.6,0.34,55.0,daemon,43604.0,159773.3,9377.3,4801.2,30.2,
2025-12-26T12:58:04.386692,2.5,26.0,0.23,51.0,daemon,43604.0,159830.2,9378.4,4801.3,30.9,
2025-12-26T12:59:04.616403,5.0,26.3,0.36,77.0,daemon,43604.0,159893.3,9379.2,4801.6,31.6,
2025-12-26T13:00:04.839542,3.3,26.6,0.52,69.0,daemon,43604.0,159980.4,9379.6,4801.8,32.2,
2025-12-26T13:01:05.071275,3.4,26.6,0.34,61.0,daemon,43604.0,160047.4,9380.0,4802.0,32.9,
2025-12-26T13:02:05.293527,6.7,26.9,1.00,66.0,daemon,43604.0,160166.6,9381.1,4802.2,33.5,
2025-12-26T13:03:05.511724,5.8,26.6,0.48,64.0,daemon,43604.0,160219.0,9381.1,4802.2,34.2,
2025-12-26T13:04:05.711718,1.7,26.9,0.54,68.0,daemon,43604.0,160327.4,9381.5,4802.3,34.9,
2025-12-26T13:05:05.961617,3.3,26.6,0.55,47.0,daemon,43604.0,160369.9,9382.1,4802.7,35.6,
2025-12-26T13:06:06.163044,3.3,26.6,0.47,62.0,daemon,43604.0,160393.8,9382.8,4803.1,36.4,
2025-12-26T13:07:06.384222,0.0,26.6,0.24,62.0,daemon,43604.0,160429.7,9383.4,4803.3,37.1,
2025-12-26T13:08:06.597062,2.5,26.6,0.32,59.0,daemon,43604.0,160458.2,9384.3,4803.4,37.9,
2025-12-26T13:09:06.833247,5.0,26.9,0.33,62.0,daemon,43604.0,160548.4,9384.8,4803.5,38.5,
2025-12-26T13:10:07.045710,6.7,26.3,0.56,66.0,daemon,43604.0,160639.3,9384.9,4803.6,39.2,
2025-12-26T13:11:07.250704,7.4,26.6,0.67,74.0,daemon,43604.0,160769.5,9385.8,4803.7,39.8,
2025-12-26T13:12:07.462550,13.3,25.0,0.79,68.0,daemon,43604.0,160925.0,9386.5,4803.9,40.5,
2025-12-26T13:13:07.679799,4.2,23.1,0.78,64.0,daemon,43604.0,161020.9,9386.8,4803.9,41.1,
2025-12-26T13:14:07.890042,2.5,22.7,0.60,65.0,daemon,43605.3,161064.3,9386.9,4805.4,41.8,
2025-12-26T13:15:08.121142,3.3,22.7,0.26,52.0,daemon,43605.3,161089.4,9387.6,4805.8,42.5,
2025-12-26T13:16:08.371144,1.7,22.7,0.31,43.0,daemon,43605.3,161126.4,9388.1,4806.1,43.3,
2025-12-26T13:17:08.606951,4.1,22.7,0.17,47.0,daemon,43605.3,161158.1,9388.7,4806.3,44.0,
2025-12-26T13:18:08.849862,3.3,22.7,0.17,48.0,daemon,43605.3,161172.4,9389.3,4806.5,44.8,
2025-12-26T13:19:09.088333,3.3,22.7,0.16,44.0,daemon,43605.3,161184.6,9390.0,4806.8,45.5,
2025-12-26T13:20:09.328481,3.3,22.7,0.21,55.0,daemon,43605.3,161196.1,9390.9,4807.0,46.3,
2025-12-26T13:21:09.548207,3.3,22.7,0.18,62.0,daemon,43605.3,161216.3,9391.3,4807.2,47.0,
2025-12-26T13:22:09.773800,2.5,22.7,0.18,44.0,daemon,43605.3,161233.5,9391.7,4807.4,47.8,
2025-12-26T13:23:10.002325,1.7,22.7,0.32,49.0,daemon,43605.3,161246.6,9391.8,4807.4,48.5,
2025-12-26T13:24:10.218282,3.3,22.7,0.37,43.0,daemon,43605.3,161295.5,9393.0,4809.3,49.3,
2025-12-26T13:25:10.443521,0.0,22.7,0.18,47.0,daemon,43605.3,161328.0,9393.6,4809.5,50.0,
2025-12-26T13:26:10.675878,4.1,22.7,0.18,48.0,daemon,43605.3,161345.1,9394.3,4809.8,50.7,
2025-12-26T13:27:10.883381,4.2,22.7,0.07,52.0,daemon,43605.3,161365.0,9394.8,4810.2,51.5,
2025-12-26T13:28:11.089376,0.0,22.7,0.18,62.0,daemon,43605.3,161383.3,9395.2,4810.4,52.2,
2025-12-26T13:29:11.316675,0.0,22.7,0.25,45.0,daemon,43605.3,161405.4,9395.7,4810.7,52.9,
2025-12-26T13:30:11.564928,1.7,22.7,0.16,48.0,daemon,43605.3,161424.6,9396.2,4811.0,53.7,
2025-12-26T13:31:11.800862,2.5,22.7,0.15,47.0,daemon,43605.3,161462.2,9396.6,4811.3,54.4,
2025-12-26T13:32:12.021408,0.8,23.1,0.09,45.0,daemon,43605.3,161475.1,9397.4,4811.5,55.2,
2025-12-26T13:33:12.269137,0.8,22.7,0.13,45.0,daemon,43605.3,161493.6,9397.4,4811.5,56.0,
2025-12-26T13:34:12.506789,2.5,22.7,0.15,43.0,daemon,43605.3,161513.3,9397.5,4811.6,56.8,
2025-12-26T13:35:12.745100,0.0,22.7,0.11,45.0,daemon,43605.3,161534.2,9397.5,4811.6,57.6,
2025-12-26T13:36:12.976321,0.0,22.7,0.07,45.0,daemon,43605.3,161551.6,9397.6,4811.6,58.5,
2025-12-26T13:37:13.219407,0.0,22.7,0.09,44.0,daemon,43605.3,161573.8,9397.7,4811.6,59.3,
2025-12-26T13:38:13.467129,0.0,22.7,0.03,45.0,daemon,43605.3,161593.6,9397.7,4811.7,60.2,
2025-12-26T13:39:13.706174,1.7,22.7,0.16,45.0,daemon,43605.3,161610.9,9397.7,4811.7,61.0,
2025-12-26T13:40:13.907826,0.0,22.7,0.13,62.0,daemon,43605.3,161619.5,9397.8,4811.7,61.8,
2025-12-26T13:41:14.128525,0.0,22.7,0.13,60.0,daemon,43605.3,161641.9,9397.8,4811.7,62.6,
2025-12-26T13:42:14.347046,3.3,22.7,0.08,62.0,daemon,43605.3,161660.0,9397.9,4811.8,63.5,
2025-12-26T13:43:14.569071,0.0,22.7,0.23,60.0,daemon,43605.3,161686.6,9397.9,4811.8,64.3,
2025-12-26T13:44:14.792293,0.8,23.1,0.08,59.0,daemon,43605.3,161704.1,9398.0,4811.8,65.2,
2025-12-26T13:45:15.036924,0.8,23.1,0.09,45.0,daemon,43605.3,161720.1,9398.0,4811.8,66.0,
2025-12-26T13:46:15.304888,4.2,23.1,0.26,38.0,daemon,43605.3,161763.9,9415.4,4812.0,66.6,
2025-12-26T13:47:15.583804,1.7,23.4,0.34,36.0,daemon,43605.3,161834.7,9416.8,4812.2,66.4,
2025-12-26T13:48:15.838139,1.7,23.4,0.12,37.0,daemon,43605.3,161856.4,9417.4,4812.6,66.2,
2025-12-26T13:49:16.113524,9.9,24.4,0.79,36.0,daemon,43605.3,161938.1,9419.6,4812.8,65.9,
2025-12-26T13:50:16.373587,0.0,24.0,0.76,37.0,daemon,43605.3,162100.5,9420.2,4812.9,65.6,
2025-12-26T13:51:16.646262,1.6,24.0,0.49,37.0,daemon,43605.3,162169.7,9420.7,4813.2,65.3,
2025-12-26T13:52:16.902105,0.0,23.4,0.35,35.0,daemon,43605.6,162216.4,9420.9,4813.3,65.1,
2025-12-26T13:53:17.179102,0.0,23.4,0.39,35.0,daemon,43605.6,162238.1,9429.4,4813.6,64.8,
2025-12-26T13:54:17.446030,1.7,23.4,0.32,35.0,daemon,43605.6,162267.1,9430.1,4813.9,64.6,
2025-12-26T13:55:17.701265,0.8,23.4,0.22,35.0,daemon,43605.6,162284.9,9430.7,4814.3,64.3,
2025-12-26T13:56:17.952263,2.5,23.4,0.46,37.0,daemon,43605.6,162333.4,9431.0,4814.4,64.1,
2025-12-26T13:57:18.179865,28.8,23.4,0.73,40.0,daemon,43605.6,162396.6,9431.1,4814.4,63.8,
2025-12-26T15:12:40.777923,0.0,23.7,0.51,51.0,daemon,43605.6,162551.6,9432.0,4814.8,87.2,
2025-12-26T15:13:40.991516,8.3,25.0,0.43,60.0,daemon,43605.6,162602.1,9434.7,4815.4,87.8,
2025-12-26T15:14:41.232302,0.0,24.7,0.45,40.0,daemon,43605.6,162707.6,9434.8,4815.6,88.4,
2025-12-26T15:15:41.465321,2.5,24.7,0.33,44.0,daemon,43605.6,162745.9,9434.9,4815.6,88.9,
2025-12-26T15:16:41.709142,2.5,24.7,0.26,45.0,daemon,43605.6,162774.4,9435.1,4815.8,89.4,
2025-12-26T15:17:41.942431,1.7,24.4,0.39,45.0,daemon,43605.6,162844.6,9435.3,4816.0,89.9,
2025-12-26T15:18:42.182039,3.3,24.4,0.50,48.0,daemon,43605.6,162866.1,9435.5,4816.2,90.3,
2025-12-26T15:19:42.393077,0.8,24.7,0.62,53.0,daemon,43605.6,162917.0,9435.6,4816.3,90.8,
2025-12-26T15:20:42.625191,7.6,23.7,0.33,47.0,daemon,43605.6,162973.3,9435.7,4816.4,91.3,
2025-12-26T15:21:42.853298,8.2,23.4,0.39,57.0,daemon,43605.6,163015.1,9435.8,4816.6,91.7,
2025-12-26T15:22:43.046394,2.5,23.4,0.28,60.0,daemon,43605.6,163047.1,9435.8,4816.7,92.1,
2025-12-26T15:23:43.242160,9.2,24.0,0.57,61.0,daemon,43605.6,163075.0,9435.9,4816.8,92.5,
2025-12-26T15:24:43.447919,1.6,23.4,0.40,59.0,daemon,43605.6,163102.9,9436.0,4816.9,92.9,
2025-12-26T15:25:43.646039,1.7,23.7,0.30,61.0,daemon,43605.6,163133.4,9436.2,4817.1,93.2,
2025-12-26T15:26:43.879648,2.5,23.7,0.33,44.0,daemon,43605.6,163200.9,9436.7,4817.3,93.6,
2025-12-26T15:27:44.112112,4.1,23.7,0.37,47.0,daemon,43605.6,163295.8,9437.1,4817.5,93.9,
2025-12-26T15:28:44.345559,3.4,24.0,0.54,47.0,daemon,43605.6,163335.7,9437.3,4817.6,94.3,
2025-12-26T15:29:44.569966,5.8,23.7,0.62,44.0,daemon,43605.6,163370.7,9437.7,4817.9,94.6,
2025-12-26T15:30:44.806373,0.0,23.7,0.42,41.0,daemon,43605.6,163425.3,9438.0,4818.2,94.8,
2025-12-26T15:31:45.018789,1.7,24.0,0.38,61.0,daemon,43605.6,163447.1,9438.2,4818.4,95.1,
2025-12-26T15:32:45.260378,2.5,24.0,0.71,44.0,daemon,43605.6,163550.8,9438.5,4818.7,95.4,
2025-12-26T15:33:45.490237,2.5,24.0,0.77,48.0,daemon,43605.6,163574.4,9438.6,4818.9,95.7,
2025-12-26T15:34:45.704349,4.2,24.0,0.51,45.0,daemon,43605.6,163589.1,9438.8,4819.1,95.9,
2025-12-26T15:35:45.956149,4.1,24.0,0.29,44.0,daemon,43605.6,163610.3,9439.0,4819.4,96.2,
2025-12-26T15:36:46.182895,7.5,24.0,0.45,60.0,daemon,43605.6,163616.8,9439.3,4819.7,96.4,
2025-12-26T15:37:46.397319,8.4,24.0,0.58,48.0,daemon,43605.6,163647.0,9439.5,4819.8,96.7,
2025-12-26T15:38:46.630626,6.7,23.7,0.74,48.0,daemon,43605.6,163682.6,9439.7,4820.1,96.9,
2025-12-26T15:39:46.850705,14.2,23.7,0.70,67.0,daemon,43605.6,163762.6,9440.1,4820.2,97.0,
2025-12-26T15:40:47.075995,0.8,23.7,0.65,47.0,daemon,43605.6,163836.2,9440.2,4820.3,97.3,
2025-12-26T15:41:47.293072,9.2,23.7,0.50,56.0,daemon,43605.6,163903.9,9440.4,4820.5,97.5,
2025-12-26T15:42:47.502633,4.2,23.7,0.91,62.0,daemon,43605.6,163942.9,9440.5,4820.6,97.6,
2025-12-26T15:43:47.711242,7.6,24.0,1.42,65.0,daemon,43605.6,163979.6,9440.7,4820.8,97.8,
2025-12-26T15:44:47.928127,9.2,23.7,1.01,48.0,daemon,43605.6,164032.5,9440.8,4820.9,98.0,
2025-12-26T15:45:48.141320,3.4,23.7,1.15,66.0,daemon,43605.6,164077.0,9440.9,4821.0,98.1,
2025-12-26T15:46:48.354850,8.5,24.7,0.96,57.0,daemon,43605.6,164141.1,9441.5,4821.5,98.3,
2025-12-26T15:47:48.576032,10.1,24.4,1.17,56.0,daemon,43605.6,164221.4,9441.6,4821.7,98.5,
2025-12-26T15:48:48.798966,8.3,24.4,1.13,69.0,daemon,43605.6,164270.0,9442.0,4821.9,98.6,
2025-12-26T15:49:49.001116,4.9,24.4,1.58,64.0,daemon,43605.6,164307.7,9442.1,4822.0,98.7,
2025-12-26T15:50:49.208050,5.0,24.4,1.29,69.0,daemon,43605.6,164328.6,9442.1,4822.1,98.9,
2025-12-26T15:51:49.435595,17.5,24.4,0.47,51.0,daemon,43605.6,164354.3,9442.2,4822.2,99.0,
2025-12-26T15:52:49.667180,7.4,24.4,0.68,60.0,daemon,43605.6,164381.7,9442.4,4822.4,99.1,
2025-12-26T15:53:49.888318,6.7,23.7,0.45,53.0,daemon,43607.2,164453.9,9442.7,4824.1,99.3,
2025-12-26T15:54:50.097946,5.0,24.0,0.79,45.0,daemon,43607.2,164500.3,9443.0,4824.4,99.3,
2025-12-26T15:55:50.322002,3.4,24.0,0.60,62.0,daemon,43607.2,164529.9,9443.1,4824.6,99.4,
2025-12-26T15:56:50.557592,5.0,23.7,0.84,49.0,daemon,43607.2,164558.7,9443.2,4824.7,99.4,
2025-12-26T15:57:50.783148,7.6,23.7,0.93,61.0,daemon,43607.2,164601.0,9443.3,4824.8,99.4,
2025-12-26T15:58:50.990339,5.0,23.7,0.81,64.0,daemon,43607.2,164656.9,9443.3,4824.9,100.0,
2025-12-26T15:59:51.189597,2.5,23.7,0.89,68.0,daemon,43607.2,164691.2,9443.4,4825.0,100.0,
2025-12-26T16:00:51.382239,4.2,23.7,1.08,68.0,daemon,43607.2,164758.2,9443.5,4825.2,100.0,
2025-12-26T16:01:51.588520,0.0,24.0,0.79,62.0,daemon,43607.2,164812.0,9443.9,4825.4,100.0,
2025-12-26T16:02:51.814296,7.4,24.0,0.71,47.0,daemon,43607.2,164974.0,9444.4,4825.5,100.0,
2025-12-26T16:03:52.023701,13.3,24.7,1.11,66.0,daemon,43607.2,165133.1,9444.7,4825.6,100.0,
2025-12-26T16:04:52.245909,7.5,25.6,0.80,53.0,daemon,43607.2,165250.4,9445.5,4826.4,100.0,
2025-12-26T16:05:52.460552,3.3,25.6,0.68,45.0,daemon,43607.2,165310.0,9445.5,4826.5,100.0,
2025-12-26T16:06:52.681735,0.8,26.0,0.58,45.0,daemon,43607.2,165357.0,9445.7,4826.7,100.0,
2025-12-26T16:07:52.917308,1.7,26.3,0.64,44.0,daemon,43607.2,165451.2,9447.9,4826.9,100.0,
2025-12-26T16:08:53.135846,9.9,26.0,0.55,45.0,daemon,43607.2,165524.5,9448.1,4827.0,100.0,
2025-12-26T16:09:53.366164,8.4,26.6,0.38,45.0,daemon,43607.2,165591.7,9448.8,4827.3,100.0,
2025-12-26T16:10:53.604733,0.8,26.6,0.22,44.0,daemon,43607.2,165650.6,9449.3,4827.7,100.0,
2025-12-26T16:11:53.846844,3.3,26.6,0.48,45.0,daemon,43607.2,165678.4,9450.0,4828.0,100.0,
2025-12-26T16:12:54.054989,2.5,26.6,0.42,44.0,daemon,43607.2,165719.7,9450.5,4828.2,100.0,
2025-12-26T16:13:54.290060,3.3,26.9,0.71,48.0,daemon,43607.2,165774.3,9450.7,4828.4,100.0,
2025-12-26T16:14:54.525408,5.8,26.9,0.68,47.0,daemon,43607.2,165826.6,9450.8,4829.4,100.0,
2025-12-26T16:15:54.749136,2.5,26.9,0.65,46.0,daemon,43607.2,165907.6,9451.1,4829.5,100.0,
2025-12-26T16:16:54.983124,4.2,26.9,0.65,47.0,daemon,43607.2,165978.5,9451.2,4830.6,100.0,
2025-12-26T16:17:55.214752,11.6,26.9,0.62,60.0,daemon,43607.2,166002.8,9451.6,4830.9,100.0,
2025-12-26T16:18:55.437368,2.5,26.9,0.33,60.0,daemon,43607.2,166038.5,9452.1,4831.2,100.0,
2025-12-26T16:19:55.662288,3.3,26.9,0.32,53.0,daemon,43607.2,166070.2,9452.5,4831.6,100.0,
2025-12-26T16:20:55.872845,7.4,26.9,0.63,61.0,daemon,43607.2,166101.0,9453.2,4831.8,100.0,
2025-12-26T16:21:56.078068,6.7,26.9,0.39,61.0,daemon,43607.2,166154.8,9453.3,4831.9,100.0,
2025-12-26T16:22:56.305999,1.7,26.9,0.67,55.0,daemon,43607.2,166196.7,9453.8,4832.1,100.0,
2025-12-26T16:23:56.503711,1.7,26.9,0.41,60.0,daemon,43607.2,166231.6,9454.3,4832.3,100.0,
2025-12-26T16:24:56.745243,2.5,26.9,0.33,45.0,daemon,43607.2,166277.8,9454.7,4832.4,100.0,
2025-12-26T16:25:56.990117,0.8,26.9,0.28,43.0,daemon,43607.2,166303.8,9455.3,4832.7,100.0,
2025-12-26T16:26:57.213989,5.0,26.9,0.36,51.0,daemon,43607.2,166337.3,9456.0,4833.0,100.0,
2025-12-26T16:27:57.436842,9.9,26.9,0.73,47.0,daemon,43607.2,166381.3,9456.2,4833.1,100.0,
2025-12-26T16:28:57.672655,0.0,26.9,0.49,44.0,daemon,43607.2,166449.6,9456.4,4833.2,100.0,
2025-12-26T16:29:57.893501,4.2,26.9,0.80,52.0,daemon,43607.3,166532.7,9456.5,4833.3,100.0,
2025-12-26T16:30:58.129193,1.7,27.3,0.77,44.0,daemon,43607.3,166625.1,9456.6,4833.3,100.0,
2025-12-26T16:31:58.361152,5.9,26.9,0.42,50.0,daemon,43607.3,166675.6,9456.6,4833.3,100.0,
2025-12-26T16:32:58.584311,0.0,27.3,0.39,41.0,daemon,43607.3,166739.2,9456.7,4833.4,100.0,
2025-12-26T16:33:58.812335,0.0,27.6,0.59,44.0,daemon,43607.3,166801.0,9457.1,4833.5,100.0,
2025-12-26T16:34:59.020103,1.6,27.9,0.30,60.0,daemon,43607.3,166880.6,9457.4,4833.6,100.0,
2025-12-26T16:35:59.222968,3.3,27.6,0.45,52.0,daemon,43607.3,166966.7,9457.8,4834.0,100.0,
2025-12-26T16:36:59.461110,2.5,27.9,0.47,44.0,daemon,43607.3,167025.0,9459.5,4834.2,100.0,
2025-12-26T16:37:59.684767,22.0,27.9,0.67,47.0,daemon,43607.3,167106.7,9459.6,4834.2,100.0,
2025-12-26T16:38:59.900987,2.5,28.6,0.53,64.0,daemon,43607.3,167260.1,9465.7,4834.7,100.0,
2025-12-26T16:40:00.114797,3.4,28.6,0.73,60.0,daemon,43607.3,167342.6,9468.9,4834.9,100.0,
2025-12-26T16:41:00.339178,9.2,28.2,0.80,61.0,daemon,43607.3,167490.0,9492.8,4835.4,100.0,
2025-12-26T16:42:00.541184,0.0,27.9,0.53,59.0,daemon,43607.3,167548.3,9492.9,4835.4,100.0,
2025-12-26T16:43:00.752321,1.7,28.2,0.74,62.0,daemon,43607.3,167616.3,9494.1,4835.5,100.0,
2025-12-26T16:44:00.937916,15.1,28.2,0.46,62.0,daemon,43607.3,167658.3,9494.2,4835.5,100.0,
2025-12-26T16:45:01.181331,0.0,27.3,0.57,41.0,daemon,43607.3,167710.7,9494.3,4835.6,100.0,
2025-12-26T16:46:01.414958,6.7,26.9,0.37,45.0,daemon,43607.3,167743.3,9494.4,4835.7,100.0,
2025-12-26T16:47:01.650550,2.5,26.6,0.61,44.0,daemon,43607.3,167796.8,9494.5,4835.7,100.0,
2025-12-26T16:48:01.884267,3.3,22.7,0.60,47.0,daemon,43607.3,167841.3,9494.6,4835.8,100.0,
2025-12-26T16:49:02.115351,0.0,23.4,0.59,44.0,daemon,43607.3,167930.3,9507.3,4836.1,100.0,
2025-12-26T16:50:02.340398,0.8,23.4,0.28,56.0,daemon,43607.3,167974.0,9507.3,4836.1,100.0,
2025-12-26T16:51:02.565543,3.3,23.4,0.24,55.0,daemon,43607.3,167993.5,9507.4,4836.2,100.0,
2025-12-26T16:52:02.789867,0.0,23.7,0.41,56.0,daemon,43607.3,168011.0,9507.5,4836.2,100.0,
2025-12-26T16:53:03.027197,0.0,23.4,0.25,41.0,daemon,43607.3,168037.9,9508.3,4836.3,100.0,
2025-12-26T16:54:03.262511,1.7,23.4,0.09,41.0,daemon,43607.3,168054.1,9508.5,4836.3,100.0,
2025-12-26T16:55:03.505666,3.4,23.1,0.08,50.0,daemon,43607.3,168082.1,9508.6,4836.4,100.0,
2025-12-26T16:56:03.718327,0.8,23.1,0.18,56.0,daemon,43607.3,168094.0,9508.7,4836.4,100.0,
2025-12-26T16:57:03.937186,1.7,23.1,0.06,55.0,daemon,43607.3,168107.6,9508.8,4836.4,100.0,
2025-12-26T16:58:04.138731,4.2,23.1,0.21,57.0,daemon,43607.3,168119.7,9509.2,4836.5,100.0,
2025-12-26T16:59:04.347852,5.0,23.1,0.11,57.0,daemon,43607.3,168143.3,9509.3,4836.5,100.0,
2025-12-26T17:00:04.564029,3.3,23.1,0.04,41.0,daemon,43607.3,168175.2,9509.5,4836.6,100.0,
2025-12-26T17:01:04.789771,1.7,23.1,0.11,40.0,daemon,43607.3,168199.7,9509.6,4836.6,100.0,
2025-12-26T17:02:05.026026,1.7,23.1,0.04,41.0,daemon,43607.3,168213.5,9509.7,4836.7,100.0,
2025-12-26T17:03:05.262475,0.8,23.4,0.05,40.0,daemon,43607.3,168233.1,9509.8,4836.7,100.0,
2025-12-26T17:04:05.491807,0.0,23.4,0.08,51.0,daemon,43607.3,168250.9,9509.9,4836.8,100.0,
2025-12-26T17:05:05.699649,0.0,23.1,0.03,57.0,daemon,43607.3,168263.4,9510.0,4836.8,100.0,
2025-12-26T17:06:05.912031,0.0,23.1,0.01,57.0,daemon,43607.3,168278.9,9510.1,4836.8,100.0,
2025-12-26T17:07:06.130636,0.8,23.4,0.00,53.0,daemon,43607.3,168294.5,9510.2,4836.9,100.0,
2025-12-26T17:08:06.356191,0.8,23.1,0.06,42.0,daemon,43607.3,168317.2,9510.3,4836.9,100.0,
2025-12-26T17:09:06.587682,0.0,23.1,0.10,41.0,daemon,43607.3,168341.0,9510.4,4836.9,100.0,
2025-12-26T17:10:06.822740,0.0,23.1,0.07,40.0,daemon,43607.3,168358.0,9510.5,4837.0,100.0,
2025-12-26T17:11:07.060425,0.8,23.4,0.09,43.0,daemon,43607.3,168381.8,9510.5,4837.1,100.0,
2025-12-26T17:12:07.300358,0.0,23.4,0.06,43.0,daemon,43607.3,168397.4,9510.6,4837.1,100.0,
2025-12-26T17:13:07.536300,1.7,23.4,0.24,44.0,daemon,43607.3,168418.5,9510.8,4837.2,100.0,
2025-12-26T17:15:44.345445,0.0,23.1,0.24,41.0,daemon,43607.3,168461.5,9511.3,4837.4,100.0,
2025-12-26T17:16:44.586850,0.8,23.7,0.51,43.0,daemon,43607.8,168554.1,9511.6,4837.9,100.0,
2025-12-26T17:17:44.820085,1.7,23.7,0.18,41.0,daemon,43607.8,168573.7,9511.6,4838.0,100.0,
2025-12-26T17:18:45.023086,1.7,23.7,0.15,61.0,daemon,43607.8,168593.8,9511.9,4838.3,100.0,
2025-12-26T17:19:45.238395,0.0,23.7,0.64,59.0,daemon,43607.8,168645.7,9512.6,4838.5,100.0,
2025-12-26T17:20:45.470121,0.0,23.7,0.51,44.0,daemon,43607.8,168679.2,9512.9,4838.8,100.0,
2025-12-26T17:21:45.714578,2.5,23.7,0.44,44.0,daemon,43607.8,168710.8,9513.2,4839.2,100.0,
2025-12-26T17:22:45.924631,2.5,23.7,0.31,59.0,daemon,43607.8,168728.1,9513.6,4839.5,100.0,
2025-12-26T17:23:46.131025,3.3,23.7,0.16,56.0,daemon,43607.8,168748.6,9513.8,4839.7,100.0,
2025-12-26T17:24:46.331072,0.8,23.7,0.19,57.0,daemon,43607.8,168764.4,9513.9,4839.9,100.0,
2025-12-26T17:25:46.571035,5.0,23.7,0.31,55.0,daemon,43607.8,168779.6,9514.7,4840.3,100.0,
2025-12-26T17:26:46.779263,0.8,23.7,0.29,56.0,daemon,43607.8,168794.3,9517.2,4840.6,100.0,
2025-12-26T17:27:46.983142,0.0,23.7,0.19,59.0,daemon,43607.8,168807.1,9517.5,4840.9,100.0,
2025-12-26T17:28:47.194042,0.8,23.7,0.27,57.0,daemon,43607.8,168836.1,9518.3,4841.3,100.0,
2025-12-26T17:29:47.395873,0.0,23.7,0.60,57.0,daemon,43607.8,168893.3,9518.5,4841.4,100.0,
2025-12-26T17:30:47.593641,1.7,23.7,0.30,53.0,daemon,43607.8,168937.0,9518.6,4841.4,100.0,
2025-12-26T17:31:47.804008,2.5,24.4,0.40,47.0,daemon,43607.8,169063.9,9530.3,4863.6,100.0,
2025-12-26T17:32:48.006169,5.9,24.4,1.30,65.0,daemon,43607.8,169234.2,9537.5,4863.8,100.0,
2025-12-26T17:33:48.201793,7.5,25.0,1.24,64.0,daemon,43607.8,169328.6,9540.8,4863.9,100.0,
2025-12-26T17:34:48.393044,6.7,23.7,0.92,62.0,daemon,43607.8,169387.3,9540.9,4864.0,100.0,
2025-12-26T17:35:48.587257,0.8,23.7,0.37,56.0,daemon,43607.8,169422.2,9541.0,4864.0,100.0,
2025-12-26T17:36:48.793084,0.8,22.1,0.19,44.0,daemon,43607.8,169453.6,9541.3,4864.1,100.0,
2025-12-26T17:37:49.027847,5.9,22.1,0.39,43.0,daemon,43607.8,169488.0,9541.4,4864.1,100.0,
2025-12-26T17:38:49.222009,0.0,22.1,0.36,55.0,daemon,43607.8,169529.6,9541.4,4864.1,100.0,
2025-12-26T17:39:49.417274,16.2,22.7,1.05,78.0,daemon,43607.8,169617.2,9544.2,4864.3,100.0,
2025-12-26T17:40:49.629130,0.8,24.0,1.14,64.0,daemon,43607.8,169709.4,9544.5,4864.4,100.0,
2025-12-26T17:41:49.844000,0.0,23.1,0.56,48.0,daemon,43607.8,169739.9,9545.4,4864.7,100.0,
2025-12-26T17:42:50.082764,0.8,23.4,0.50,43.0,daemon,43607.8,169788.5,9545.7,4864.7,100.0,
2025-12-26T17:43:50.311776,3.3,23.7,0.26,41.0,daemon,43607.8,169841.1,9545.9,4864.8,100.0,
2025-12-26T17:44:50.541832,11.6,23.7,0.35,45.0,daemon,43607.8,169880.7,9545.9,4864.9,100.0,
2025-12-26T17:45:50.780383,9.2,24.0,0.31,41.0,daemon,43608.5,169960.0,9546.2,4864.9,100.0,
2025-12-26T17:46:50.998443,7.6,23.4,0.45,61.0,daemon,43608.5,170006.3,9546.2,4866.0,100.0,
2025-12-26T17:47:51.220575,0.0,23.1,0.33,59.0,daemon,43608.5,170054.5,9546.3,4867.0,100.0,
2025-12-26T17:48:51.427962,0.0,23.4,0.15,56.0,daemon,43608.5,170082.9,9546.4,4867.0,100.0,
2025-12-26T17:49:51.628617,0.8,22.1,0.17,56.0,daemon,43608.5,170124.4,9546.4,4867.1,100.0,
2025-12-26T17:50:51.849713,7.6,21.8,0.38,47.0,daemon,43608.5,170142.0,9546.7,4867.2,100.0,
2025-12-26T17:51:52.056504,4.2,22.4,0.67,43.0,daemon,43608.5,170295.1,9569.9,4867.5,100.0,
2025-12-26T17:52:52.266082,1.7,23.1,0.42,56.0,daemon,43608.5,170453.4,9586.0,4867.6,100.0,
2025-12-26T17:53:52.472667,0.0,23.1,0.15,55.0,daemon,43608.5,170470.0,9586.1,4867.7,100.0,
2025-12-26T17:54:52.680611,0.0,23.1,0.05,56.0,daemon,43608.5,170482.6,9586.1,4867.7,100.0,
2025-12-26T17:55:52.897852,2.5,23.1,0.09,64.0,daemon,43608.5,170490.2,9586.1,4867.7,100.0,
2025-12-26T17:56:53.123389,0.8,23.1,0.17,40.0,daemon,43608.5,170530.1,9586.2,4867.7,100.0,
2025-12-26T17:57:53.357147,0.0,23.1,0.19,39.0,daemon,43608.5,170544.1,9586.3,4867.8,100.0,
2025-12-26T17:58:53.558161,3.4,23.4,0.35,53.0,daemon,43608.5,170569.2,9586.8,4867.8,100.0,
2025-12-26T17:59:53.764086,5.8,23.4,0.45,64.0,daemon,43608.5,170586.5,9587.3,4869.0,100.0,
2025-12-26T18:00:53.972037,0.8,23.4,0.54,62.0,daemon,43608.5,170656.3,9588.0,4870.6,100.0,
2025-12-26T18:01:54.183829,0.0,23.1,0.37,57.0,daemon,43608.5,170679.0,9588.1,4870.6,100.0,
2025-12-26T18:02:54.421141,3.3,23.1,0.20,46.0,daemon,43608.5,170725.2,9588.2,4870.6,100.0,
2025-12-26T18:03:54.651094,1.7,24.4,0.89,66.0,daemon,43608.5,170797.5,9590.3,4870.8,100.0,
2025-12-26T18:04:54.862565,0.0,23.4,0.43,59.0,daemon,43608.5,170911.4,9590.6,4870.9,100.0,
2025-12-26T18:05:55.070579,4.2,23.4,0.16,59.0,daemon,43608.5,170955.7,9590.6,4870.9,100.0,
2025-12-26T18:06:55.288783,5.8,23.4,0.18,57.0,daemon,43608.5,170974.8,9591.2,4871.1,100.0,
2025-12-26T18:07:55.532870,1.6,23.7,0.13,40.0,daemon,43608.5,170984.3,9591.2,4871.1,100.0,
2025-12-26T18:08:55.739774,0.0,23.7,0.17,56.0,daemon,43608.5,171003.5,9592.1,4871.1,100.0,
2025-12-26T18:09:55.969628,2.5,23.4,0.23,41.0,daemon,43608.5,171021.8,9592.1,4871.1,100.0,
2025-12-26T18:10:56.214650,3.3,23.4,0.12,41.0,daemon,43608.5,171048.8,9592.6,4871.5,100.0,
2025-12-26T18:11:56.446702,0.0,23.4,0.32,44.0,daemon,43608.5,171070.2,9592.7,4871.5,100.0,
2025-12-26T18:12:56.693311,0.8,23.4,0.11,40.0,daemon,43608.5,171090.0,9592.9,4872.5,100.0,
2025-12-26T18:13:56.933077,0.0,23.4,0.18,43.0,daemon,43608.5,171109.1,9592.9,4872.5,100.0,
2025-12-26T18:14:57.179522,5.7,23.4,0.24,47.0,daemon,43608.5,171123.6,9593.2,4876.3,100.0,
2025-12-26T18:15:57.407523,3.3,23.4,0.55,44.0,daemon,43608.5,171146.5,9593.6,4879.2,100.0,
2025-12-26T18:16:57.645925,0.0,23.4,0.20,41.0,daemon,43608.5,171173.1,9594.2,4881.3,100.0,
2025-12-26T18:17:57.861372,5.0,23.4,0.35,61.0,daemon,43608.5,171191.0,9594.4,4882.3,100.0,
2025-12-26T18:18:58.071706,8.3,23.4,0.31,50.0,daemon,43608.5,171251.6,9595.1,4882.7,100.0,
2025-12-26T18:19:58.291315,2.5,23.4,0.41,41.0,daemon,43608.5,171267.1,9595.1,4882.7,100.0,
2025-12-26T18:20:58.483935,0.0,23.4,0.30,61.0,daemon,43608.5,171297.6,9595.4,4883.7,100.0,
2025-12-26T18:21:58.690907,2.5,24.4,1.25,66.0,daemon,43608.5,171425.2,9729.5,5021.0,100.0,
2025-12-26T18:22:58.885337,2.5,23.4,0.61,62.0,daemon,43608.5,171521.6,9730.3,5021.2,100.0,
2025-12-26T18:23:59.098382,0.8,23.4,0.46,60.0,daemon,43608.5,171539.9,9731.2,5023.5,100.0,
2025-12-26T18:24:59.294117,23.5,27.3,0.69,91.0,daemon,43608.5,171593.6,9768.3,5062.0,100.0,
2025-12-26T18:25:59.535259,0.0,23.7,0.36,44.0,daemon,43608.6,171836.6,9865.8,5159.1,100.0,
2025-12-26T18:26:59.752122,3.3,23.4,0.51,59.0,daemon,43608.6,171867.4,9866.2,5161.4,100.0,
2025-12-26T18:27:59.961496,0.0,23.7,0.84,59.0,daemon,43608.6,171917.9,9868.7,5162.2,100.0,
2025-12-26T18:29:00.167219,0.8,23.7,0.34,56.0,daemon,43608.6,171934.2,9869.0,5162.3,100.0,
2025-12-26T18:30:00.373986,0.0,23.7,0.31,57.0,daemon,43608.6,171956.7,9869.0,5162.3,100.0,
2025-12-26T18:31:00.592819,2.5,23.7,0.34,40.0,daemon,43608.6,171977.9,9869.4,5164.4,100.0,
2025-12-26T18:32:00.833860,2.5,23.7,0.49,49.0,daemon,43608.6,172032.3,9869.6,5165.6,100.0,
2025-12-26T18:33:01.057949,5.0,23.4,0.32,59.0,daemon,43608.6,172060.3,9870.7,5169.0,100.0,
2025-12-26T18:34:01.285342,2.5,23.4,0.15,56.0,daemon,43608.6,172082.5,9871.5,5169.3,100.0,
2025-12-26T18:35:01.493664,0.8,23.4,0.31,56.0,daemon,43608.6,172103.9,9872.2,5173.8,100.0,
2025-12-26T18:36:01.701982,3.3,23.7,0.61,59.0,daemon,43608.6,172123.6,9872.6,5176.1,100.0,
2025-12-26T18:37:01.911953,0.0,23.4,0.22,57.0,daemon,43608.6,172138.0,9872.9,5178.4,100.0,
2025-12-26T18:38:02.151256,0.0,23.4,0.15,40.0,daemon,43608.6,172154.8,9872.9,5178.4,100.0,
2025-12-26T18:39:02.389861,0.0,23.4,0.05,39.0,daemon,43608.6,172170.9,9873.0,5178.4,100.0,
2025-12-26T18:40:02.610705,1.6,23.7,0.02,47.0,daemon,43608.6,172186.0,9873.0,5178.5,100.0,
2025-12-26T18:41:02.846720,0.0,23.4,0.00,40.0,daemon,43608.6,172206.1,9873.1,5178.5,100.0,
2025-12-26T18:42:03.082836,0.8,23.4,0.00,41.0,daemon,43608.6,172225.6,9873.1,5178.5,100.0,
2025-12-26T18:43:03.305672,5.8,23.4,0.12,59.0,daemon,43608.6,172242.4,9873.1,5178.5,100.0,
2025-12-26T18:44:03.528702,2.5,23.4,0.12,48.0,daemon,43608.6,172257.9,9873.2,5178.5,100.0,
2025-12-26T18:45:03.769212,2.5,23.7,0.18,43.0,daemon,43608.6,172289.9,9873.3,5178.6,100.0,
2025-12-26T18:46:03.991808,3.3,23.4,0.23,43.0,daemon,43608.6,172310.1,9873.4,5178.6,100.0,
2025-12-26T18:47:04.203081,4.2,23.4,0.38,44.0,daemon,43608.6,172322.9,9873.4,5178.6,100.0,
2025-12-26T18:48:04.443046,0.0,23.4,0.14,40.0,daemon,43608.6,172341.9,9873.5,5178.6,100.0,
2025-12-26T18:49:04.677306,0.0,23.1,0.05,40.0,daemon,43608.6,172358.0,9873.5,5178.7,100.0,
2025-12-26T18:50:04.915461,2.5,23.1,0.04,40.0,daemon,43608.6,172373.2,9873.5,5178.7,100.0,
2025-12-26T18:51:05.144298,2.5,23.1,0.25,50.0,daemon,43608.6,172397.9,9873.6,5178.7,100.0,
2025-12-26T18:52:05.366492,5.0,23.4,0.40,44.0,daemon,43608.6,172421.9,9873.8,5179.9,100.0,
2025-12-26T18:53:05.570178,2.5,23.1,0.14,56.0,daemon,43608.6,172440.7,9873.8,5179.9,100.0,
2025-12-26T18:54:05.790427,3.4,23.4,0.31,64.0,daemon,43608.6,172457.7,9874.5,5183.4,100.0,
2025-12-26T18:55:05.995375,0.0,23.1,0.55,56.0,daemon,43608.6,172495.4,9874.8,5185.7,100.0,
2025-12-26T18:56:06.207119,0.0,23.4,0.26,53.0,daemon,43608.6,172512.9,9874.9,5185.7,100.0,
2025-12-26T18:57:06.449052,1.6,23.1,0.20,40.0,daemon,43608.6,172522.0,9874.9,5185.7,100.0,
2025-12-26T18:58:06.674804,3.3,23.4,0.23,59.0,daemon,43608.6,172536.1,9874.9,5185.7,100.0,
2025-12-26T18:59:06.888420,3.3,23.4,0.31,59.0,daemon,43608.6,172565.8,9875.3,5185.7,100.0,
2025-12-26T19:00:07.114270,1.7,23.4,0.24,59.0,daemon,43608.6,172591.1,9875.5,5185.8,100.0,
2025-12-26T19:01:07.323214,0.0,23.1,0.27,57.0,daemon,43608.6,172616.0,9875.6,5185.8,100.0,
2025-12-26T19:02:07.552531,1.7,23.4,0.10,59.0,daemon,43608.6,172670.2,9875.9,5188.1,100.0,
2025-12-26T19:03:07.770025,0.0,23.4,0.25,59.0,daemon,43608.6,172690.9,9876.3,5192.6,100.0,
2025-12-26T19:04:07.990959,2.5,23.4,0.40,41.0,daemon,43608.6,172772.7,9878.1,5193.8,100.0,
2025-12-26T19:05:08.202621,2.5,23.4,0.62,59.0,daemon,43608.6,172801.4,9878.9,5198.5,100.0,
2025-12-26T19:06:08.419189,5.0,23.4,0.28,42.0,daemon,43608.6,172823.7,9879.3,5200.9,100.0,
2025-12-26T19:07:08.655719,0.0,23.4,0.17,41.0,daemon,43608.6,172844.8,9879.5,5202.1,100.0,
2025-12-26T19:08:08.890028,0.8,23.4,0.11,41.0,daemon,43608.6,172869.1,9879.6,5202.1,100.0,
2025-12-26T19:09:09.125884,0.0,23.4,0.04,40.0,daemon,43608.6,172895.2,9879.6,5202.2,100.0,
2025-12-26T19:10:09.345086,8.3,23.4,0.32,44.0,daemon,43608.6,172924.3,9879.8,5203.4,100.0,
2025-12-26T19:11:09.578107,4.2,23.4,0.70,45.0,daemon,43608.6,172952.4,9879.9,5203.4,100.0,
2025-12-26T19:12:09.777978,11.8,23.4,1.22,63.0,daemon,43608.6,172973.2,9879.9,5203.5,100.0,
2025-12-26T19:13:09.980579,4.2,23.4,1.01,56.0,daemon,43608.6,172993.1,9880.0,5203.5,100.0,
2025-12-26T19:14:10.203530,4.2,23.4,0.80,47.0,daemon,43608.6,173005.7,9880.2,5203.7,100.0,
2025-12-26T19:15:10.452005,0.8,23.4,0.58,47.0,daemon,43608.6,173037.5,9881.0,5205.0,100.0,
2025-12-26T19:16:10.688771,0.0,23.4,0.29,44.0,daemon,43608.6,173062.0,9881.1,5205.1,100.0,
2025-12-26T19:17:10.916249,3.3,23.1,0.16,61.0,daemon,43608.6,173084.8,9881.1,5205.1,100.0,
2025-12-26T19:18:11.153014,0.0,23.4,0.15,48.0,daemon,43608.6,173110.6,9881.1,5205.1,100.0,
2025-12-26T19:19:11.394946,0.0,23.4,0.10,40.0,daemon,43608.6,173129.2,9881.1,5205.1,100.0,
2025-12-26T19:20:11.628665,4.1,23.4,0.22,41.0,daemon,43608.6,173149.7,9881.3,5206.3,100.0,
2025-12-26T19:21:11.852837,0.8,23.4,0.24,46.0,daemon,43608.6,173242.0,9883.0,5207.1,100.0,
2025-12-26T19:22:12.089894,1.7,23.4,0.55,43.0,daemon,43608.6,173260.0,9883.1,5208.2,100.0,
2025-12-26T19:23:12.313236,4.2,23.4,0.20,57.0,daemon,43608.6,173284.1,9883.2,5209.4,100.0,
2025-12-26T19:24:12.546644,1.7,23.4,0.14,40.0,daemon,43608.6,173306.9,9883.4,5210.6,100.0,
2025-12-26T19:25:12.759932,2.5,23.4,0.23,47.0,daemon,43608.6,173330.3,9883.5,5211.8,100.0,
2025-12-26T19:26:12.994888,0.0,23.4,0.24,40.0,daemon,43608.6,173352.1,9883.7,5212.9,100.0,
2025-12-26T19:27:13.229564,0.0,23.4,0.13,41.0,daemon,43608.6,173371.9,9883.7,5213.0,100.0,
2025-12-26T19:28:13.463196,0.8,23.4,0.12,40.0,daemon,43608.6,173392.8,9883.8,5213.0,100.0,
2025-12-26T19:29:13.695494,3.4,23.7,0.04,43.0,daemon,43608.6,173408.9,9883.9,5215.3,100.0,
2025-12-26T19:30:13.922143,3.3,23.7,0.25,47.0,daemon,43608.6,173443.5,9884.9,5228.3,100.0,
2025-12-26T19:31:14.159371,0.8,23.7,0.24,40.0,daemon,43608.6,173477.3,9885.4,5229.6,100.0,
2025-12-26T19:32:14.393931,0.0,23.4,0.22,39.0,daemon,43608.6,173534.9,9885.5,5229.7,100.0,
2025-12-26T19:33:14.617651,5.8,23.4,0.27,47.0,daemon,43608.6,173553.8,9885.5,5229.7,100.0,
2025-12-26T19:34:14.827516,0.8,23.4,0.14,55.0,daemon,43608.6,173573.7,9885.8,5229.7,100.0,
2025-12-26T19:35:15.041751,3.3,23.4,0.39,56.0,daemon,43608.6,173592.7,9885.9,5229.8,100.0,
2025-12-26T19:36:15.254951,0.0,23.4,0.36,55.0,daemon,43608.6,173616.6,9885.9,5229.8,100.0,
2025-12-26T19:37:15.467380,0.8,24.0,0.33,56.0,daemon,43608.6,173637.2,9886.1,5229.8,100.0,
2025-12-26T19:38:15.712199,0.8,24.0,0.15,41.0,daemon,43608.6,173654.9,9886.3,5229.9,100.0,
2025-12-26T19:39:15.945657,0.0,23.7,0.16,41.0,daemon,43608.6,173680.3,9886.5,5229.9,100.0,
2025-12-26T19:40:16.181233,0.0,23.7,0.06,41.0,daemon,43608.6,173687.3,9886.5,5230.0,100.0,
2025-12-26T19:41:16.417858,0.8,23.7,0.02,43.0,daemon,43608.6,173716.6,9886.8,5232.5,100.0,
2025-12-26T19:42:16.644283,1.6,23.4,0.05,42.0,daemon,43608.6,173742.6,9886.9,5232.5,100.0,
2025-12-26T19:43:16.853484,0.0,23.7,0.19,57.0,daemon,43608.6,173759.9,9886.9,5232.5,100.0,
2025-12-26T19:44:17.067265,0.0,23.4,0.24,57.0,daemon,43608.6,173774.3,9887.0,5233.7,100.0,
2025-12-26T19:45:17.302445,0.0,23.7,0.20,60.0,daemon,43608.6,173789.2,9887.2,5235.0,100.0,
2025-12-26T19:46:17.550540,0.0,23.4,0.27,39.0,daemon,43608.6,173812.1,9887.2,5235.0,100.0,
2025-12-26T19:47:17.783954,1.7,24.0,0.48,44.0,daemon,43608.6,173913.4,9895.2,5235.7,100.0,
2025-12-26T19:48:18.010718,6.6,23.4,0.32,43.0,daemon,43608.6,174016.3,9895.4,5235.8,100.0,
2025-12-26T19:49:18.236985,0.0,23.7,0.35,56.0,daemon,43608.6,174046.1,9895.5,5235.8,100.0,
2025-12-26T19:50:18.452960,2.5,23.7,0.29,50.0,daemon,43608.6,174068.9,9895.6,5235.8,100.0,
2025-12-26T19:51:18.689326,3.3,23.7,0.41,43.0,daemon,43608.6,174095.5,9895.6,5235.9,100.0,
2025-12-26T19:52:18.916955,2.5,23.7,0.23,41.0,daemon,43608.6,174107.0,9895.8,5237.1,100.0,
2025-12-26T19:53:19.142155,2.5,24.0,0.27,56.0,daemon,43608.6,174125.6,9895.9,5238.3,100.0,
2025-12-26T19:54:19.360174,4.2,23.7,0.46,62.0,daemon,43608.6,174141.5,9896.3,5239.4,100.0,
2025-12-26T19:55:19.562965,13.4,25.3,0.88,68.0,daemon,43608.6,174283.1,9919.2,5262.8,100.0,
2025-12-26T19:56:19.779849,2.5,25.3,0.97,47.0,daemon,43608.6,174355.2,9920.4,5264.9,100.0,
2025-12-26T19:57:19.984609,3.4,23.7,0.47,65.0,daemon,43608.6,174382.5,9921.9,5267.9,100.0,
2025-12-26T19:58:20.199007,4.2,23.7,0.54,69.0,daemon,43608.6,174411.2,9922.9,5270.1,100.0,
2025-12-26T19:59:20.413021,4.2,23.1,0.79,61.0,daemon,43608.6,174466.2,9924.3,5273.4,100.0,
2025-12-26T20:00:20.640021,5.8,23.1,0.80,52.0,daemon,43608.6,174526.5,9925.1,5276.6,100.0,
2025-12-26T20:01:20.874237,0.0,23.4,0.80,52.0,daemon,43608.6,174685.8,10060.1,5411.7,100.0,
2025-12-26T20:02:21.109801,0.8,23.1,0.29,43.0,daemon,43608.7,174747.1,10060.2,5411.7,100.0,
2025-12-26T20:03:21.320276,0.8,23.1,0.28,53.0,daemon,43608.7,174764.8,10060.2,5411.8,100.0,
2025-12-26T20:04:21.528848,0.0,23.1,0.10,56.0,daemon,43608.7,174842.7,10060.5,5411.8,100.0,
2025-12-26T20:05:21.735712,1.7,23.1,0.13,59.0,daemon,43608.7,175119.9,10060.6,5411.8,100.0,
2025-12-26T20:06:21.943401,1.7,22.7,0.51,57.0,daemon,43608.7,175152.0,10060.6,5411.8,100.0,
2025-12-26T20:07:22.157045,9.3,23.7,0.66,62.0,daemon,43608.7,175193.9,10061.9,5412.5,100.0,
2025-12-26T20:08:22.364000,1.7,23.4,1.00,60.0,daemon,43608.7,175325.7,10074.6,5414.3,100.0,
2025-12-26T20:09:22.574661,0.8,23.4,0.59,56.0,daemon,43608.7,175407.3,10080.9,5414.9,100.0,
2025-12-26T20:10:22.774634,5.0,23.4,0.89,53.0,daemon,43608.7,175465.5,10082.7,5415.0,100.0,
2025-12-26T20:11:23.009429,3.3,23.4,0.51,45.0,daemon,43608.7,175502.3,10083.0,5415.9,100.0,
2025-12-26T20:12:23.223830,0.0,23.4,0.32,44.0,daemon,43608.7,175531.9,10083.1,5415.9,100.0,
2025-12-26T20:13:23.432644,2.5,24.4,0.69,60.0,daemon,43608.7,175597.1,10083.8,5416.1,100.0,
2025-12-26T20:14:23.632460,5.8,24.7,0.25,64.0,daemon,43608.8,175828.6,10086.3,5416.9,100.0,
2025-12-26T20:15:23.838435,3.3,24.7,0.67,62.0,daemon,43608.8,175870.6,10087.0,5418.9,100.0,
2025-12-26T20:16:24.054237,0.0,24.7,0.24,60.0,daemon,43608.8,175893.6,10087.6,5419.6,100.0,
2025-12-26T20:17:24.267963,0.0,24.4,0.16,48.0,daemon,43608.8,175926.1,10087.6,5419.6,100.0,
2025-12-26T20:18:24.493244,0.8,25.0,0.47,47.0,daemon,43608.8,175950.7,10088.0,5421.1,100.0,
2025-12-26T20:19:24.720025,5.0,24.7,0.25,44.0,daemon,43608.8,175971.1,10088.1,5421.2,100.0,
2025-12-26T20:20:24.924918,5.7,27.3,0.19,69.0,daemon,43608.8,175999.7,10111.2,5444.1,100.0,
2025-12-26T20:21:25.156143,5.0,26.3,0.63,61.0,daemon,43608.8,176175.8,10112.0,5447.5,100.0,
2025-12-26T20:22:25.384242,2.5,26.3,0.70,50.0,daemon,43608.8,176208.3,10112.7,5450.7,100.0,
2025-12-26T20:23:25.601111,4.2,26.3,1.19,62.0,daemon,43608.8,176257.1,10113.5,5454.7,100.0,
2025-12-26T20:24:25.799471,4.2,25.3,1.64,69.0,daemon,43608.8,176306.6,10114.6,5459.0,100.0,
2025-12-26T20:25:26.007632,7.6,22.4,1.39,56.0,daemon,43608.8,176359.5,10115.7,5464.0,100.0,
2025-12-26T20:26:26.238829,2.5,21.4,0.70,61.0,daemon,43608.8,176416.7,10115.9,5464.8,100.0,
2025-12-26T20:27:26.434709,5.9,24.0,1.05,77.0,daemon,43608.8,176504.6,10185.7,5534.5,100.0,
2025-12-26T20:28:26.631316,8.4,24.4,1.51,78.0,daemon,43608.8,176614.4,10286.9,5635.1,100.0,
2025-12-26T20:29:26.842065,3.3,21.1,1.09,65.0,daemon,43608.8,176731.4,10287.3,5637.6,100.0,
2025-12-26T20:30:27.041854,16.8,25.0,2.35,83.0,daemon,43608.8,176826.7,10359.4,5711.4,100.0,
2025-12-26T20:31:27.245304,1.7,22.1,1.47,71.0,daemon,43608.8,177011.4,10558.8,5912.3,100.0,
2025-12-26T20:32:27.479846,0.0,20.8,0.63,44.0,daemon,43608.8,177081.3,10558.8,5912.3,100.0,
2025-12-26T20:33:27.717402,0.0,20.8,0.42,43.0,daemon,43608.8,177097.6,10558.9,5912.3,100.0,
2025-12-26T20:34:27.950861,5.0,20.8,0.46,43.0,daemon,43608.8,177114.5,10559.2,5913.6,100.0,
2025-12-26T20:35:28.142238,15.7,21.1,0.23,80.0,daemon,43608.8,177144.0,10559.8,5913.6,100.0,
2025-12-26T20:36:28.383176,1.7,20.8,0.54,48.0,daemon,43608.8,177195.6,10559.9,5913.7,100.0,
2025-12-26T20:37:28.599693,6.6,22.4,1.04,61.0,daemon,43608.8,177231.9,10560.5,5916.2,100.0,
2025-12-26T20:38:28.824886,4.2,20.8,1.03,68.0,daemon,43608.8,177366.1,10695.1,6051.8,100.0,
2025-12-26T20:39:29.065299,6.7,21.4,0.98,48.0,daemon,43608.8,177490.3,10703.5,6053.2,100.0,
2025-12-26T20:40:29.284295,0.0,21.1,0.40,41.0,daemon,43608.8,177562.6,10703.5,6053.2,100.0,
2025-12-26T20:41:29.503501,1.7,21.4,0.32,47.0,daemon,43608.8,177646.4,10703.9,6053.3,100.0,
2025-12-26T20:42:29.720664,0.0,21.4,0.55,62.0,daemon,43608.8,177771.4,10704.0,6053.4,100.0,
2025-12-26T20:43:29.948875,5.0,21.1,0.63,56.0,daemon,43608.8,177858.3,10704.1,6053.4,100.0,
2025-12-26T20:44:30.181044,2.5,21.4,0.90,45.0,daemon,43608.8,177959.9,10704.3,6053.5,100.0,
2025-12-26T20:45:30.389068,4.2,21.4,0.68,50.0,daemon,43608.8,178081.2,10704.5,6053.5,100.0,
2025-12-26T20:46:30.589208,5.0,21.4,0.58,70.0,daemon,43608.8,178179.4,10704.6,6053.6,100.0,
2025-12-26T20:47:30.796618,1.7,21.1,0.50,57.0,daemon,43608.8,178225.2,10704.6,6053.6,100.0,
2025-12-26T20:48:31.009828,0.0,21.4,0.31,59.0,daemon,43608.8,178252.9,10704.8,6053.7,100.0,
2025-12-26T20:49:31.218277,0.0,21.4,0.10,55.0,daemon,43608.8,178268.4,10704.8,6053.7,100.0,
2025-12-26T20:50:31.424755,0.8,22.1,0.19,57.0,daemon,43608.8,178302.8,10705.3,6054.1,100.0,
2025-12-26T20:51:31.648050,1.6,22.1,0.36,45.0,daemon,43608.8,178419.5,10720.4,6054.3,100.0,
2025-12-26T20:52:31.887884,5.8,22.1,0.26,44.0,daemon,43608.8,178489.9,10720.8,6054.6,100.0,
2025-12-26T20:53:32.096858,0.0,22.1,0.19,57.0,daemon,43608.8,178529.7,10720.9,6054.6,100.0,
2025-12-26T20:54:32.329917,1.7,22.1,0.44,43.0,daemon,43608.8,178555.7,10744.3,6077.2,100.0,
2025-12-26T20:55:32.567713,0.0,21.8,0.38,40.0,daemon,43608.8,178668.9,10744.5,6078.4,100.0,
2025-12-26T20:56:32.771666,2.5,22.1,0.26,57.0,daemon,43608.8,178688.4,10744.8,6080.3,100.0,
2025-12-26T20:57:32.976918,2.5,22.7,0.23,59.0,daemon,43608.8,178704.1,10745.1,6080.5,100.0,
2025-12-26T20:58:33.197073,5.0,21.8,0.36,43.0,daemon,43608.8,178730.2,10745.3,6080.6,100.0,
2025-12-26T20:59:33.432134,2.5,22.1,0.19,43.0,daemon,43608.8,178742.6,10745.4,6080.7,100.0,
2025-12-26T21:00:33.667076,0.0,22.4,0.21,39.0,daemon,43608.8,178759.0,10745.6,6080.8,100.0,
2025-12-26T21:01:33.907310,0.0,22.7,0.20,41.0,daemon,43608.8,178810.6,10745.8,6080.8,100.0,
2025-12-26T21:02:34.146214,5.8,22.1,0.34,44.0,daemon,43608.8,178839.2,10746.3,6081.4,100.0,
2025-12-26T21:03:34.376965,0.8,21.8,0.34,41.0,daemon,43608.8,178864.0,10746.7,6082.2,100.0,
2025-12-26T21:04:34.604849,10.8,22.1,0.32,50.0,daemon,43608.8,178900.4,10747.7,6083.6,100.0,
2025-12-26T21:05:34.786114,6.7,25.0,0.51,86.0,daemon,43608.8,178982.9,10771.5,6108.3,100.0,
2025-12-26T21:06:34.988307,2.5,23.7,1.05,64.0,daemon,43608.8,179219.7,10773.6,6111.7,100.0,
2025-12-26T21:07:35.197779,2.5,25.0,0.67,65.0,daemon,43608.8,179280.0,10776.3,6116.3,100.0,
2025-12-26T21:08:35.435873,4.1,25.0,0.95,62.0,daemon,43608.8,179344.1,10778.6,6120.1,100.0,
2025-12-26T21:09:35.640295,14.2,27.6,1.26,87.0,daemon,43608.8,179429.0,10813.5,6157.4,100.0,
2025-12-26T21:10:35.871634,0.8,25.0,1.07,61.0,daemon,43608.8,179564.7,10916.1,6260.9,100.0,
2025-12-26T21:11:36.097527,5.7,24.4,0.46,46.0,daemon,43608.8,179605.9,10916.2,6261.0,100.0,
2025-12-26T21:12:36.336946,0.0,24.4,0.34,41.0,daemon,43608.8,179750.3,10950.8,6283.6,100.0,
2025-12-26T21:13:36.583119,0.0,24.4,0.11,40.0,daemon,43608.8,179769.2,10950.9,6283.7,100.0,
2025-12-26T21:14:36.819803,4.2,24.4,0.12,43.0,daemon,43608.8,179787.8,10950.9,6283.7,100.0,
2025-12-26T21:15:37.053535,2.5,24.4,0.72,55.0,daemon,43608.8,179800.4,10951.1,6285.0,100.0,
2025-12-26T21:16:37.274707,0.8,24.7,0.43,43.0,daemon,43608.8,179821.3,10951.3,6285.0,100.0,
2025-12-26T21:17:37.503459,2.5,24.7,0.69,43.0,daemon,43608.8,179869.2,10959.3,6286.5,100.0,
2025-12-26T21:18:37.721283,1.7,24.4,0.60,41.0,daemon,43608.8,179925.7,10963.3,6288.1,100.0,
2025-12-26T21:19:37.922323,0.0,24.4,0.47,46.0,daemon,43608.8,179974.3,10964.9,6288.3,100.0,
2025-12-26T21:20:38.136697,0.8,24.7,0.41,43.0,daemon,43608.8,180008.5,10965.1,6288.4,100.0,
2025-12-26T21:21:38.360467,4.1,24.4,0.25,41.0,daemon,43608.8,180039.1,10965.1,6288.4,100.0,
2025-12-26T21:22:38.559677,4.2,24.4,0.78,55.0,daemon,43608.8,180069.4,10965.6,6289.9,100.0,
2025-12-26T21:23:38.755014,4.2,24.4,0.64,52.0,daemon,43608.8,180097.4,10966.8,6294.1,100.0,
2025-12-26T21:24:38.955654,12.5,26.9,0.81,76.0,daemon,43608.8,180121.3,10967.5,6297.4,100.0,
2025-12-26T21:25:39.169531,4.2,24.4,0.99,52.0,daemon,43608.8,180283.8,11103.6,6436.5,100.0,
2025-12-26T21:26:39.390702,0.8,24.0,0.39,44.0,daemon,43608.8,180330.9,11103.8,6437.8,100.0,
2025-12-26T21:27:39.627967,3.3,24.0,0.53,44.0,daemon,43608.8,180352.5,11103.9,6437.8,100.0,
2025-12-26T21:28:39.838711,0.8,24.0,0.23,56.0,daemon,43608.8,180370.4,11104.0,6437.8,100.0,
2025-12-26T21:29:40.074518,0.8,24.0,0.08,41.0,daemon,43608.8,180391.1,11104.1,6437.9,100.0,
2025-12-26T21:30:40.312679,0.0,24.0,0.10,39.0,daemon,43608.8,180400.1,11104.2,6437.9,100.0,
2025-12-26T21:31:40.549546,0.8,24.0,0.19,41.0,daemon,43608.8,180450.5,11104.4,6439.2,100.0,
2025-12-26T21:32:40.774998,5.0,24.0,0.16,46.0,daemon,43608.8,180481.2,11105.0,6442.1,100.0,
2025-12-26T21:33:40.988115,3.3,26.6,0.06,49.0,daemon,43608.9,180534.6,11131.5,6468.9,100.0,
2025-12-26T21:34:41.211167,3.3,26.3,0.31,52.0,daemon,43608.9,180707.7,11154.8,6493.3,100.0,
2025-12-26T21:35:41.444478,9.2,26.3,0.55,50.0,daemon,43608.9,180936.4,11178.7,6519.1,100.0,
2025-12-26T21:36:41.645035,29.7,26.9,1.00,95.0,daemon,43608.9,181022.8,11180.1,6524.0,100.0,
2025-12-26T21:37:41.855361,0.8,25.6,1.42,64.0,daemon,43608.9,181190.5,11316.8,6662.5,100.0,
2025-12-26T21:38:42.065032,3.3,25.3,0.52,57.0,daemon,43608.9,181240.1,11317.1,6685.0,100.0,
2025-12-26T21:39:42.277453,0.0,24.0,0.25,57.0,daemon,43608.9,181259.6,11317.2,6685.1,100.0,
2025-12-26T21:40:42.489881,4.1,24.4,0.09,52.0,daemon,43608.9,181283.8,11317.6,6685.9,100.0,
2025-12-26T21:41:42.687681,5.9,25.3,1.11,78.0,daemon,43608.9,181428.8,11455.9,6826.2,100.0,
2025-12-26T21:42:42.903393,2.5,24.4,0.59,64.0,daemon,43608.9,181545.4,11456.3,6828.1,100.0,
2025-12-26T21:43:43.128611,2.5,24.4,0.41,45.0,daemon,43608.9,181568.4,11456.3,6828.1,100.0,
2025-12-26T21:44:43.360577,0.8,24.0,0.19,41.0,daemon,43608.9,181581.1,11456.4,6828.1,100.0,
2025-12-26T21:45:43.596744,3.4,24.4,0.29,45.0,daemon,43608.9,181602.2,11456.5,6828.1,100.0,
2025-12-26T21:46:43.833673,2.5,24.7,0.28,41.0,daemon,43608.9,181625.3,11456.8,6829.4,100.0,
2025-12-26T21:47:44.070880,4.2,25.0,0.31,45.0,daemon,43608.9,181646.0,11457.1,6832.1,100.0,
2025-12-26T21:48:44.295998,1.7,24.4,0.23,41.0,daemon,43608.9,181671.0,11457.5,6833.4,100.0,
2025-12-26T21:49:44.521387,5.8,24.4,0.33,57.0,daemon,43608.9,181689.9,11457.6,6833.5,100.0,
2025-12-26T21:50:44.725276,0.8,24.7,0.26,57.0,daemon,43608.9,181704.0,11457.9,6833.7,100.0,
2025-12-26T21:51:44.933804,0.0,24.7,0.33,61.0,daemon,43608.9,181726.4,11458.9,6834.9,100.0,
2025-12-26T21:52:45.150659,3.3,24.7,0.53,41.0,daemon,43608.9,181747.4,11460.3,6836.6,100.0,
2025-12-26T21:53:45.380943,1.7,25.0,0.34,49.0,daemon,43608.9,181768.0,11461.3,6837.7,100.0,
2025-12-26T21:54:45.619036,5.8,24.4,0.23,50.0,daemon,43608.9,181787.9,11462.1,6838.4,100.0,
2025-12-26T21:55:45.828638,9.2,24.4,0.41,64.0,daemon,43608.9,181809.6,11462.4,6838.7,100.0,
2025-12-26T21:56:46.036480,0.0,24.0,0.15,55.0,daemon,43608.9,181822.7,11462.4,6838.7,100.0,
2025-12-26T21:57:46.241256,0.8,24.0,0.15,59.0,daemon,43608.9,181839.5,11462.5,6838.7,100.0,
2025-12-26T21:58:46.461907,0.8,24.0,0.16,57.0,daemon,43608.9,181861.0,11462.5,6838.8,100.0,
2025-12-26T21:59:46.665178,0.0,24.0,0.16,60.0,daemon,43608.9,181878.9,11462.6,6838.8,100.0,
2025-12-26T22:00:46.872711,0.8,24.0,0.13,56.0,daemon,43608.9,181896.7,11462.8,6840.1,100.0,
2025-12-26T22:01:47.082435,0.8,24.0,0.12,56.0,daemon,43608.9,181943.2,11462.9,6840.2,100.0,
2025-12-26T22:02:47.293724,0.0,24.0,0.26,56.0,daemon,43608.9,181968.5,11463.1,6841.5,100.0,
2025-12-26T22:03:47.500790,1.7,24.4,0.40,60.0,daemon,43608.9,182005.2,11463.5,6841.8,100.0,
2025-12-26T22:04:47.709735,4.2,25.0,0.25,59.0,daemon,43608.9,182156.2,11464.9,6842.0,100.0,
2025-12-26T22:05:47.923309,6.7,25.0,0.31,59.0,daemon,43608.9,182281.6,11465.2,6842.1,100.0,
2025-12-26T22:06:48.123565,10.8,25.0,1.27,65.0,daemon,43608.9,182349.9,11484.5,6843.3,100.0,
2025-12-26T22:07:48.326175,0.8,25.0,0.59,51.0,daemon,43608.9,182489.9,11485.5,6843.4,100.0,
2025-12-26T22:08:48.528061,2.5,25.6,0.64,62.0,daemon,43608.9,182565.8,11489.2,6843.7,100.0,
2025-12-26T22:09:48.741453,9.9,25.6,1.05,61.0,daemon,43608.9,182682.4,11492.3,6843.8,100.0,
2025-12-26T22:10:48.976790,2.5,25.6,0.72,56.0,daemon,43608.9,182721.8,11493.4,6844.4,100.0,
2025-12-26T22:11:49.198110,1.7,25.6,1.17,51.0,daemon,43608.9,182766.8,11540.7,6893.5,100.0,
2025-12-26T22:12:49.433542,1.7,25.3,1.64,55.0,daemon,43608.9,183105.4,11677.6,7032.4,100.0,
2025-12-26T22:13:49.671105,2.5,24.7,0.91,47.0,daemon,43608.9,183189.4,11677.8,7032.5,100.0,
2025-12-26T22:14:49.905700,0.8,24.7,0.47,45.0,daemon,43608.9,183209.3,11677.9,7032.6,100.0,
2025-12-26T22:15:50.114869,3.3,25.0,0.69,60.0,daemon,43608.9,183374.8,11680.4,7034.2,100.0,
2025-12-26T22:16:50.323556,5.0,25.6,0.58,60.0,daemon,43608.9,183443.8,11683.5,7036.6,100.0,
2025-12-26T22:17:50.535664,4.1,25.3,0.47,68.0,daemon,43608.9,183520.5,11684.6,7040.6,100.0,
2025-12-26T22:18:50.738849,2.5,25.3,0.39,60.0,daemon,43608.9,183558.7,11685.0,7043.6,100.0,
2025-12-26T22:19:50.944487,3.3,25.6,0.37,64.0,daemon,43608.9,183596.8,11686.8,7049.8,100.0,
2025-12-26T22:20:51.150458,0.8,26.0,0.62,68.0,daemon,43608.9,183679.1,11690.2,7055.8,100.0,
2025-12-26T22:21:51.358288,1.7,25.3,0.52,59.0,daemon,43608.9,183724.8,11690.3,7055.9,100.0,
2025-12-26T22:22:51.551946,0.8,25.0,0.59,64.0,daemon,43608.9,183767.5,11695.7,7056.1,100.0,
2025-12-26T22:23:51.760040,10.8,25.6,0.66,69.0,daemon,43608.9,183876.5,11696.9,7056.2,100.0,
2025-12-26T22:24:51.992600,4.2,25.6,0.30,45.0,daemon,43608.9,184032.9,11699.0,7056.3,100.0,
2025-12-26T22:25:52.199868,3.3,25.6,0.43,55.0,daemon,43608.9,184248.2,11731.2,7056.6,100.0,
2025-12-26T22:26:52.435590,0.0,26.0,0.74,45.0,daemon,43608.9,184342.3,11734.3,7056.9,100.0,
2025-12-26T22:27:52.644338,3.3,26.0,0.51,44.0,daemon,43608.9,184414.1,11734.4,7056.9,100.0,
2025-12-26T22:28:52.870944,1.7,26.3,0.41,44.0,daemon,43608.9,184486.7,11735.5,7057.0,100.0,
2025-12-26T22:29:53.085140,5.8,26.9,0.84,48.0,daemon,43625.3,184609.8,11737.8,7057.1,100.0,
2025-12-26T22:30:53.323043,0.0,26.9,0.43,43.0,daemon,43625.3,184735.5,11738.0,7057.2,100.0,
2025-12-26T22:31:53.564087,1.6,26.6,0.43,43.0,daemon,43625.3,184791.0,11738.3,7057.3,100.0,
2025-12-26T22:32:53.793804,8.3,27.3,0.36,44.0,daemon,43625.3,184850.4,11738.4,7057.4,100.0,
2025-12-26T22:33:53.980380,2.5,28.2,0.56,60.0,daemon,43625.3,184955.8,11739.5,7057.9,100.0,
2025-12-26T22:34:54.186105,9.8,28.6,0.42,48.0,daemon,43625.3,185001.4,11739.7,7058.2,100.0,
2025-12-26T22:35:54.393512,11.7,29.5,1.03,71.0,daemon,43625.3,185074.2,11740.5,7058.5,100.0,
2025-12-26T22:36:54.603923,11.6,29.5,0.82,59.0,daemon,43625.3,185165.5,11740.7,7058.6,100.0,
2025-12-26T22:37:54.810262,0.8,29.5,0.55,57.0,daemon,43625.3,185196.5,11741.7,7059.8,100.0,
2025-12-26T22:38:55.016026,0.0,29.9,0.44,62.0,daemon,43629.7,185267.0,11752.5,7070.7,100.0,
2025-12-26T22:39:55.227874,8.3,30.2,0.36,44.0,daemon,43629.7,185338.3,11762.8,7080.9,100.0,
2025-12-26T22:40:55.463250,2.5,30.2,0.45,47.0,daemon,43629.7,185375.6,11763.6,7081.6,100.0,
2025-12-26T22:41:55.673171,4.2,30.2,0.38,65.0,daemon,43629.7,185419.5,11765.2,7083.4,100.0,
2025-12-26T22:42:55.890908,4.9,30.2,0.80,60.0,daemon,43629.7,185449.6,11766.6,7084.8,100.0,
2025-12-26T22:43:56.126711,4.2,30.2,0.79,64.0,daemon,43629.7,185476.0,11768.2,7086.5,100.0,
2025-12-26T22:44:56.342752,5.0,30.2,0.33,60.0,daemon,43629.7,185499.9,11770.0,7088.5,100.0,
2025-12-26T22:45:56.554495,0.0,30.5,0.31,49.0,daemon,43629.7,185526.9,11771.4,7090.0,100.0,
2025-12-26T22:46:56.788204,4.2,30.2,0.36,50.0,daemon,43629.7,185554.3,11773.3,7092.0,100.0,
2025-12-26T22:47:56.995281,8.3,30.5,0.32,63.0,daemon,43629.7,185590.1,11774.3,7092.8,100.0,
2025-12-26T22:48:57.228335,10.1,30.5,0.30,63.0,daemon,43629.7,185612.9,11774.4,7092.9,100.0,
2025-12-26T22:49:57.448204,8.4,30.2,0.49,60.0,daemon,43629.7,185634.6,11774.7,7093.0,100.0,
2025-12-26T22:50:57.641514,5.8,30.2,0.39,53.0,daemon,43629.7,185659.9,11776.8,7095.3,100.0,
2025-12-26T22:51:57.856532,0.0,30.2,0.44,51.0,daemon,43629.7,185693.5,11778.0,7096.4,100.0,
2025-12-26T22:52:58.073869,0.0,30.2,0.40,64.0,daemon,43629.7,185724.3,11779.2,7097.7,100.0,
2025-12-26T22:53:58.284283,2.5,30.2,0.52,62.0,daemon,43629.7,185752.5,11780.0,7098.5,100.0,
2025-12-26T22:54:58.501323,6.7,30.2,0.66,59.0,daemon,43629.7,185782.0,11781.6,7100.2,100.0,
2025-12-26T22:55:58.721108,0.8,30.2,0.32,57.0,daemon,43629.7,185804.4,11781.7,7100.3,100.0,
2025-12-26T22:56:58.933437,10.0,30.2,0.48,57.0,daemon,43629.7,185828.6,11782.6,7101.1,100.0,
2025-12-26T22:57:59.142180,8.4,30.5,0.73,59.0,daemon,43629.7,185857.8,11783.5,7102.0,100.0,
2025-12-26T22:58:59.343736,8.3,30.2,0.71,68.0,daemon,43629.7,185886.2,11784.4,7102.9,100.0,
2025-12-26T22:59:59.558483,0.8,30.5,0.44,44.0,daemon,43629.7,185905.1,11785.1,7103.6,100.0,
2025-12-26T23:00:59.770508,5.0,30.5,0.60,60.0,daemon,43629.7,185961.0,11785.3,7103.7,100.0,
2025-12-26T23:01:59.984652,0.8,30.5,0.44,65.0,daemon,43629.7,185995.6,11786.8,7105.2,100.0,
2025-12-26T23:03:00.199162,0.8,29.2,0.76,47.0,daemon,43634.6,186059.6,11790.2,7105.8,100.0,
2025-12-26T23:04:00.390340,10.6,28.9,0.72,57.0,daemon,43634.6,186153.7,11790.4,7105.8,100.0,
2025-12-26T23:05:00.591261,0.0,28.9,0.39,57.0,daemon,43634.6,186169.5,11790.6,7105.9,100.0,
2025-12-26T23:06:00.809865,0.0,28.9,0.49,57.0,daemon,43634.6,186187.3,11790.7,7106.0,100.0,
2025-12-26T23:07:01.018176,0.0,28.9,0.21,56.0,daemon,43634.6,186208.4,11790.8,7106.0,100.0,
2025-12-26T23:08:01.240894,0.8,28.6,0.08,51.0,daemon,43634.6,186223.5,11790.9,7106.1,100.0,
2025-12-26T23:09:01.472036,1.7,28.9,0.03,42.0,daemon,43634.6,186249.4,11791.4,7106.1,100.0,
2025-12-26T23:10:01.675720,0.0,28.6,0.06,55.0,daemon,43634.6,186260.9,11791.5,7106.2,100.0,
2025-12-26T23:11:01.886882,0.8,28.6,0.20,59.0,daemon,43634.6,186277.6,11791.7,7106.3,100.0,
2025-12-26T23:12:02.105431,0.0,28.2,0.07,56.0,daemon,43634.6,186304.0,11791.8,7106.3,100.0,
2025-12-26T23:13:02.311786,0.0,28.2,0.14,56.0,daemon,43634.6,186324.8,11792.0,7106.4,100.0,
2025-12-26T23:14:02.521999,0.0,28.2,0.12,57.0,daemon,43634.6,186342.5,11792.2,7106.4,100.0,
2025-12-26T23:15:02.733659,1.7,28.6,0.34,56.0,daemon,43634.6,186356.3,11792.4,7128.8,100.0,
2025-12-26T23:16:02.943027,1.7,28.6,0.18,55.0,daemon,43634.6,186372.6,11792.5,7128.8,100.0,
2025-12-26T23:17:03.187061,0.8,28.6,0.09,39.0,daemon,43634.6,186387.9,11792.6,7128.9,100.0,
2025-12-26T23:18:03.424146,0.8,28.6,0.08,41.0,daemon,43634.6,186404.7,11792.8,7128.9,100.0,
2025-12-27T05:06:01.912736,2.5,28.6,0.11,32.0,daemon,43634.6,186441.2,11792.9,7129.0,100.0,
2025-12-27T05:07:02.131618,0.0,28.2,1.52,71.0,daemon,43634.9,187576.3,11847.8,7133.8,100.0,
2025-12-27T05:08:02.343252,0.0,28.2,0.88,62.0,daemon,43634.9,187791.1,11851.6,7134.0,100.0,
2025-12-27T05:09:02.558404,2.5,28.2,0.38,62.0,daemon,43634.9,187814.9,11852.1,7134.3,100.0,
2025-12-27T05:10:02.783104,4.2,28.6,0.24,61.0,daemon,43634.9,187851.8,11854.5,7134.7,100.0,
2025-12-27T05:11:03.018440,4.2,29.2,0.63,49.0,daemon,43634.9,187968.9,11857.0,7135.0,100.0,
2025-12-27T05:12:03.235342,19.7,28.9,0.44,64.0,daemon,43642.6,188144.7,11858.3,7135.5,100.0,
2025-12-27T05:13:03.482985,3.3,28.2,0.39,48.0,daemon,43642.9,188258.4,11858.9,7135.8,100.0,
2025-12-27T05:14:03.706566,0.0,28.2,0.14,45.0,daemon,43642.9,188312.7,11859.3,7136.1,100.0,
2025-12-27T05:15:03.946965,0.0,28.2,0.15,43.0,daemon,43642.9,188348.5,11859.8,7136.4,100.0,
2025-12-27T05:16:04.192297,2.5,28.2,0.29,43.0,daemon,43642.9,188358.9,11860.3,7136.8,100.0,
2025-12-27T05:17:04.437684,0.0,28.2,0.11,44.0,daemon,43642.9,188377.4,11860.7,7137.1,100.0,
2025-12-27T05:18:04.686419,2.5,27.9,0.28,44.0,daemon,43642.9,188441.8,11861.6,7137.5,100.0,
2025-12-27T05:19:04.930645,0.8,27.9,0.10,41.0,daemon,43642.9,188472.8,11862.0,7137.9,100.0,
2025-12-27T05:20:05.179718,2.5,27.9,0.30,52.0,daemon,43642.9,188485.1,11862.6,7138.1,100.0,
2025-12-27T05:21:05.419199,4.2,27.9,0.29,47.0,daemon,43642.9,188497.6,11863.8,7138.4,100.0,
2025-12-27T05:22:05.650898,4.1,27.9,0.37,62.0,daemon,43642.9,188507.6,11864.2,7138.6,100.0,
2025-12-27T05:23:05.869049,6.7,27.9,0.13,64.0,daemon,43642.9,188539.2,11865.0,7138.8,100.0,
2025-12-27T05:24:06.098469,2.4,27.9,0.12,59.0,daemon,43642.9,188568.4,11865.5,7139.2,100.0,
2025-12-27T05:25:06.311347,0.8,27.9,0.14,60.0,daemon,43642.9,188586.2,11866.1,7139.6,100.0,
2025-12-27T05:26:06.540963,2.5,27.6,0.16,48.0,daemon,43642.9,188605.0,11866.4,7139.8,100.0,
2025-12-27T05:27:06.785797,2.5,27.6,0.10,44.0,daemon,43642.9,188626.0,11866.8,7140.1,100.0,
2025-12-27T05:28:07.012968,2.5,27.6,0.24,62.0,daemon,43642.9,188645.9,11866.9,7140.2,100.0,
2025-12-27T05:29:07.233690,1.7,27.6,0.27,52.0,daemon,43642.9,188666.5,11867.4,7140.5,100.0,
2025-12-27T05:30:07.459091,2.5,27.3,0.28,64.0,daemon,43642.9,188681.6,11867.8,7140.7,100.0,
2025-12-27T05:31:07.709990,3.3,27.3,0.31,46.0,daemon,43642.9,188704.8,11868.7,7140.9,100.0,
2025-12-27T05:32:07.938099,4.2,27.3,0.49,61.0,daemon,43642.9,188752.0,11868.8,7141.0,100.0,
2025-12-27T05:33:08.168458,0.8,27.3,0.34,57.0,daemon,43642.9,188784.6,11869.2,7141.2,100.0,
2025-12-27T05:34:08.393525,2.5,27.3,0.26,59.0,daemon,43642.9,188810.9,11869.5,7141.5,100.0,
2025-12-27T05:35:08.611207,0.0,27.3,0.31,60.0,daemon,43642.9,188826.3,11869.8,7141.7,100.0,
2025-12-27T05:36:08.851093,0.8,27.3,0.15,45.0,daemon,43642.9,188842.5,11870.1,7142.0,100.0,
2025-12-27T05:37:09.084343,0.0,27.3,0.10,59.0,daemon,43642.9,188864.2,11870.9,7142.5,100.0,
2025-12-27T05:38:09.309832,4.2,27.3,0.04,57.0,daemon,43642.9,188883.6,11871.3,7142.9,100.0,
2025-12-27T05:39:09.538734,8.3,27.3,0.29,48.0,daemon,43642.9,188923.9,11872.2,7143.3,100.0,
2025-12-27T05:40:09.781987,0.0,27.3,0.16,41.0,daemon,43642.9,188934.6,11872.4,7143.5,100.0,
2025-12-27T05:41:09.993788,8.3,27.3,0.30,62.0,daemon,43642.9,188979.3,11874.9,7143.8,100.0,
2025-12-27T05:42:10.215489,2.5,27.3,0.82,60.0,daemon,43642.9,189041.8,11875.1,7143.8,100.0,
2025-12-27T05:43:10.426428,6.7,27.9,0.90,60.0,daemon,43642.9,189129.9,11875.2,7143.9,100.0,
2025-12-27T05:44:10.676685,7.6,26.9,0.46,53.0,daemon,43642.9,189174.9,11875.3,7143.9,100.0,
2025-12-27T05:45:10.904413,5.8,26.9,0.51,61.0,daemon,43642.9,189196.1,11875.6,7144.0,100.0,
2025-12-27T05:46:11.127386,6.0,27.3,0.56,48.0,daemon,43642.9,189241.0,11875.7,7144.1,100.0,
2025-12-27T05:47:11.349246,0.0,27.3,0.57,61.0,daemon,43642.9,189310.1,11877.9,7144.2,100.0,
2025-12-27T05:48:11.554358,0.8,26.3,0.91,49.0,daemon,44195.7,190382.6,11981.4,7144.9,100.0,
2025-12-27T05:49:11.795178,3.3,26.3,0.49,45.0,daemon,44195.9,190912.8,11981.5,7145.0,100.0,
2025-12-27T05:50:12.041514,0.8,26.6,0.27,43.0,daemon,44195.9,190937.8,11981.5,7145.0,100.0,
2025-12-27T05:51:12.279331,0.0,26.6,0.14,60.0,daemon,44196.0,190970.7,11981.6,7145.0,100.0,
2025-12-27T05:52:12.498860,0.0,26.6,0.14,57.0,daemon,44196.0,191055.2,11981.7,7145.1,100.0,
2025-12-27T05:53:12.716354,0.0,26.6,0.05,56.0,daemon,44196.0,191126.1,11981.7,7145.1,100.0,
2025-12-27T05:54:12.942370,0.0,26.6,0.12,55.0,daemon,44196.0,191147.6,11981.9,7145.1,100.0,
2025-12-27T05:55:13.182256,0.0,26.3,0.15,41.0,daemon,44196.0,191163.9,11981.9,7145.1,100.0,
2025-12-27T05:56:13.427369,0.8,26.3,0.28,43.0,daemon,44196.0,191181.3,11982.0,7145.1,100.0,
2025-12-27T05:57:13.673858,1.7,26.6,0.25,45.0,daemon,44196.0,191239.1,11983.4,7145.3,100.0,
2025-12-27T05:58:13.911145,0.0,26.3,1.02,48.0,daemon,44196.0,191311.2,11984.4,7145.4,100.0,
2025-12-27T05:59:14.118427,5.8,26.3,0.37,62.0,daemon,44196.0,191381.1,11984.5,7145.4,100.0,
2025-12-27T06:00:14.357941,0.0,26.3,0.14,41.0,daemon,44196.0,191402.5,11984.5,7145.4,100.0,
2025-12-27T06:01:14.592589,0.0,26.3,0.33,45.0,daemon,44196.0,191420.6,11984.6,7145.5,100.0,
2025-12-27T06:02:14.832585,0.8,27.3,0.61,45.0,daemon,44196.0,191551.5,11988.4,7145.7,100.0,
2025-12-27T06:03:15.067414,1.7,27.6,0.47,45.0,daemon,44196.0,191595.8,11988.7,7145.8,100.0,
2025-12-27T06:04:15.266590,10.7,27.9,0.56,63.0,daemon,44196.0,191669.8,11990.3,7145.9,100.0,
2025-12-27T06:05:15.480045,0.0,26.3,1.24,66.0,daemon,44196.0,191800.3,12006.7,7146.7,100.0,
2025-12-27T06:06:15.691494,5.0,26.3,0.74,62.0,daemon,44196.0,191912.2,12022.2,7146.9,100.0,
2025-12-27T06:07:15.895469,0.8,26.3,0.69,60.0,daemon,44196.0,191978.7,12038.7,7147.0,100.0,
2025-12-27T06:08:16.104245,2.5,26.3,0.42,56.0,daemon,44196.0,192020.0,12042.4,7147.0,100.0,
2025-12-27T06:09:16.312294,0.0,26.3,0.19,59.0,daemon,44196.0,192056.1,12042.5,7147.1,100.0,
2025-12-27T06:10:16.529768,2.5,26.0,0.24,66.0,daemon,44196.0,192085.6,12055.4,7147.2,100.0,
2025-12-27T06:11:16.743546,5.8,26.0,0.58,56.0,daemon,44196.0,192219.2,12056.0,7147.4,100.0,
2025-12-27T06:12:16.969762,7.4,26.0,0.55,41.0,daemon,44196.0,192291.7,12056.0,7147.4,100.0,
2025-12-27T06:13:17.210035,0.8,25.6,0.26,40.0,daemon,44196.0,192320.8,12056.1,7147.4,100.0,
2025-12-27T06:14:17.443360,0.0,25.6,0.09,40.0,daemon,44196.0,192346.0,12056.1,7147.4,100.0,
2025-12-27T06:15:17.702089,5.0,25.6,0.03,41.0,daemon,44196.0,192359.6,12056.2,7147.5,100.0,
2025-12-27T06:16:17.927181,4.1,26.0,0.27,61.0,daemon,44196.0,192383.6,12056.4,7150.1,100.0,
2025-12-27T06:17:18.184644,5.8,26.0,0.53,49.0,daemon,44196.0,192408.0,12057.2,7156.6,100.0,
2025-12-27T06:18:18.388566,0.8,26.0,0.46,59.0,daemon,44196.0,192494.2,12058.0,7165.4,100.0,
2025-12-27T06:19:18.621262,0.0,26.6,1.27,55.0,daemon,44196.0,192690.4,12194.5,7303.8,100.0,
2025-12-27T06:20:18.849381,0.0,26.0,0.58,43.0,daemon,44196.0,192746.6,12194.6,7303.9,100.0,
2025-12-27T06:21:19.091128,3.4,26.3,0.33,44.0,daemon,44196.0,192779.3,12198.3,7305.3,100.0,
2025-12-27T06:22:19.336676,7.4,26.0,0.15,42.0,daemon,44196.0,192838.0,12199.5,7305.4,100.0,
2025-12-27T06:23:19.571114,0.0,26.0,0.77,43.0,daemon,44196.0,192870.3,12199.7,7305.5,100.0,
2025-12-27T06:24:19.805994,2.5,26.0,0.28,49.0,daemon,44196.0,192902.0,12199.7,7305.5,100.0,
2025-12-27T06:25:20.045221,1.7,26.0,0.57,44.0,daemon,44196.0,192929.8,12199.8,7305.8,100.0,
2025-12-27T06:26:20.273708,5.0,26.0,0.51,43.0,daemon,44196.0,192954.0,12199.9,7305.8,100.0,
2025-12-27T06:27:20.507745,5.8,26.0,0.62,61.0,daemon,44196.0,192975.8,12200.0,7305.9,100.0,
2025-12-27T06:28:20.739947,0.8,26.0,0.22,59.0,daemon,44196.0,192999.9,12200.0,7305.9,100.0,
2025-12-27T06:29:20.963294,7.5,26.0,0.76,48.0,daemon,44196.0,193025.5,12200.4,7308.6,100.0,
2025-12-27T06:30:21.176937,0.8,26.6,0.37,61.0,daemon,44196.0,193050.7,12201.3,7309.5,100.0,
2025-12-27T06:31:21.391707,0.8,26.6,0.19,60.0,daemon,44196.0,193066.4,12206.1,7310.1,100.0,
2025-12-27T06:32:21.604705,0.8,26.0,0.27,56.0,daemon,44196.0,193120.6,12206.2,7310.2,100.0,
2025-12-27T06:33:21.834305,11.8,26.3,0.47,52.0,daemon,44196.0,193144.1,12206.5,7314.2,100.0,
2025-12-27T06:34:22.055638,2.5,26.0,0.27,56.0,daemon,44196.0,193171.2,12206.8,7316.8,100.0,
2025-12-27T06:35:22.303220,5.9,26.0,0.61,47.0,daemon,44196.0,193202.0,12207.3,7321.0,100.0,
2025-12-27T06:36:22.541133,0.8,26.0,0.34,41.0,daemon,44196.0,193220.7,12207.6,7321.0,100.0,
2025-12-27T06:37:22.781629,8.9,26.3,0.57,50.0,daemon,44196.0,193255.6,12207.9,7321.3,100.0,
2025-12-27T06:38:23.004360,0.0,26.0,0.64,41.0,daemon,44196.0,193292.8,12207.9,7321.3,100.0,
2025-12-27T06:39:23.251947,0.8,26.0,0.36,37.0,daemon,44196.0,193312.9,12208.0,7321.4,100.0,
2025-12-27T06:40:23.491981,1.7,26.3,0.34,43.0,daemon,44196.0,193327.2,12208.0,7321.4,100.0,
2025-12-27T06:41:23.729093,5.0,26.0,0.27,48.0,daemon,44196.0,193347.5,12208.4,7324.1,100.0,
2025-12-27T06:42:23.938307,2.5,26.0,0.28,52.0,daemon,44196.0,193375.6,12208.4,7324.1,100.0,
2025-12-27T06:43:24.166296,0.0,25.6,0.32,41.0,daemon,44196.0,193398.6,12208.5,7324.1,100.0,
2025-12-27T06:44:24.405840,0.0,25.6,0.32,41.0,daemon,44196.0,193417.2,12208.5,7324.2,100.0,
2025-12-27T06:45:24.650457,2.5,26.0,0.22,43.0,daemon,44196.0,193438.5,12208.6,7324.2,100.0,
2025-12-27T06:46:24.885871,6.7,26.0,0.83,48.0,daemon,44196.0,193468.4,12208.7,7324.3,100.0,
2025-12-27T06:47:25.116370,40.8,26.0,0.91,56.0,daemon,44196.0,193488.4,12208.7,7324.3,100.0,
2025-12-27T06:48:25.338377,0.0,25.6,0.48,60.0,daemon,44196.0,193600.4,12209.7,7324.6,100.0,
2025-12-27T06:49:25.553090,0.0,25.6,0.43,56.0,daemon,44196.0,193653.4,12209.8,7324.6,100.0,
2025-12-27T06:50:25.774187,0.8,25.6,0.47,56.0,daemon,44196.0,193669.1,12210.0,7326.0,100.0,
2025-12-27T06:51:26.015916,0.0,25.6,0.52,41.0,daemon,44196.0,193679.8,12210.0,7326.0,100.0,
2025-12-27T06:52:26.263537,1.7,25.6,0.19,43.0,daemon,44196.0,193699.1,12210.3,7330.1,100.0,
2025-12-27T06:53:26.506447,2.5,25.6,0.20,47.0,daemon,44196.0,193719.0,12210.8,7338.5,100.0,
2025-12-27T06:54:26.753225,1.7,25.6,0.23,45.0,daemon,44196.0,193733.3,12211.4,7342.9,100.0,
2025-12-27T06:55:27.000963,3.3,25.6,0.17,45.0,daemon,44196.0,193756.5,12212.8,7351.9,100.0,
2025-12-27T06:56:27.245576,0.0,25.6,0.37,43.0,daemon,44196.0,193823.1,12214.6,7357.4,100.0,
2025-12-27T06:57:27.486194,0.0,25.3,0.20,40.0,daemon,44196.0,193843.8,12214.6,7357.4,100.0,
2025-12-27T06:58:27.731832,0.0,25.6,0.06,41.0,daemon,44196.0,193861.5,12214.7,7357.4,100.0,
2025-12-27T06:59:27.977694,0.0,25.3,0.08,41.0,daemon,44196.0,193880.4,12214.7,7357.4,100.0,
2025-12-27T07:00:28.217409,1.7,25.3,0.48,44.0,daemon,44196.0,193902.3,12214.7,7357.5,100.0,
2025-12-27T07:01:28.459616,0.0,25.6,0.25,44.0,daemon,44196.0,193933.5,12215.2,7361.9,100.0,
2025-12-27T07:02:28.699184,0.0,25.3,0.09,40.0,daemon,44196.0,193954.8,12215.2,7361.9,100.0,
2025-12-27T07:03:28.944354,2.5,25.3,0.07,41.0,daemon,44196.0,193967.4,12215.2,7361.9,100.0,
2025-12-27T07:04:29.176984,0.0,25.3,0.06,41.0,daemon,44196.0,193978.5,12215.3,7361.9,100.0,
2025-12-27T07:05:29.414097,0.0,25.3,0.21,40.0,daemon,44196.0,193989.7,12215.3,7361.9,100.0,
2025-12-27T07:06:29.649922,0.8,25.6,0.07,40.0,daemon,44196.0,194004.6,12215.6,7362.0,100.0,
2025-12-27T07:07:29.886564,0.8,25.6,0.06,44.0,daemon,44196.0,194027.3,12215.7,7362.0,100.0,
2025-12-27T07:08:30.125820,0.0,25.3,0.60,43.0,daemon,44196.0,194056.8,12215.8,7362.0,100.0,
2025-12-27T07:09:30.364430,6.7,25.3,0.44,45.0,daemon,44196.0,194079.5,12215.9,7362.1,100.0,
2025-12-27T07:10:30.601522,0.8,25.3,0.36,59.0,daemon,44196.0,194107.5,12215.9,7362.1,100.0,
2025-12-27T07:11:30.819684,3.4,25.6,0.67,50.0,daemon,44196.0,194141.0,12216.7,7371.2,100.0,
2025-12-27T07:12:31.039872,2.5,25.3,0.45,64.0,daemon,44196.0,194167.6,12218.1,7384.7,100.0,
2025-12-27T07:13:31.273088,2.5,26.0,0.79,48.0,daemon,44196.0,194183.8,12220.3,7403.1,100.0,
2025-12-27T07:14:31.516529,2.5,25.6,0.57,41.0,daemon,44196.1,194241.4,12220.8,7411.9,100.0,
2025-12-27T07:15:31.753389,1.7,25.6,0.27,55.0,daemon,44196.1,194262.1,12221.0,7412.0,100.0,
2025-12-27T07:16:31.997237,3.4,25.6,0.27,45.0,daemon,44196.1,194282.3,12221.0,7412.0,100.0,
2025-12-27T07:17:32.225063,1.7,26.0,0.26,47.0,daemon,44196.1,194304.7,12221.0,7412.0,100.0,
2025-12-27T07:18:32.478148,0.0,25.6,0.42,41.0,daemon,44196.1,194360.6,12221.1,7412.0,100.0,
2025-12-27T07:19:32.710554,4.2,26.0,1.16,49.0,daemon,44196.1,194488.0,12357.5,7547.9,100.0,
2025-12-27T07:20:32.924513,5.7,26.0,0.61,73.0,daemon,44196.1,194555.1,12357.7,7550.2,100.0,
2025-12-27T07:21:33.170015,5.0,26.0,0.42,45.0,daemon,44196.1,194582.8,12358.3,7559.0,100.0,
2025-12-27T07:22:33.411533,4.2,26.0,0.48,48.0,daemon,44196.1,194607.5,12359.5,7570.7,100.0,
2025-12-27T07:23:33.657171,3.3,26.0,0.45,47.0,daemon,44196.1,194631.3,12360.6,7582.2,100.0,
2025-12-27T07:24:33.900311,5.8,26.0,0.64,47.0,daemon,44196.1,194663.1,12361.3,7589.3,100.0,
2025-12-27T07:25:34.146138,8.9,26.0,1.08,60.0,daemon,44196.1,194694.7,12363.0,7595.6,100.0,
2025-12-27T07:26:34.384336,2.5,26.0,0.39,41.0,daemon,44196.1,194717.6,12363.1,7595.7,100.0,
2025-12-27T07:27:34.598081,0.0,26.0,0.24,56.0,daemon,44196.1,194741.2,12363.1,7595.7,100.0,
2025-12-27T07:28:34.823261,1.7,26.0,0.29,43.0,daemon,44196.1,194761.8,12363.2,7595.7,100.0,
2025-12-27T07:29:35.063923,0.8,26.3,0.14,41.0,daemon,44196.1,194783.9,12363.2,7595.7,100.0,
2025-12-27T07:30:35.279001,3.4,26.0,0.05,61.0,daemon,44196.1,194802.0,12363.2,7595.7,100.0,
2025-12-27T07:31:35.517085,3.4,26.3,0.39,48.0,daemon,44196.1,194840.8,12364.1,7603.5,100.0,
2025-12-27T07:32:35.741196,0.0,26.3,0.30,43.0,daemon,44196.1,194938.2,12366.1,7613.7,100.0,
2025-12-27T07:33:35.972536,1.7,26.0,0.16,41.0,daemon,44196.1,194963.7,12366.2,7613.7,100.0,
2025-12-27T07:34:36.216289,0.0,26.0,0.06,41.0,daemon,44196.1,194985.9,12366.3,7614.9,100.0,
2025-12-27T07:35:36.463206,2.5,26.3,0.32,44.0,daemon,44196.1,195000.2,12366.5,7616.1,100.0,
2025-12-27T07:36:36.693781,1.7,26.3,0.46,50.0,daemon,44196.1,195020.7,12367.6,7624.6,100.0,
2025-12-27T07:37:36.938227,2.5,26.3,0.45,45.0,daemon,44196.1,195048.5,12368.7,7630.1,100.0,
2025-12-27T07:38:37.178317,3.3,27.6,0.46,45.0,daemon,44196.1,195181.5,12392.7,7659.4,100.0,
2025-12-27T07:39:37.385910,10.0,29.2,0.53,74.0,daemon,44196.1,195254.3,12393.0,7659.5,100.0,
2025-12-27T07:40:37.621838,0.0,26.3,1.10,48.0,daemon,44196.1,195461.2,12552.0,7817.9,100.0,
2025-12-27T07:41:37.856434,0.0,26.6,0.40,43.0,daemon,44196.1,195552.8,12552.3,7820.5,100.0,
2025-12-27T07:42:38.052165,5.1,27.3,0.46,69.0,daemon,44196.1,195575.0,12552.9,7821.0,100.0,
2025-12-27T07:43:38.264686,3.3,27.3,0.59,57.0,daemon,44196.1,195683.1,12553.1,7821.2,100.0,
2025-12-27T07:44:38.504787,1.7,26.9,0.46,45.0,daemon,44196.1,195721.5,12553.1,7821.2,100.0,
2025-12-27T07:45:38.706390,0.0,26.9,0.34,59.0,daemon,44196.1,195744.2,12553.1,7821.3,100.0,
2025-12-27T07:46:38.942492,0.0,26.9,0.32,41.0,daemon,44196.1,195761.7,12553.2,7821.3,100.0,
2025-12-27T07:47:39.189769,1.7,26.9,0.36,41.0,daemon,44196.1,195774.6,12553.2,7821.3,100.0,
2025-12-27T07:48:39.407927,3.3,27.3,0.43,44.0,daemon,44196.1,195826.5,12553.8,7825.2,100.0,
2025-12-27T07:49:39.640078,3.3,27.6,0.38,43.0,daemon,44196.1,195853.8,12554.6,7831.9,100.0,
2025-12-27T07:50:39.849355,0.0,27.6,0.39,60.0,daemon,44196.1,195881.8,12556.0,7833.5,100.0,
2025-12-27T07:51:40.059182,0.8,27.9,0.52,65.0,daemon,44196.1,195911.5,12558.0,7836.0,100.0,
2025-12-27T07:52:40.260845,0.0,27.6,0.26,61.0,daemon,44196.1,195928.8,12560.3,7838.6,100.0,
2025-12-27T07:53:40.471553,0.8,27.6,0.31,68.0,daemon,44196.1,195946.8,12561.8,7840.3,100.0,
2025-12-27T07:54:40.702923,1.7,27.6,0.34,43.0,daemon,44196.1,195971.4,12564.2,7843.1,100.0,
2025-12-27T07:55:40.910356,8.4,27.9,0.34,65.0,daemon,44196.1,195995.1,12565.5,7844.5,100.0,
2025-12-27T07:56:41.125600,2.5,27.9,0.30,57.0,daemon,44196.1,196032.5,12566.1,7845.2,100.0,
2025-12-27T07:57:41.347852,3.3,27.6,0.44,61.0,daemon,44196.1,196070.0,12566.4,7845.5,100.0,
2025-12-27T07:58:41.577114,3.4,27.6,0.19,45.0,daemon,44196.1,196111.9,12567.2,7846.5,100.0,
2025-12-27T07:59:41.800935,0.8,27.6,0.41,56.0,daemon,44196.1,196125.5,12567.8,7847.1,100.0,
2025-12-27T08:00:42.028458,0.8,27.6,0.39,57.0,daemon,44196.1,196147.7,12568.8,7848.3,100.0,
2025-12-27T08:01:42.242828,2.5,27.9,0.20,59.0,daemon,44196.1,196169.4,12570.4,7850.1,100.0,
2025-12-27T08:02:42.465226,1.7,26.9,0.31,57.0,daemon,44196.1,196191.1,12571.2,7851.0,100.0,
2025-12-27T08:03:42.696573,5.8,27.3,0.68,62.0,daemon,44196.1,196246.2,12571.7,7851.1,100.0,
2025-12-27T08:04:42.914825,3.3,27.3,0.87,66.0,daemon,44196.1,196332.9,12572.9,7861.6,100.0,
2025-12-27T08:05:43.145544,6.7,27.3,0.87,67.0,daemon,44196.1,196397.6,12573.2,7863.3,100.0,
2025-12-27T08:06:43.365652,6.7,27.3,0.62,59.0,daemon,44196.1,196446.9,12575.5,7863.5,100.0,
2025-12-27T08:07:43.579475,3.3,26.6,0.59,69.0,daemon,44196.1,196506.2,12575.7,7863.6,100.0,
2025-12-27T08:08:43.794890,0.0,26.6,0.81,55.0,daemon,44196.1,196614.2,12575.9,7863.7,100.0,
2025-12-27T08:09:44.016201,4.1,26.6,0.53,60.0,daemon,44196.1,196644.3,12577.5,7865.1,100.0,
2025-12-27T08:10:44.234655,4.1,26.6,0.29,60.0,daemon,44196.1,196668.7,12577.8,7866.5,100.0,
2025-12-27T08:11:44.450186,1.7,26.6,0.27,61.0,daemon,44196.1,196694.6,12578.7,7871.9,100.0,
2025-12-27T08:12:44.666272,3.4,26.6,0.52,60.0,daemon,44196.1,196711.7,12578.9,7873.2,100.0,
2025-12-27T08:13:44.886929,9.1,26.6,0.34,62.0,daemon,44196.1,196749.5,12579.9,7874.7,100.0,
2025-12-27T08:14:45.104288,0.8,26.6,0.27,49.0,daemon,44196.1,196820.1,12580.4,7874.8,100.0,
2025-12-27T08:15:45.345051,1.7,26.9,0.31,44.0,daemon,44196.1,196862.9,12580.5,7874.8,100.0,
2025-12-27T08:16:45.581973,0.8,26.6,0.94,45.0,daemon,44196.5,196901.7,12580.7,7875.3,100.0,
2025-12-27T08:17:45.822696,0.8,26.9,0.61,44.0,daemon,44197.1,196968.7,12580.7,7875.9,100.0,
2025-12-27T08:18:46.040871,5.1,26.6,0.64,52.0,daemon,44197.8,197022.1,12580.9,7876.7,100.0,
2025-12-27T08:19:46.285944,3.4,26.9,0.38,45.0,daemon,44198.5,197079.0,12581.0,7877.4,100.0,
2025-12-27T08:20:46.511798,6.6,27.3,0.68,62.0,daemon,44267.0,197219.3,12581.3,7880.2,100.0,
2025-12-27T08:21:46.724345,0.0,27.6,0.51,59.0,daemon,44270.7,197279.9,12581.3,7882.2,100.0,
2025-12-27T08:22:46.928259,2.5,27.6,0.40,61.0,daemon,44271.3,197324.2,12581.3,7882.2,100.0,
2025-12-27T08:23:47.152890,0.0,27.6,0.21,41.0,daemon,44273.3,197349.3,12581.4,7882.2,100.0,
2025-12-27T08:24:47.374445,0.0,27.6,0.50,43.0,daemon,44273.7,197385.3,12581.5,7882.3,100.0,
2025-12-27T08:25:47.614586,0.8,27.6,0.35,46.0,daemon,44274.3,197433.5,12581.5,7882.3,100.0,
2025-12-27T08:26:47.831172,2.5,27.6,0.66,53.0,daemon,44274.3,197479.6,12581.6,7882.4,100.0,
2025-12-27T08:27:48.019859,1.7,27.6,0.39,62.0,daemon,44274.8,197508.2,12581.7,7882.4,100.0,
2025-12-27T08:28:48.226124,2.5,27.9,0.18,64.0,daemon,44277.9,197550.0,12581.8,7882.9,100.0,
2025-12-27T08:29:48.452055,4.2,27.6,0.41,44.0,daemon,44277.9,197575.0,12582.5,7883.6,100.0,
2025-12-27T08:30:48.673089,6.6,27.6,0.23,42.0,daemon,44277.9,197600.7,12582.7,7883.9,100.0,
2025-12-27T08:31:48.871796,1.7,27.9,0.35,61.0,daemon,44279.3,197660.9,12582.8,7883.9,100.0,
2025-12-27T08:32:49.101656,4.2,27.9,0.55,68.0,daemon,44284.5,197766.5,12582.9,7884.1,100.0,
2025-12-27T08:33:49.317249,5.8,27.6,1.01,65.0,daemon,44284.6,197793.9,12583.3,7886.3,100.0,
2025-12-27T08:34:49.534807,4.2,27.9,1.23,64.0,daemon,44284.6,197849.0,12606.6,7914.6,100.0,
2025-12-27T08:35:49.775151,3.3,27.9,0.78,49.0,daemon,44284.6,197954.9,12607.3,7916.5,100.0,
2025-12-27T08:36:50.015291,0.8,27.9,1.15,45.0,daemon,44284.6,198049.1,12607.8,7919.3,100.0,
2025-12-27T08:37:50.224548,0.8,27.9,0.77,66.0,daemon,44284.6,198078.6,12608.0,7921.0,100.0,
2025-12-27T08:38:50.468664,8.4,27.9,0.60,48.0,daemon,44284.6,198151.5,12608.7,7921.1,100.0,
2025-12-27T08:39:50.697128,5.9,27.9,1.30,70.0,daemon,44284.6,198211.0,12609.2,7922.8,100.0,
2025-12-27T08:40:50.911064,0.8,27.9,1.00,62.0,daemon,44284.6,198275.9,12612.9,7926.0,100.0,
2025-12-27T08:41:51.132953,6.7,26.6,0.83,48.0,daemon,44284.6,198359.9,12613.6,7926.1,100.0,
2025-12-27T08:42:51.362274,9.3,26.6,0.56,51.0,daemon,44284.6,198385.0,12614.1,7933.1,100.0,
2025-12-27T08:43:51.591801,12.5,26.3,1.29,65.0,daemon,44284.6,198416.4,12614.9,7944.5,100.0,
2025-12-27T08:44:51.812805,2.5,25.6,0.72,62.0,daemon,44284.6,198447.4,12615.4,7951.8,100.0,
2025-12-27T08:45:52.030535,7.4,26.0,0.56,49.0,daemon,44284.6,198464.4,12615.8,7957.6,100.0,
2025-12-27T08:46:52.228915,5.8,25.6,0.63,66.0,daemon,44284.6,198487.5,12616.6,7979.5,100.0,
2025-12-27T08:47:52.466482,6.7,25.0,0.67,49.0,daemon,44284.6,198513.0,12616.9,7988.9,100.0,
2025-12-27T08:48:52.687045,0.8,25.0,0.66,61.0,daemon,44284.6,198579.4,12617.5,7995.1,100.0,
2025-12-27T08:49:52.905765,2.5,24.7,0.47,62.0,daemon,44284.6,198607.8,12617.9,7999.7,100.0,
2025-12-27T08:50:53.150294,3.3,24.7,0.51,45.0,daemon,44284.6,198630.1,12617.9,7999.7,100.0,
2025-12-27T08:51:53.394259,5.0,25.0,0.28,45.0,daemon,44284.6,198648.9,12617.9,7999.7,100.0,
2025-12-27T08:52:53.630684,4.1,24.7,0.34,50.0,daemon,44284.6,198685.2,12618.4,8001.4,100.0,
2025-12-27T08:53:53.846246,0.8,25.0,0.20,60.0,daemon,44284.6,198755.5,12618.7,8003.0,100.0,
2025-12-27T08:54:54.061268,0.8,24.7,0.07,55.0,daemon,44284.6,198771.7,12618.8,8003.0,100.0,
2025-12-27T08:55:54.280610,0.0,25.0,0.09,53.0,daemon,44284.6,198785.9,12618.8,8003.0,100.0,
2025-12-27T08:56:54.499821,0.0,24.7,0.03,55.0,daemon,44284.6,198803.9,12618.9,8003.1,100.0,
2025-12-27T08:57:54.745231,0.0,25.0,0.01,40.0,daemon,44284.6,198826.2,12618.9,8003.1,100.0,
2025-12-27T08:58:54.981938,0.8,24.7,0.00,52.0,daemon,44284.6,198843.8,12618.9,8003.1,100.0,
2025-12-27T08:59:55.218259,0.0,25.0,0.00,40.0,daemon,44284.6,198863.1,12619.0,8003.2,100.0,
2025-12-27T09:00:55.451432,0.8,25.3,0.29,53.0,daemon,44284.7,198876.7,12619.4,8003.4,100.0,
2025-12-27T09:01:55.689853,0.0,25.3,0.33,44.0,daemon,44284.7,198930.9,12620.2,8003.5,100.0,
2025-12-27T09:02:55.907097,10.7,25.0,0.73,64.0,daemon,44284.7,198965.3,12623.6,8003.6,100.0,
2025-12-27T09:03:56.126406,3.3,26.0,0.83,61.0,daemon,44284.7,199019.6,12623.9,8003.9,100.0,
2025-12-27T09:04:56.361683,2.5,26.0,0.98,41.0,daemon,44284.7,199071.8,12624.5,8004.5,100.0,
2025-12-27T09:05:56.549814,8.5,26.0,0.59,65.0,daemon,44284.7,199228.3,12624.6,8004.5,100.0,
2025-12-27T09:06:56.771311,5.8,25.6,0.21,60.0,daemon,44284.7,199257.7,12624.6,8004.5,100.0,
2025-12-27T09:07:56.984169,9.2,25.6,0.08,53.0,daemon,44284.7,199283.2,12624.7,8004.5,100.0,
2025-12-27T09:08:57.180287,0.8,25.3,0.20,57.0,daemon,44284.7,199313.2,12624.8,8004.6,100.0,
2025-12-27T09:09:57.392255,0.0,25.3,0.17,56.0,daemon,44284.7,199325.0,12624.8,8004.6,100.0,
2025-12-27T09:10:57.607230,0.8,25.3,0.29,56.0,daemon,44284.7,199345.2,12624.8,8004.6,100.0,
2025-12-27T09:11:57.823988,1.7,26.3,0.52,62.0,daemon,44284.7,199382.1,12625.5,8005.4,100.0,
2025-12-27T09:12:58.034242,0.0,26.3,0.23,60.0,daemon,44284.7,199422.7,12626.8,8006.8,100.0,
2025-12-27T09:13:58.248181,0.0,25.6,0.21,57.0,daemon,44284.7,199450.0,12628.1,8008.3,100.0,
2025-12-27T09:14:58.481594,3.4,25.0,0.22,43.0,daemon,44284.7,199510.2,12629.2,8008.4,100.0,
2025-12-27T09:15:58.716727,0.8,25.0,0.37,45.0,daemon,44284.7,199569.2,12629.5,8011.6,100.0,
2025-12-27T09:16:58.960760,4.9,25.0,0.13,41.0,daemon,44284.7,199594.3,12629.9,8011.6,100.0,
2025-12-27T09:17:59.198082,2.5,25.0,0.40,43.0,daemon,44284.7,199637.6,12630.0,8011.7,100.0,
2025-12-27T09:18:59.444258,1.7,25.3,0.50,62.0,daemon,44284.7,199671.7,12630.4,8018.1,100.0,
2025-12-27T09:19:59.676196,0.8,25.0,0.35,55.0,daemon,44284.7,199691.6,12630.7,8019.8,100.0,
2025-12-27T09:20:59.891584,0.0,25.0,0.16,55.0,daemon,44284.7,199710.6,12630.8,8019.8,100.0,
2025-12-27T09:22:00.116240,0.8,25.0,0.06,55.0,daemon,44284.7,199725.2,12630.8,8019.8,100.0,
2025-12-27T09:23:00.331274,0.8,24.0,0.21,60.0,daemon,44284.7,199739.5,12630.9,8019.8,100.0,
2025-12-27T09:24:00.543046,0.8,24.0,0.37,60.0,daemon,44284.7,199765.7,12631.0,8019.9,100.0,
2025-12-27T09:25:00.768596,4.2,24.0,0.34,45.0,daemon,44284.7,199785.8,12631.2,8019.9,100.0,
2025-12-27T09:26:00.979947,0.8,24.7,0.60,60.0,daemon,44284.7,199843.1,12631.4,8020.4,100.0,
2025-12-27T09:27:01.208863,4.2,25.0,0.47,52.0,daemon,44284.7,199866.6,12632.2,8022.5,100.0,
2025-12-27T09:28:01.433031,1.7,24.4,0.17,59.0,daemon,44284.7,199888.7,12632.2,8022.6,100.0,
2025-12-27T09:29:01.675487,0.8,24.7,0.40,45.0,daemon,44284.7,199918.7,12633.1,8024.1,100.0,
2025-12-27T09:30:01.918441,0.8,24.7,0.25,43.0,daemon,44284.7,199943.9,12633.2,8024.2,100.0,
2025-12-27T09:31:02.145964,3.3,25.0,0.09,61.0,daemon,44284.7,199967.5,12633.3,8024.2,100.0,
2025-12-27T09:32:02.385964,0.0,24.7,0.32,43.0,daemon,44284.7,199983.7,12633.4,8024.3,100.0,
2025-12-27T09:33:02.627226,0.0,24.7,0.24,40.0,daemon,44284.7,200007.9,12633.4,8024.3,100.0,
2025-12-27T09:34:02.865482,1.7,24.7,0.13,42.0,daemon,44284.7,200025.1,12633.5,8024.3,100.0,
2025-12-27T09:35:03.102055,2.5,25.0,0.54,56.0,daemon,44284.7,200046.1,12633.7,8027.5,100.0,
2025-12-27T09:36:03.318238,5.9,25.3,0.91,66.0,daemon,44284.7,200156.4,12651.3,8033.2,100.0,
2025-12-27T09:37:03.554545,7.6,25.0,0.94,65.0,daemon,44284.7,200266.9,12651.9,8036.6,100.0,
2025-12-27T09:38:03.771736,2.5,25.0,0.80,59.0,daemon,44284.7,200309.3,12651.9,8036.6,100.0,
2025-12-27T09:39:03.987320,3.3,25.0,0.55,62.0,daemon,44284.7,200343.6,12652.0,8036.6,100.0,
2025-12-27T09:40:04.222364,0.0,25.3,0.33,44.0,daemon,44284.7,200371.3,12652.0,8036.6,100.0,
2025-12-27T09:41:04.455743,0.0,25.0,0.59,55.0,daemon,44284.7,200408.4,12653.3,8050.5,100.0,
2025-12-27T09:42:04.691036,2.5,25.0,0.73,45.0,daemon,44284.7,200531.6,12676.2,8073.3,100.0,
2025-12-27T09:43:04.920868,11.0,25.0,0.70,59.0,daemon,44284.7,200554.6,12676.3,8075.2,100.0,
2025-12-27T09:44:05.151226,2.5,25.0,0.71,44.0,daemon,44284.7,200573.1,12676.8,8081.0,100.0,
2025-12-27T09:45:05.386601,7.6,25.0,0.60,47.0,daemon,44284.7,200601.3,12677.1,8084.9,100.0,
2025-12-27T09:46:05.624671,5.8,26.0,0.75,55.0,daemon,44284.7,200699.2,12681.3,8085.2,100.0,
2025-12-27T09:47:05.867259,4.1,26.0,0.56,47.0,daemon,44284.7,200834.9,12682.5,8085.3,100.0,
2025-12-27T09:48:06.112216,3.3,26.0,1.05,62.0,daemon,44284.7,200895.1,12682.6,8085.4,100.0,
2025-12-27T09:49:06.349701,0.8,25.3,0.96,44.0,daemon,44284.7,200980.7,12683.8,8085.7,100.0,
2025-12-27T09:50:06.592577,1.7,27.9,0.47,86.0,daemon,44284.7,201014.7,12684.1,8086.2,100.0,
2025-12-27T09:51:06.830487,1.7,25.3,1.07,48.0,daemon,44284.7,201241.8,12820.4,8221.9,100.0,
2025-12-27T09:52:07.055376,14.2,26.0,0.77,72.0,daemon,44284.7,201293.4,12821.2,8223.2,100.0,
2025-12-27T09:53:07.280681,13.3,27.3,0.63,55.0,daemon,44284.8,201340.0,12844.2,8247.7,100.0,
2025-12-27T09:54:07.488292,51.7,28.6,2.02,99.0,daemon,44284.8,201551.3,13081.2,8484.4,100.0,
2025-12-27T09:55:07.713943,2.5,25.3,0.91,50.0,daemon,44284.8,201660.5,13118.4,8522.5,100.0,
2025-12-27T09:56:07.937880,0.8,26.3,0.83,55.0,daemon,44284.8,201703.2,13155.8,8560.1,100.0,
2025-12-27T09:57:08.149428,0.0,25.6,0.51,47.0,daemon,44284.8,201810.1,13156.5,8560.7,100.0,
2025-12-27T09:58:08.383285,11.7,25.6,0.50,60.0,daemon,44284.8,201930.0,13156.6,8560.8,100.0,
2025-12-27T09:59:08.601749,0.0,25.6,0.57,57.0,daemon,44284.8,201956.4,13156.7,8560.8,100.0,
2025-12-27T10:00:08.819949,0.0,25.6,0.43,59.0,daemon,44284.8,201979.6,13157.0,8564.6,100.0,
2025-12-27T10:01:09.040195,3.3,25.6,0.32,59.0,daemon,44284.8,201999.7,13157.0,8564.7,100.0,
2025-12-27T10:02:09.284195,0.0,25.6,0.47,41.0,daemon,44284.8,202015.4,13157.2,8566.6,100.0,
2025-12-27T10:03:09.500090,8.3,26.0,0.29,64.0,daemon,44284.8,202032.0,13157.4,8566.7,100.0,
2025-12-27T10:04:09.738197,0.8,26.0,0.10,44.0,daemon,44284.8,202051.2,13157.5,8566.7,100.0,
2025-12-27T10:05:09.943304,1.7,26.0,0.34,62.0,daemon,44284.8,202086.7,13158.0,8566.8,100.0,
2025-12-27T10:06:10.165486,0.0,26.0,0.65,59.0,daemon,44284.8,202133.6,13158.1,8566.9,100.0,
2025-12-27T10:07:10.358242,0.8,26.0,0.27,57.0,daemon,44284.8,202155.3,13158.4,8566.9,100.0,
2025-12-27T10:08:10.567739,0.8,26.0,0.20,51.0,daemon,44284.8,202188.1,13158.5,8567.0,100.0,
2025-12-27T10:09:10.802066,0.0,26.0,0.15,57.0,daemon,44284.8,202217.9,13158.7,8568.9,100.0,
2025-12-27T10:10:11.013748,0.0,26.0,0.09,56.0,daemon,44284.8,202245.4,13158.8,8569.0,100.0,
2025-12-27T10:11:11.246615,2.5,26.0,0.03,41.0,daemon,44284.8,202264.2,13158.9,8569.0,100.0,
2025-12-27T10:12:11.458043,2.5,26.0,0.16,57.0,daemon,44284.8,202284.7,13158.9,8569.0,100.0,
2025-12-27T10:13:11.678602,0.8,26.0,0.25,55.0,daemon,44284.8,202303.3,13159.1,8571.0,100.0,
2025-12-27T10:14:11.915772,2.5,26.0,0.17,44.0,daemon,44284.8,202318.8,13159.3,8573.0,100.0,
2025-12-27T10:15:12.154775,3.3,26.0,0.25,37.0,daemon,44284.8,202336.4,13159.4,8573.0,100.0,
2025-12-27T10:16:12.396080,0.0,26.0,0.09,41.0,daemon,44284.8,202355.1,13159.6,8575.0,100.0,
2025-12-27T10:17:12.631470,5.0,26.0,0.03,41.0,daemon,44284.8,202378.0,13159.7,8575.1,100.0,
2025-12-27T10:18:12.861746,4.2,26.3,0.20,60.0,daemon,44284.8,202417.8,13159.9,8577.0,100.0,
2025-12-27T10:19:13.084030,0.8,26.0,0.32,45.0,daemon,44284.8,202449.9,13160.4,8577.8,100.0,
2025-12-27T10:20:13.328519,1.7,26.0,0.44,43.0,daemon,44284.8,202471.1,13160.9,8578.4,100.0,
2025-12-27T10:21:13.544578,0.8,26.0,0.38,56.0,daemon,44284.8,202488.7,13161.2,8579.1,100.0,
2025-12-27T10:22:13.785396,4.1,25.6,0.17,43.0,daemon,44284.8,202513.0,13161.6,8579.2,100.0,
2025-12-27T10:23:14.016911,0.8,25.3,0.20,43.0,daemon,44284.9,202639.0,13161.7,8579.2,100.0,
2025-12-27T10:24:14.252570,0.0,25.6,0.23,43.0,daemon,44284.9,202657.7,13161.7,8579.2,100.0,
2025-12-27T10:25:14.491012,0.0,25.3,0.25,41.0,daemon,44284.9,202675.0,13162.1,8579.9,100.0,
2025-12-27T10:26:14.730454,1.7,25.6,0.09,41.0,daemon,44284.9,202693.8,13162.1,8579.9,100.0,
2025-12-27T10:27:14.971265,0.0,25.6,0.21,40.0,daemon,44284.9,202714.8,13162.2,8580.0,100.0,
2025-12-27T10:28:15.203576,0.0,26.0,0.14,56.0,daemon,44284.9,202734.6,13162.2,8580.0,100.0,
2025-12-27T10:29:15.436107,0.8,25.6,0.13,53.0,daemon,44284.9,202751.6,13162.2,8580.0,100.0,
2025-12-27T10:30:15.668795,1.7,26.0,0.33,49.0,daemon,44284.9,202774.5,13162.3,8580.0,100.0,
2025-12-27T10:31:15.882872,0.0,25.6,0.16,57.0,daemon,44284.9,202786.2,13162.3,8580.0,100.0,
2025-12-27T10:32:16.098988,0.0,25.6,0.10,40.0,daemon,44284.9,202802.9,13162.3,8580.1,100.0,
2025-12-27T10:33:16.323321,1.7,25.6,0.22,55.0,daemon,44284.9,202823.6,13162.4,8580.1,100.0,
2025-12-27T10:34:16.568095,0.0,25.6,0.29,43.0,daemon,44284.9,202848.7,13162.9,8580.8,100.0,
2025-12-27T10:35:16.814660,0.0,25.6,0.23,40.0,daemon,44284.9,202868.5,13162.9,8580.9,100.0,
2025-12-27T10:36:17.069159,0.0,25.6,0.20,37.0,daemon,44284.9,202882.8,13163.0,8580.9,100.0,
2025-12-27T10:37:17.308006,0.8,25.6,0.07,40.0,daemon,44284.9,202905.2,13163.0,8580.9,100.0,
2025-12-27T10:38:17.526422,2.5,25.3,0.10,43.0,daemon,44284.9,202922.4,13163.0,8580.9,100.0,
2025-12-27T10:39:17.761570,0.0,25.3,0.16,41.0,daemon,44284.9,202944.8,13163.4,8581.7,100.0,
2025-12-27T10:40:17.993367,0.8,25.3,0.06,52.0,daemon,44284.9,202952.7,13163.5,8581.7,100.0,
2025-12-27T10:41:18.209373,2.5,25.6,0.23,68.0,daemon,44284.9,203006.1,13165.7,8581.9,100.0,
2025-12-27T10:42:18.416006,41.3,26.9,0.48,87.0,daemon,44286.1,203108.9,13167.4,8583.2,100.0,
2025-12-27T10:43:18.656293,2.5,26.9,0.72,44.0,daemon,44286.1,203161.8,13168.2,8583.7,100.0,
2025-12-27T10:44:18.887379,0.8,26.6,0.30,41.0,daemon,44286.1,203189.3,13168.8,8583.9,100.0,
2025-12-27T10:45:19.121689,0.0,27.3,0.16,43.0,daemon,44286.2,203215.7,13169.6,8584.0,100.0,
2025-12-27T10:46:19.346208,3.3,26.9,0.32,51.0,daemon,44286.3,203243.9,13170.9,8586.4,100.0,
2025-12-27T10:47:19.584119,0.0,26.9,0.62,45.0,daemon,44286.3,203274.5,13172.2,8588.0,100.0,
2025-12-27T10:48:19.793791,20.8,26.9,0.53,68.0,daemon,44286.8,203318.6,13173.6,8590.7,100.0,
2025-12-27T10:49:20.028486,5.0,26.6,0.33,44.0,daemon,44484.5,203408.3,13174.8,8592.9,100.0,
2025-12-27T10:50:20.256493,1.7,26.6,0.27,60.0,daemon,44484.5,203435.1,13175.5,8593.1,100.0,
2025-12-27T10:51:20.459378,2.5,26.9,0.18,59.0,daemon,44484.5,203457.2,13176.1,8593.3,100.0,
2025-12-27T10:52:20.667629,15.7,27.3,0.53,80.0,daemon,44484.5,203546.8,13177.8,8596.6,100.0,
2025-12-27T10:53:20.873670,9.1,26.9,0.44,61.0,daemon,44496.9,204643.7,13179.0,8599.3,100.0,
2025-12-27T10:54:21.087963,3.3,26.6,0.34,57.0,daemon,44496.9,204666.6,13179.6,8599.4,100.0,
2025-12-27T10:55:21.311522,0.8,26.9,0.12,57.0,daemon,44496.9,204685.1,13180.6,8600.3,100.0,
2025-12-27T10:56:21.527619,1.7,27.3,0.26,61.0,daemon,44496.9,204715.3,13181.8,8603.2,100.0,
2025-12-27T10:57:21.756627,6.6,26.9,0.48,47.0,daemon,44496.9,204743.6,13183.1,8606.5,100.0,
2025-12-27T10:58:21.981439,3.3,26.9,0.28,60.0,daemon,44545.3,204911.5,13183.7,8606.6,100.0,
2025-12-27T10:59:22.188111,0.8,26.9,0.26,59.0,daemon,44545.3,205084.6,13184.3,8606.7,100.0,
2025-12-27T11:00:22.415714,0.0,27.3,0.25,57.0,daemon,44545.3,205195.3,13184.9,8606.9,100.0,
2025-12-27T11:01:22.642499,1.6,26.9,0.12,41.0,daemon,44545.3,205220.2,13185.6,8607.0,100.0,
2025-12-27T11:02:22.863346,9.2,26.9,0.16,63.0,daemon,44545.3,205242.2,13186.3,8607.3,100.0,
2025-12-27T11:03:23.065764,14.0,27.3,0.39,56.0,daemon,44545.3,205267.7,13187.7,8610.5,100.0,
2025-12-27T11:04:23.312164,2.5,26.9,0.38,45.0,daemon,44545.3,205295.1,13188.6,8611.9,100.0,
2025-12-27T11:05:23.541045,8.3,27.9,0.38,47.0,daemon,44545.3,205349.6,13189.7,8612.5,100.0,
2025-12-27T11:06:23.769804,0.8,27.6,0.23,44.0,daemon,44545.3,205440.7,13190.4,8612.6,100.0,
2025-12-27T11:07:24.011664,1.7,27.9,0.42,61.0,daemon,44545.4,205483.6,13191.5,8614.2,100.0,
2025-12-27T11:08:24.245886,7.5,27.9,1.06,59.0,daemon,44566.2,205719.1,13198.1,8616.8,100.0,
2025-12-27T11:09:24.463930,0.8,27.6,0.55,62.0,daemon,44566.2,205814.8,13198.7,8617.4,100.0,
2025-12-27T11:10:24.677451,1.7,27.9,0.57,59.0,daemon,44566.2,205839.6,13199.7,8618.4,100.0,
2025-12-27T11:11:24.891907,1.7,27.6,0.52,59.0,daemon,44566.2,205857.3,13200.5,8620.0,100.0,
2025-12-27T11:12:25.114070,0.8,27.9,0.37,60.0,daemon,44566.2,205890.1,13202.0,8623.8,100.0,
2025-12-27T11:13:25.330148,0.0,27.9,0.52,61.0,daemon,44566.2,205917.1,13202.8,8624.9,100.0,
2025-12-27T11:14:25.552988,4.2,27.9,0.38,62.0,daemon,44566.2,205934.8,13203.6,8626.0,100.0,
2025-12-27T11:15:25.772014,6.6,27.9,0.41,60.0,daemon,44566.2,205956.8,13204.6,8628.3,100.0,
2025-12-27T11:16:25.984698,0.0,27.6,0.15,56.0,daemon,44566.2,205979.9,13205.5,8629.4,100.0,
2025-12-27T11:17:26.199849,0.0,27.9,0.09,56.0,daemon,44566.2,206002.0,13206.1,8629.6,100.0,
2025-12-27T11:18:26.405253,10.7,28.6,0.54,89.0,daemon,44566.2,206048.0,13206.7,8629.7,100.0,
2025-12-27T11:19:26.641759,0.8,27.6,0.55,45.0,daemon,44566.2,206065.7,13207.3,8629.9,100.0,
2025-12-27T11:20:26.869370,1.7,27.9,0.35,61.0,daemon,44566.2,206132.3,13208.9,8630.1,100.0,
2025-12-27T11:21:27.091142,0.8,27.9,0.29,60.0,daemon,44566.2,206190.6,13209.5,8630.2,100.0,
2025-12-27T11:22:27.330882,0.0,27.9,0.10,45.0,daemon,44566.2,206224.3,13210.6,8630.4,100.0,
2025-12-27T11:23:27.566014,8.3,27.9,0.09,60.0,daemon,44566.2,206247.7,13211.2,8630.5,100.0,
2025-12-27T11:24:27.772040,0.8,28.2,0.18,59.0,daemon,44566.2,206257.8,13211.9,8630.7,100.0,
2025-12-27T11:25:27.984804,0.8,28.6,0.24,57.0,daemon,44566.2,206275.8,13214.2,8632.8,100.0,
2025-12-27T11:26:28.219728,0.8,28.9,0.09,44.0,daemon,44566.2,206298.8,13223.4,8641.6,100.0,
2025-12-27T11:27:28.470648,6.7,29.2,0.32,45.0,daemon,44566.2,206359.0,13225.0,8642.9,100.0,
2025-12-27T11:28:28.656516,3.3,29.2,0.44,64.0,daemon,44566.2,206389.8,13226.7,8644.2,100.0,
2025-12-27T11:29:28.881216,4.2,29.2,0.26,59.0,daemon,44566.2,206413.6,13229.1,8646.5,100.0,
2025-12-27T11:30:29.094040,0.0,29.2,0.49,61.0,daemon,44566.2,206436.4,13231.6,8648.8,100.0,
2025-12-27T11:31:29.310260,4.2,29.2,0.33,60.0,daemon,44566.2,206464.6,13234.0,8650.9,100.0,
2025-12-27T11:32:29.552911,5.9,29.2,0.40,47.0,daemon,44566.2,206489.8,13235.1,8651.5,100.0,
2025-12-27T11:33:29.800229,0.8,29.2,0.66,42.0,daemon,44566.2,206514.9,13237.8,8654.0,100.0,
2025-12-27T11:34:30.033186,0.8,29.2,0.73,44.0,daemon,44566.2,206538.1,13238.6,8654.4,100.0,
2025-12-27T11:35:30.271487,0.0,29.2,0.45,41.0,daemon,44566.2,206561.3,13239.4,8654.6,100.0,
2025-12-27T11:36:30.494392,4.1,29.2,0.34,47.0,daemon,44566.2,206584.6,13240.9,8655.6,100.0,
2025-12-27T11:37:30.725092,1.7,29.2,0.16,48.0,daemon,44566.2,206607.6,13242.8,8657.3,100.0,
2025-12-27T11:38:30.940909,4.1,29.2,0.29,61.0,daemon,44566.2,206633.2,13243.6,8657.7,100.0,
2025-12-27T11:39:31.155509,0.8,29.2,0.44,53.0,daemon,44566.2,206659.3,13246.1,8660.0,100.0,
2025-12-27T11:40:31.402404,0.0,29.2,0.42,43.0,daemon,44566.2,206683.3,13249.1,8662.8,100.0,
2025-12-27T11:41:31.645203,1.7,29.2,0.38,44.0,daemon,44566.2,206708.0,13253.3,8666.8,100.0,
2025-12-27T11:42:31.888815,5.8,29.5,0.28,48.0,daemon,44566.2,206736.6,13256.9,8670.3,100.0,
2025-12-27T11:43:32.101978,9.2,29.5,0.17,64.0,daemon,44566.2,206765.0,13260.3,8673.4,100.0,
2025-12-27T11:44:32.339739,2.5,29.5,0.33,47.0,daemon,44566.2,206790.9,13264.5,8677.5,100.0,
2025-12-27T11:45:32.569843,6.6,29.2,0.21,45.0,daemon,44566.2,206817.2,13266.7,8679.2,100.0,
2025-12-27T11:46:32.788241,5.0,29.2,0.41,62.0,daemon,44566.2,206839.7,13271.1,8683.4,100.0,
2025-12-27T11:47:33.017185,1.7,27.9,0.52,45.0,daemon,44566.2,206870.8,13273.0,8684.9,100.0,
2025-12-27T11:48:33.258567,0.0,28.2,0.67,43.0,daemon,44566.2,206921.8,13274.0,8686.6,100.0,
2025-12-27T11:49:33.485988,4.2,28.2,0.24,50.0,daemon,44566.2,206949.5,13274.7,8687.3,100.0,
2025-12-27T11:50:33.699814,1.7,28.6,0.43,50.0,daemon,44566.2,206973.3,13276.1,8690.6,100.0,
2025-12-27T11:51:33.933453,0.0,28.2,0.19,41.0,daemon,44566.2,206985.3,13276.9,8690.8,100.0,
2025-12-27T11:52:34.166071,0.8,28.6,0.10,43.0,daemon,44566.2,207011.8,13277.9,8691.0,100.0,
2025-12-27T11:53:34.402224,0.8,28.2,0.21,41.0,daemon,44566.2,207031.3,13278.5,8691.1,100.0,
2025-12-27T11:54:34.632344,0.8,28.2,0.25,44.0,daemon,44566.2,207049.1,13279.1,8691.3,100.0,
2025-12-27T11:55:34.857496,0.0,28.2,0.32,56.0,daemon,44566.2,207065.4,13279.7,8691.4,100.0,
2025-12-27T11:56:35.078651,2.5,28.2,0.11,51.0,daemon,44566.2,207086.6,13280.5,8692.1,100.0,
2025-12-27T11:57:35.297576,0.0,28.2,1.83,51.0,daemon,44566.2,207117.6,13282.1,8696.0,100.0,
2025-12-27T11:58:35.538543,0.0,27.9,0.82,52.0,daemon,44566.2,207139.2,13282.7,8696.1,100.0,
2025-12-27T11:59:35.778107,3.3,28.2,0.39,45.0,daemon,44566.2,207151.0,13283.6,8698.6,100.0,
2025-12-27T12:00:35.999367,0.8,27.9,0.25,50.0,daemon,44566.2,207172.8,13284.3,8698.8,100.0,
2025-12-27T12:01:36.228639,0.0,28.2,0.56,52.0,daemon,44566.2,207200.1,13285.0,8698.9,100.0,
2025-12-27T12:02:36.435041,5.8,28.9,0.90,62.0,daemon,44566.2,207224.1,13285.9,8700.3,100.0,
2025-12-27T12:03:36.656680,5.8,28.2,0.52,52.0,daemon,44566.2,207247.4,13287.1,8704.1,100.0,
2025-12-27T12:04:36.872557,0.8,28.6,0.42,44.0,daemon,44566.2,207275.4,13288.2,8705.5,100.0,
2025-12-27T12:05:37.093258,4.1,28.9,0.71,59.0,daemon,44566.2,207293.2,13290.6,8707.5,100.0,
2025-12-27T12:06:37.297205,0.0,28.9,0.30,57.0,daemon,44566.2,207310.9,13291.3,8707.7,100.0,
2025-12-27T12:07:37.496200,0.0,28.9,0.11,59.0,daemon,44566.2,207333.9,13291.9,8707.8,100.0,
2025-12-27T12:08:37.701143,0.0,28.6,0.11,59.0,daemon,44566.2,207366.6,13292.7,8708.0,100.0,
2025-12-27T12:09:37.920808,0.8,28.6,0.04,59.0,daemon,44566.2,207395.3,13293.4,8708.1,100.0,
2025-12-27T12:10:38.123424,0.0,28.6,0.06,56.0,daemon,44566.2,207417.7,13294.1,8708.3,100.0,
2025-12-27T12:11:38.329613,0.0,28.6,0.02,56.0,daemon,44566.2,207439.6,13294.8,8708.4,100.0,
2025-12-27T12:12:38.549134,0.8,28.6,0.25,50.0,daemon,44566.2,207459.1,13295.4,8708.6,100.0,
2025-12-27T12:13:38.787939,0.8,28.6,0.12,39.0,daemon,44566.2,207472.5,13296.1,8708.7,100.0,
2025-12-27T12:14:39.032419,1.7,28.6,0.04,40.0,daemon,44566.2,207493.2,13296.7,8708.9,100.0,
2025-12-27T12:15:39.266743,0.0,28.6,0.22,40.0,daemon,44566.2,207513.7,13297.3,8709.0,100.0,
2025-12-27T12:16:39.510064,1.7,28.6,0.08,40.0,daemon,44566.2,207533.7,13298.0,8709.2,100.0,
2025-12-27T12:17:39.749514,3.3,28.6,0.52,44.0,daemon,44566.2,207577.6,13298.7,8709.4,100.0,
2025-12-27T12:18:39.961076,5.0,28.6,0.51,47.0,daemon,44566.2,207607.7,13299.8,8710.8,100.0,
2025-12-27T12:19:40.197587,2.5,28.9,0.24,44.0,daemon,44566.2,207633.5,13300.7,8713.5,100.0,
2025-12-27T12:20:40.412351,3.4,28.9,0.23,45.0,daemon,44566.2,207658.2,13302.4,8717.2,100.0,
2025-12-27T12:21:40.655989,0.0,28.6,0.40,47.0,daemon,44566.2,207672.0,13303.2,8718.7,100.0,
2025-12-27T12:22:40.879492,2.5,28.9,0.33,43.0,daemon,44566.2,207694.1,13304.2,8720.2,100.0,
2025-12-27T12:23:41.117341,3.3,29.2,0.12,41.0,daemon,44566.2,207714.3,13304.9,8720.4,100.0,
2025-12-27T12:24:41.340165,3.4,28.9,0.25,57.0,daemon,44566.2,207733.8,13305.9,8723.4,100.0,
2025-12-27T12:25:41.559064,0.8,28.6,0.16,56.0,daemon,44566.2,207752.6,13306.9,8724.9,100.0,
2025-12-27T12:26:41.794826,0.8,28.9,0.38,47.0,daemon,44566.2,207773.7,13307.8,8726.4,100.0,
2025-12-27T12:27:42.033686,1.7,27.9,0.21,40.0,daemon,44566.2,207795.1,13308.6,8728.2,100.0,
2025-12-27T12:28:42.273171,5.8,27.9,0.23,44.0,daemon,44570.4,207821.5,13309.3,8728.4,100.0,
2025-12-27T12:29:42.481736,4.2,28.2,0.32,47.0,daemon,44570.4,207844.3,13310.8,8729.4,100.0,
2025-12-27T12:30:42.724174,1.7,28.2,0.23,43.0,daemon,44570.4,207870.4,13314.9,8733.1,100.0,
2025-12-27T12:31:42.952522,8.4,28.2,0.44,43.0,daemon,44570.4,207895.8,13317.0,8734.8,100.0,
2025-12-27T12:32:43.181187,0.0,28.2,0.52,44.0,daemon,44570.4,207912.2,13321.0,8738.4,100.0,
2025-12-27T12:33:43.416449,0.0,28.2,0.36,41.0,daemon,44570.4,207933.3,13323.1,8740.1,100.0,
2025-12-27T12:34:43.658219,0.8,28.2,0.31,43.0,daemon,44570.4,207950.5,13324.7,8741.3,100.0,
2025-12-27T12:35:43.869933,1.7,28.2,0.33,52.0,daemon,44570.4,207967.1,13326.9,8743.1,100.0,
2025-12-27T12:36:44.098598,1.7,27.3,0.41,43.0,daemon,44570.4,207992.8,13328.2,8743.6,100.0,
2025-12-27T12:37:44.341628,0.8,27.3,0.22,41.0,daemon,44570.4,208011.1,13328.8,8743.7,100.0,
2025-12-27T12:38:44.575350,0.0,27.6,0.24,41.0,daemon,44570.4,208031.7,13329.4,8743.9,100.0,
2025-12-27T12:39:44.808317,2.5,27.6,0.32,45.0,daemon,44570.4,208051.7,13330.5,8744.3,100.0,
2025-12-27T12:40:45.039541,0.8,27.6,0.40,60.0,daemon,44570.4,208074.2,13331.2,8744.5,100.0,
2025-12-27T12:41:45.260492,2.5,27.6,0.46,66.0,daemon,44570.4,208096.7,13332.8,8745.8,100.0,
2025-12-27T12:42:45.493700,1.7,27.6,0.53,66.0,daemon,44570.4,208117.9,13334.6,8747.6,100.0,
2025-12-27T12:43:45.718435,2.5,27.6,0.38,62.0,daemon,44570.4,208136.2,13335.4,8748.0,100.0,
2025-12-27T12:44:45.935351,0.0,27.6,0.27,61.0,daemon,44570.4,208153.3,13336.4,8748.2,100.0,
2025-12-27T12:45:46.152096,0.0,27.6,0.10,59.0,daemon,44570.4,208165.3,13337.0,8748.3,100.0,
2025-12-27T12:46:46.371884,1.6,27.6,0.10,59.0,daemon,44570.4,208185.3,13337.6,8748.5,100.0,
2025-12-27T12:47:46.597287,0.8,27.6,0.11,41.0,daemon,44570.4,208225.1,13338.2,8748.6,100.0,
2025-12-27T12:48:46.838205,1.6,27.6,0.08,41.0,daemon,44570.4,208252.3,13338.9,8748.8,100.0,
2025-12-27T12:49:47.075653,0.0,27.6,0.08,41.0,daemon,44570.4,208275.3,13339.5,8748.9,100.0,
2025-12-27T12:50:47.326253,1.7,27.6,0.09,41.0,daemon,44570.4,208292.8,13340.2,8749.1,100.0,
2025-12-27T12:51:47.557601,1.7,27.6,0.11,59.0,daemon,44570.4,208311.9,13340.8,8749.2,100.0,
2025-12-27T12:52:47.767737,0.8,27.6,0.08,57.0,daemon,44570.4,208330.7,13341.3,8749.4,100.0,
2025-12-27T12:53:47.997524,0.8,27.6,0.03,43.0,daemon,44570.4,208346.4,13342.0,8749.5,100.0,
2025-12-27T12:54:48.240489,0.8,27.6,0.01,41.0,daemon,44570.4,208358.3,13342.6,8749.6,100.0,
2025-12-27T12:55:48.483547,0.0,27.6,0.00,43.0,daemon,44570.4,208373.7,13343.2,8749.7,100.0,
2025-12-27T14:21:51.020041,9.1,28.2,0.35,28.0,daemon,44570.4,208492.3,13345.1,8750.7,99.2,
2025-12-27T14:22:51.284973,1.6,27.9,0.56,31.0,daemon,44570.4,208551.0,13345.9,8750.9,99.0,
2025-12-27T14:23:51.543699,1.7,27.9,0.71,35.0,daemon,44570.4,208596.2,13346.6,8751.1,98.8,
2025-12-27T14:24:51.818371,6.7,28.2,0.48,33.0,daemon,44570.4,208632.9,13347.9,8752.0,98.6,
2025-12-27T14:25:52.093874,0.8,28.2,0.38,32.0,daemon,44570.4,208650.4,13348.8,8752.3,98.4,
2025-12-27T14:26:52.376819,4.1,27.9,0.24,32.0,daemon,44570.4,208679.9,13349.8,8752.8,98.2,
2025-12-27T14:27:52.664048,0.0,27.9,0.41,33.0,daemon,44570.4,208712.6,13351.0,8753.5,98.0,
2025-12-27T14:28:52.918911,7.4,28.2,0.41,37.0,daemon,46309.7,208743.1,13354.4,9585.0,97.8,
2025-12-27T14:29:53.151278,21.8,29.5,1.90,46.0,daemon,49385.0,208785.2,13359.9,10988.9,97.4,
2025-12-27T14:30:53.363122,6.8,29.9,1.92,47.0,daemon,66802.5,208869.2,13365.4,12425.2,96.8,
2025-12-27T14:31:53.629210,6.7,29.5,1.90,39.0,daemon,68592.4,208899.3,13370.5,13452.4,96.5,
2025-12-27T14:32:53.914782,6.7,29.5,2.20,37.0,daemon,70475.5,208923.8,13375.4,14410.7,96.2,
2025-12-27T14:33:54.170120,8.4,29.2,3.73,39.0,daemon,72609.0,208952.1,13380.9,15447.9,95.9,
2025-12-27T14:34:54.430376,8.3,29.2,1.88,36.0,daemon,74341.0,208968.5,13385.5,16343.1,95.6,
2025-12-27T14:35:54.698524,0.0,26.9,1.55,37.0,daemon,83335.5,209000.9,13388.8,16926.4,95.2,
2025-12-27T14:36:54.975033,0.8,26.3,0.88,33.0,daemon,83336.4,209060.5,13389.8,16926.6,95.1,
2025-12-27T14:37:55.247453,0.8,27.3,0.68,35.0,daemon,83425.2,209084.7,13390.7,16927.2,94.8,
2025-12-27T14:38:55.525334,14.8,27.3,0.98,37.0,daemon,83425.4,209100.4,13391.8,16928.6,94.6,
2025-12-27T14:39:55.774274,22.7,27.9,0.78,42.0,daemon,83428.7,209127.6,13392.8,16929.7,94.4,
2025-12-27T14:40:56.051511,5.9,27.9,1.19,37.0,daemon,83430.6,209216.0,13393.9,16930.6,94.1,
2025-12-27T14:41:56.323523,6.7,28.2,0.94,38.0,daemon,83431.0,209293.3,13394.6,16931.0,93.9,
2025-12-27T14:42:56.599125,0.0,28.2,0.97,35.0,daemon,83431.1,209346.4,13395.5,16931.6,93.7,
2025-12-27T14:43:56.871138,3.4,28.2,0.83,36.0,daemon,83431.2,209382.0,13396.2,16931.9,93.4,
2025-12-27T14:44:57.148597,6.7,28.2,0.76,37.0,daemon,83431.3,209412.7,13397.0,16932.4,93.2,
2025-12-27T14:45:57.426294,5.0,28.2,1.12,34.0,daemon,83431.3,209444.8,13398.0,16933.4,93.0,
2025-12-27T14:46:57.702787,3.3,27.6,0.92,35.0,daemon,83450.3,209487.3,13398.9,16934.0,92.7,
2025-12-27T14:47:57.977024,4.2,26.6,0.52,33.0,daemon,83457.7,209525.8,13399.6,16934.4,92.5,
2025-12-27T14:48:58.257803,0.0,27.3,0.88,33.0,daemon,83457.8,209546.8,13400.3,16934.6,92.3,
2025-12-27T14:49:58.531543,0.0,26.6,0.42,33.0,daemon,83457.8,209564.3,13400.9,16934.7,92.1,
2025-12-27T14:50:58.805375,6.7,26.9,0.30,34.0,daemon,83458.0,209586.2,13401.6,16934.9,91.9,
2025-12-27T14:51:59.076467,1.7,25.3,0.67,35.0,daemon,83458.0,209641.1,13402.3,16935.1,91.7,
2025-12-27T14:52:59.356441,0.0,25.3,0.51,33.0,daemon,83458.3,209727.5,13402.4,16935.1,91.4,
2025-12-27T14:53:59.635870,0.8,25.3,0.17,32.0,daemon,83458.3,209756.9,13402.4,16935.2,91.3,
2025-12-27T14:54:59.912327,1.6,25.3,0.64,33.0,daemon,83458.3,209791.6,13402.6,16935.2,91.1,
2025-12-27T14:56:00.180998,4.2,25.3,0.44,34.0,daemon,83471.9,209935.6,13459.4,16949.5,90.9,
2025-12-27T14:57:00.462945,7.6,25.0,0.59,35.0,daemon,83472.1,209963.8,13459.8,16949.7,90.7,
2025-12-27T14:58:00.750165,15.0,25.0,0.77,35.0,daemon,83472.1,210009.5,13460.4,16950.0,90.4,
2025-12-27T14:59:01.004894,2.5,25.0,0.40,37.0,daemon,83472.1,210030.1,13460.5,16950.0,90.2,
2025-12-27T15:00:01.275173,8.4,25.0,0.46,35.0,daemon,83472.1,210052.8,13460.5,16950.0,90.1,
2025-12-27T15:01:01.542102,8.4,25.0,0.79,36.0,daemon,83472.1,210086.4,13460.7,16950.2,89.8,
2025-12-27T15:02:01.816110,14.0,25.3,0.44,38.0,daemon,83472.1,210149.6,13462.3,16952.5,89.5,
2025-12-27T15:03:02.104817,3.3,25.3,0.65,35.0,daemon,83472.1,210218.8,13463.1,16953.1,89.2,
2025-12-27T15:04:02.355037,1.7,25.0,0.48,38.0,daemon,83472.1,210243.6,13463.3,16953.1,89.0,
2025-12-27T15:05:02.610307,2.5,25.6,0.25,38.0,daemon,83474.4,210296.4,13463.5,16953.2,88.8,
2025-12-27T15:06:02.891047,0.0,25.0,0.12,33.0,daemon,83474.4,210313.6,13463.6,16953.2,88.6,
2025-12-27T15:07:03.171790,3.3,26.0,0.11,33.0,daemon,83474.4,210327.4,13463.8,16953.3,88.4,
2025-12-27T15:08:03.449641,0.8,25.3,0.08,33.0,daemon,83474.4,210350.4,13463.9,16953.3,88.3,
2025-12-27T15:09:03.729682,1.7,25.6,0.57,34.0,daemon,83474.4,210375.5,13464.1,16953.4,88.0,
2025-12-27T15:10:04.018059,2.5,25.3,0.21,35.0,daemon,83474.4,210399.7,13464.4,16953.9,87.8,
2025-12-27T15:11:04.281029,5.0,25.3,0.31,36.0,daemon,83474.4,210424.4,13465.2,16954.6,87.6,
2025-12-27T15:12:04.562900,5.8,25.0,0.30,36.0,daemon,83474.4,210451.1,13465.8,16955.2,87.4,
2025-12-27T15:13:04.843939,1.7,25.3,0.35,34.0,daemon,83474.4,210474.8,13466.0,16955.2,87.2,
2025-12-27T15:14:05.140652,10.1,25.6,0.39,35.0,daemon,83474.5,210526.2,13467.6,16956.9,86.9,
2025-12-27T15:15:05.399838,0.8,26.0,0.48,38.0,daemon,83474.5,210545.8,13468.0,16957.2,86.7,
2025-12-27T15:16:05.646631,0.8,25.6,0.36,35.0,daemon,83474.5,210558.5,13468.6,16957.7,86.6,
2025-12-27T15:17:05.884594,8.4,25.6,0.27,36.0,daemon,83474.7,210579.3,13468.8,16957.9,86.4,
2025-12-27T15:18:06.157547,7.5,26.0,0.55,35.0,daemon,83474.8,210668.9,13469.1,16958.0,86.1,
2025-12-27T15:19:06.428032,13.6,26.0,0.54,37.0,daemon,83474.9,210786.6,13469.2,16958.1,85.9,
2025-12-27T15:20:06.704773,5.8,25.6,0.61,34.0,daemon,83475.0,210823.5,13469.2,16958.1,85.7,
2025-12-27T15:21:06.975272,0.0,25.6,0.54,33.0,daemon,83475.0,210836.7,13469.3,16958.2,85.5,
2025-12-27T15:22:07.256693,3.3,25.6,0.29,33.0,daemon,83475.0,210865.4,13469.5,16958.4,85.3,
2025-12-27T15:23:07.531126,0.8,26.0,0.16,32.0,daemon,83475.0,210881.5,13469.8,16958.6,85.1,
2025-12-27T15:24:07.788005,5.0,26.0,0.34,35.0,daemon,83475.0,210899.3,13470.1,16959.4,84.9,
2025-12-27T15:25:08.062949,3.4,26.0,0.24,35.0,daemon,83475.0,210917.9,13470.9,16961.6,84.7,
2025-12-27T15:26:08.302350,13.2,26.0,0.28,39.0,daemon,83475.0,210930.3,13471.6,16963.6,84.4,
2025-12-27T15:27:08.567762,14.9,26.0,0.48,38.0,daemon,83475.0,210941.0,13472.3,16966.3,84.2,
2025-12-27T15:28:08.806861,4.2,26.0,0.41,39.0,daemon,83475.7,210961.0,13473.2,16969.5,83.9,
2025-12-27T15:29:09.067121,3.3,26.0,0.15,37.0,daemon,83476.0,210974.2,13473.6,16970.8,83.7,
2025-12-27T15:30:09.327257,3.3,26.0,0.56,36.0,daemon,83477.2,210987.2,13474.2,16973.5,83.4,
2025-12-27T15:31:09.591017,5.0,25.6,0.44,37.0,daemon,83477.5,211007.6,13475.1,16974.6,83.2,
2025-12-27T15:32:09.863588,0.8,25.6,0.26,33.0,daemon,83479.3,211038.3,13475.9,16975.7,83.0,
2025-12-27T15:33:10.128858,0.0,26.0,0.17,34.0,daemon,83479.3,211054.3,13476.1,16975.7,82.8,
2025-12-27T15:34:10.389623,0.0,25.6,0.06,33.0,daemon,83479.3,211081.9,13476.1,16975.8,82.7,
2025-12-27T15:35:10.644370,0.0,25.6,0.08,34.0,daemon,83479.3,211101.7,13476.2,16975.8,82.5,
2025-12-27T15:36:10.910217,0.8,25.6,0.17,33.0,daemon,83479.3,211117.9,13476.2,16975.8,82.4,
2025-12-27T15:37:11.183425,0.8,25.6,0.10,33.0,daemon,83479.3,211135.9,13476.4,16975.9,82.2,
2025-12-27T15:38:11.463214,7.4,25.6,0.15,32.0,daemon,83479.3,211152.5,13476.5,16975.9,82.0,
2025-12-27T15:39:11.743222,3.3,25.6,0.05,33.0,daemon,83479.3,211167.4,13476.6,16975.9,81.9,
2025-12-27T15:40:12.020489,0.0,26.0,0.21,32.0,daemon,83479.3,211182.0,13477.0,16976.3,81.7,
2025-12-27T15:41:12.283862,3.4,26.6,0.14,37.0,daemon,83503.1,211207.8,13485.1,16984.4,81.5,
2025-12-27T15:42:12.523018,5.0,26.6,0.37,34.0,daemon,83503.3,211285.1,13485.9,16985.1,81.3,
2025-12-27T15:43:12.781029,0.0,26.6,0.22,34.0,daemon,83503.3,211333.0,13486.0,16985.1,81.1,
2025-12-27T15:44:13.034981,1.7,25.3,0.26,35.0,daemon,83503.3,211364.7,13486.1,16985.2,80.9,
2025-12-27T15:45:13.296103,1.7,26.0,0.23,34.0,daemon,83503.4,211390.4,13486.6,16986.0,80.7,
2025-12-27T15:46:13.573002,0.8,26.3,0.35,33.0,daemon,83503.4,211412.8,13487.9,16987.4,80.5,
2025-12-27T15:47:13.852038,0.0,26.3,0.32,33.0,daemon,83503.4,211432.8,13488.9,16988.4,80.3,
2025-12-27T15:48:14.127691,0.0,26.3,0.39,32.0,daemon,83503.4,211454.6,13489.0,16988.5,80.1,
2025-12-27T15:49:14.402348,2.5,26.6,0.14,35.0,daemon,83503.6,211470.8,13489.2,16988.5,80.0,
2025-12-27T15:50:14.659175,0.0,26.3,0.38,37.0,daemon,83503.6,211483.9,13489.3,16988.6,79.8,
2025-12-27T15:51:14.923481,0.8,26.0,0.25,35.0,daemon,83503.6,211506.1,13489.4,16988.6,79.6,
2025-12-27T15:52:15.180527,1.7,26.0,0.25,35.0,daemon,83503.6,211529.8,13489.6,16988.7,79.4,
2025-12-27T15:53:15.436933,4.2,26.0,0.42,35.0,daemon,83515.7,211548.8,13489.6,16988.7,79.2,
2025-12-27T15:54:15.728462,0.8,26.0,0.25,32.0,daemon,83515.7,211567.4,13489.7,16988.8,79.0,
2025-12-27T15:55:16.004596,0.0,26.0,0.16,32.0,daemon,83515.7,211584.3,13489.8,16988.8,78.9,
2025-12-27T15:56:16.289217,7.4,26.0,0.09,33.0,daemon,83515.7,211599.1,13489.9,16988.9,78.7,
2025-12-27T15:57:16.565373,0.0,25.3,0.32,33.0,daemon,83515.7,211618.1,13490.0,16988.9,78.5,
2025-12-27T15:58:16.844030,0.0,25.3,0.17,32.0,daemon,83515.7,211628.4,13490.0,16988.9,78.4,
2025-12-27T15:59:17.119079,0.8,25.3,0.21,33.0,daemon,83515.7,211644.0,13490.1,16989.0,78.2,
2025-12-27T16:00:17.397031,0.0,25.3,0.15,33.0,daemon,83515.7,211660.3,13490.1,16989.0,78.1,
2025-12-27T16:01:17.676299,0.0,25.3,0.56,33.0,daemon,83515.7,211690.8,13490.4,16989.1,77.9,
2025-12-27T16:02:17.930948,1.7,25.0,0.44,36.0,daemon,83515.7,211720.7,13490.6,16989.2,77.6,
2025-12-27T16:03:18.199558,2.5,25.0,0.55,33.0,daemon,83515.7,211760.3,13490.6,16989.2,77.4,
2025-12-27T16:04:18.480296,1.7,25.0,0.57,34.0,daemon,83515.7,211774.8,13490.7,16989.2,77.2,
2025-12-27T16:05:18.741115,0.0,25.0,0.34,33.0,daemon,83515.7,211782.6,13490.7,16989.2,77.1,
2025-12-27T16:06:19.017425,0.0,25.0,0.20,35.0,daemon,83515.7,211793.8,13490.8,16989.2,76.9,
2025-12-27T16:07:19.286412,2.5,25.3,0.35,36.0,daemon,83515.8,211830.4,13491.4,16989.6,76.7,
2025-12-27T16:08:19.548868,6.7,26.0,0.65,37.0,daemon,83516.3,211896.1,13495.5,16989.8,76.5,
2025-12-27T16:09:19.844405,5.0,26.0,1.62,37.0,daemon,83523.5,212065.0,13504.4,16990.0,76.1,
2025-12-27T16:10:20.114243,6.8,26.0,1.25,38.0,daemon,83523.6,212152.0,13506.6,16990.2,75.9,
2025-12-27T16:11:20.381586,5.1,26.9,2.03,39.0,daemon,83524.7,212295.0,13518.5,16991.0,75.5,
2025-12-27T16:12:20.660287,8.3,26.9,1.75,38.0,daemon,83524.7,212401.7,13519.3,16991.1,75.3,
2025-12-27T16:13:20.922350,5.8,27.6,0.85,37.0,daemon,83524.8,212477.7,13520.5,16992.2,75.0,
2025-12-27T16:14:21.180852,5.8,28.2,0.63,39.0,daemon,83524.8,212518.8,13523.3,16992.7,74.7,
2025-12-27T16:15:21.447212,5.8,28.2,0.80,39.0,daemon,83524.8,212640.8,13524.0,16992.9,74.3,
2025-12-27T16:16:21.740805,19.0,28.2,0.81,38.0,daemon,83524.8,212712.6,13525.7,16993.0,74.0,
2025-12-27T16:17:22.022483,10.9,28.2,0.86,39.0,daemon,83524.8,212775.1,13525.8,16993.1,73.7,
2025-12-27T16:18:22.285892,5.1,27.6,1.10,39.0,daemon,83524.8,212815.5,13525.9,16993.2,73.4,
2025-12-27T16:19:22.546719,4.2,27.6,1.35,39.0,daemon,83524.8,212908.3,13527.8,16993.4,73.1,
2025-12-27T16:20:22.826053,5.8,27.6,0.65,38.0,daemon,83524.8,212927.1,13527.9,16993.4,72.9,
2025-12-27T16:21:23.085217,5.0,27.6,0.69,40.0,daemon,83524.8,212945.5,13528.1,16993.5,72.6,
2025-12-27T16:22:23.366728,3.4,27.6,0.70,38.0,daemon,83524.8,212964.7,13528.1,16993.5,72.4,
2025-12-27T16:23:23.638091,4.2,27.6,0.41,37.0,daemon,83524.8,212973.7,13528.2,16993.6,72.1,
2025-12-27T16:24:23.918040,4.2,27.6,0.36,37.0,daemon,83524.8,212990.1,13528.3,16993.6,71.9,
2025-12-27T16:25:24.198501,4.2,27.6,0.58,35.0,daemon,83524.8,213006.3,13528.4,16993.6,71.6,
2025-12-27T16:26:24.464916,4.2,27.9,0.62,37.0,daemon,83524.8,213020.7,13528.6,16993.7,71.4,
2025-12-27T16:27:24.726240,4.2,27.6,0.37,37.0,daemon,83524.8,213035.6,13528.6,16993.7,71.1,
2025-12-27T16:28:24.995277,12.5,27.6,0.39,37.0,daemon,83524.9,213055.7,13528.8,16993.8,70.8,
2025-12-27T16:29:25.274727,5.0,27.6,0.61,34.0,daemon,83524.9,213073.3,13528.9,16993.8,70.6,
2025-12-27T16:30:25.555469,4.2,27.6,0.34,35.0,daemon,83524.9,213090.6,13528.9,16993.8,70.3,
2025-12-27T16:31:25.839004,4.2,27.6,0.33,35.0,daemon,83524.9,213119.0,13529.1,16993.9,70.1,
2025-12-27T16:32:26.120005,14.5,28.2,1.23,37.0,daemon,83525.1,213223.5,13530.0,16994.1,69.7,
2025-12-27T16:33:26.395009,18.2,30.2,2.15,39.0,daemon,83525.5,213303.8,13532.4,16994.3,69.4,
2025-12-27T16:34:26.665767,17.8,30.5,1.89,39.0,daemon,83525.7,213427.0,13533.2,16995.1,69.0,
2025-12-27T16:35:26.947552,16.8,32.5,1.92,40.0,daemon,83526.3,213464.8,13533.3,16995.1,68.6,
2025-12-27T16:36:27.222330,16.7,32.8,1.84,40.0,daemon,83526.3,213483.7,13533.5,16995.2,68.3,
2025-12-27T16:37:27.507577,17.6,33.4,1.39,40.0,daemon,83526.4,213502.1,13533.6,16995.2,67.9,
2025-12-27T16:38:27.777308,16.8,33.8,1.59,40.0,daemon,83526.4,213518.6,13533.8,16995.3,67.6,
2025-12-27T16:39:28.033546,5.0,28.2,2.01,40.0,daemon,83526.7,213550.6,13533.9,16995.4,67.2,
2025-12-27T16:40:28.306385,3.4,26.3,1.24,38.0,daemon,83526.7,213611.3,13534.0,16995.4,66.9,
2025-12-27T16:41:28.550971,23.0,27.6,1.00,42.0,daemon,83527.0,213769.4,13546.3,16996.2,66.5,
2025-12-27T16:42:28.805005,14.3,27.6,0.87,41.0,daemon,83530.1,213870.0,13547.3,16996.4,66.2,
2025-12-27T16:43:29.077110,7.6,27.6,1.01,39.0,daemon,83530.1,213940.0,13548.0,16996.8,65.9,
2025-12-27T16:44:29.349287,5.8,27.6,0.50,37.0,daemon,83530.1,213968.3,13548.2,16996.9,65.7,
2025-12-27T16:45:29.632962,5.9,26.0,0.91,36.0,daemon,83530.1,213980.8,13548.3,16997.0,65.4,
2025-12-27T16:46:29.879206,12.4,26.9,0.83,42.0,daemon,83530.1,214016.5,13549.3,16997.1,65.1,
2025-12-27T16:47:30.138961,0.0,26.0,0.51,37.0,daemon,83530.1,214091.1,13549.5,16997.3,64.9,
2025-12-27T16:48:30.395792,0.0,25.6,0.26,35.0,daemon,83530.3,214112.0,13549.7,16997.5,64.7,
2025-12-27T16:49:30.622695,9.2,26.0,0.22,39.0,daemon,83530.5,214131.7,13549.9,16997.6,64.5,
2025-12-27T16:50:30.886979,0.8,26.3,0.27,35.0,daemon,83539.7,214150.8,13550.2,16997.7,64.3,
2025-12-27T16:51:31.145223,1.7,27.9,0.36,35.0,daemon,83539.8,214278.5,13553.3,16998.2,64.0,
2025-12-27T16:52:31.418949,15.8,27.6,0.30,35.0,daemon,83541.8,214394.9,13553.8,16998.4,63.7,
2025-12-27T16:53:31.658476,0.0,27.3,0.64,36.0,daemon,83541.8,214503.4,13554.2,16998.6,63.5,
2025-12-27T16:54:31.927436,3.3,27.6,0.87,36.0,daemon,83542.0,214613.8,13558.0,16999.0,63.2,
2025-12-27T16:55:32.191187,0.8,27.6,0.43,36.0,daemon,83542.1,214709.6,13558.1,16999.1,63.0,
2025-12-27T16:56:32.443696,1.6,27.6,0.16,35.0,daemon,83542.1,214730.5,13558.3,16999.1,62.8,
2025-12-27T16:57:32.704562,4.2,27.9,0.30,35.0,daemon,83542.1,214766.0,13561.7,16999.3,62.6,
2025-12-27T16:58:32.982120,4.1,27.9,0.40,32.0,daemon,83542.2,214852.3,13565.8,16999.5,62.3,
2025-12-27T16:59:33.247852,4.1,29.5,1.04,37.0,daemon,83543.7,214926.1,13570.9,16999.6,62.0,
2025-12-27T17:00:33.503112,4.2,28.6,0.89,36.0,daemon,83543.7,214984.7,13571.2,16999.7,61.8,
2025-12-27T17:01:33.774648,0.0,28.2,0.32,33.0,daemon,83545.0,215025.6,13571.5,16999.8,61.6,
2025-12-27T17:02:34.034457,1.6,27.3,0.54,34.0,daemon,83545.0,215062.8,13573.8,16999.8,61.4,
2025-12-27T17:03:34.312032,2.5,27.3,0.30,35.0,daemon,83545.0,215082.2,13573.8,16999.9,61.2,
2025-12-27T17:04:34.608759,2.5,27.3,0.40,34.0,daemon,83545.0,215096.2,13573.9,16999.9,60.9,
2025-12-27T17:05:34.883994,3.3,27.3,0.21,33.0,daemon,83545.0,215113.9,13574.0,17000.0,60.7,
2025-12-27T17:06:35.135478,4.1,27.9,0.35,37.0,daemon,83545.0,215126.0,13574.1,17000.0,60.5,
2025-12-27T17:07:35.382842,3.3,27.3,0.56,37.0,daemon,83545.0,215147.5,13574.2,17000.1,60.3,
2025-12-27T17:08:35.639834,2.5,27.6,0.24,33.0,daemon,83545.1,215166.2,13574.5,17000.1,60.1,
2025-12-27T17:09:35.928066,5.0,27.3,0.16,34.0,daemon,83551.3,215187.0,13574.6,17000.2,59.9,
2025-12-27T17:10:36.185915,0.0,27.3,0.25,33.0,daemon,83551.3,215221.1,13574.7,17000.2,59.7,
2025-12-27T17:11:36.450437,2.4,27.6,0.16,34.0,daemon,84033.1,215245.6,13575.0,17000.3,59.5,
2025-12-27T17:12:36.711844,2.5,27.6,0.19,33.0,daemon,84033.1,215282.5,13575.2,17000.3,59.3,
2025-12-27T17:13:36.972792,0.0,27.6,0.13,33.0,daemon,84033.2,215327.1,13575.3,17000.4,59.1,
2025-12-27T17:14:37.228993,0.0,27.6,0.04,32.0,daemon,84033.2,215352.4,13575.4,17000.4,58.9,
2025-12-27T17:15:37.509453,7.5,27.9,0.29,35.0,daemon,84033.2,215363.7,13575.6,17000.5,58.7,
2025-12-27T17:16:37.763420,7.6,28.2,0.26,38.0,daemon,84033.2,215395.8,13576.1,17000.6,58.5,
2025-12-27T17:17:38.047261,9.2,27.9,0.56,33.0,daemon,84033.2,215432.2,13576.3,17000.7,58.3,
2025-12-27T17:18:38.296376,0.8,27.9,0.45,35.0,daemon,84033.4,215459.1,13576.4,17000.8,58.1,
2025-12-27T17:19:38.566354,3.3,27.9,0.34,33.0,daemon,84033.5,215484.7,13576.6,17000.8,57.8,
2025-12-27T17:20:38.841848,0.8,27.9,0.50,34.0,daemon,84033.5,215505.6,13576.7,17000.9,57.6,
2025-12-27T17:21:39.116263,0.8,27.9,0.83,33.0,daemon,84033.5,215530.2,13576.8,17001.0,57.4,
2025-12-27T17:22:39.394232,2.5,28.2,0.49,33.0,daemon,84033.5,215552.1,13577.8,17001.8,57.2,
2025-12-27T17:23:39.673313,4.2,28.2,0.23,34.0,daemon,84033.5,215576.4,13578.8,17002.6,57.0,
2025-12-27T17:24:39.948890,4.2,27.9,0.19,35.0,daemon,84033.7,215601.3,13579.5,17004.6,56.7,
2025-12-27T17:25:40.218083,2.5,27.6,0.28,33.0,daemon,84033.7,215627.6,13579.7,17004.6,56.5,
2025-12-27T17:26:40.496810,1.7,27.9,0.30,32.0,daemon,84033.7,215647.3,13579.8,17004.7,56.3,
2025-12-27T17:27:40.776318,0.0,27.9,0.27,32.0,daemon,84033.7,215662.8,13580.0,17004.7,56.1,
2025-12-27T17:28:41.028057,0.8,27.9,0.17,33.0,daemon,84033.7,215674.4,13580.2,17004.8,56.0,
2025-12-27T17:29:41.303110,5.9,27.6,0.13,33.0,daemon,84033.9,215693.3,13580.4,17005.4,55.7,
2025-12-27T17:30:41.579472,4.2,27.6,0.15,33.0,daemon,84041.0,215719.6,13580.5,17005.4,55.5,
2025-12-27T17:31:41.860190,3.3,27.6,0.29,33.0,daemon,84041.1,215740.8,13580.6,17005.5,55.4,
2025-12-27T17:32:42.136940,1.7,27.6,0.28,33.0,daemon,84041.1,215765.8,13580.8,17005.5,55.2,
2025-12-27T17:33:42.409441,2.5,27.9,0.25,35.0,daemon,84042.2,215802.2,13581.3,17005.7,54.9,
2025-12-27T17:34:42.673118,2.5,27.6,0.21,35.0,daemon,84042.2,215829.3,13581.3,17005.7,54.7,
2025-12-27T17:35:42.924566,4.2,27.6,0.46,37.0,daemon,84042.2,215851.1,13581.4,17005.8,54.5,
2025-12-27T17:36:43.181973,0.8,27.6,0.33,34.0,daemon,84045.4,215876.3,13581.6,17005.9,54.2,
2025-12-27T17:37:43.459344,2.5,27.6,0.18,33.0,daemon,84045.4,215906.8,13581.7,17005.9,54.1,
2025-12-27T17:38:43.734279,1.7,27.6,0.22,32.0,daemon,84045.4,215929.3,13581.7,17006.0,53.9,
2025-12-27T17:39:44.018065,2.5,28.2,0.47,36.0,daemon,84045.4,215950.7,13582.9,17006.6,53.6,
2025-12-27T17:40:44.279731,2.5,28.6,0.65,34.0,daemon,84045.9,216079.3,13599.2,17006.9,53.3,
2025-12-27T17:41:44.538124,13.6,29.2,0.71,40.0,daemon,84046.8,216172.2,13601.3,17007.2,53.0,
2025-12-27T17:42:44.788593,4.2,29.2,0.55,38.0,daemon,84046.9,216318.9,13601.8,17007.3,52.8,
2025-12-27T17:43:45.070670,0.8,28.6,0.37,33.0,daemon,84057.0,216430.8,13606.7,17007.5,52.5,
2025-12-27T17:44:45.342838,0.8,28.6,0.19,33.0,daemon,84057.0,216465.4,13606.8,17007.5,52.3,
2025-12-27T17:45:45.597891,0.8,28.6,0.13,34.0,daemon,84057.0,216482.2,13606.8,17007.6,52.1,
2025-12-27T17:46:45.845803,3.3,28.9,0.65,37.0,daemon,84057.0,216507.8,13608.2,17008.1,51.9,
2025-12-27T17:47:46.117436,0.8,28.9,0.49,35.0,daemon,84057.0,216522.7,13609.3,17009.2,51.7,
2025-12-27T17:48:46.362737,10.8,29.2,0.18,35.0,daemon,84057.0,216540.0,13609.7,17009.3,51.4,
2025-12-27T17:49:46.621304,0.8,28.9,0.17,34.0,daemon,84057.0,216556.1,13609.7,17009.4,51.2,
2025-12-27T17:50:46.871811,0.0,28.9,0.11,35.0,daemon,84057.0,216571.3,13609.8,17009.5,51.0,
2025-12-27T17:51:47.136082,4.1,28.9,0.33,37.0,daemon,84057.0,216594.5,13610.4,17009.7,50.8,
2025-12-27T17:52:47.403515,8.3,28.9,0.23,34.0,daemon,84057.0,216616.8,13610.9,17010.2,50.6,
2025-12-27T17:53:47.653249,1.7,28.9,0.22,38.0,daemon,84057.0,216638.7,13611.4,17010.6,50.4,
2025-12-27T17:54:47.907892,4.2,28.9,0.29,37.0,daemon,84057.0,216661.6,13611.5,17010.8,50.2,
2025-12-27T17:55:48.159486,7.4,28.9,0.81,39.0,daemon,84063.3,216703.9,13612.3,17011.6,49.9,
2025-12-27T17:56:48.438872,6.5,28.9,0.29,33.0,daemon,84063.3,216729.5,13612.8,17011.8,49.7,
2025-12-27T17:57:48.695875,0.0,28.9,0.38,35.0,daemon,84063.3,216750.5,13613.4,17012.4,49.5,
2025-12-27T17:58:48.950062,0.8,28.9,0.24,35.0,daemon,84063.3,216771.8,13614.4,17013.5,49.3,
2025-12-27T17:59:49.220725,0.0,28.2,0.36,34.0,daemon,84063.3,216793.1,13614.5,17013.6,49.1,
2025-12-27T18:00:49.519646,5.0,29.5,0.90,36.0,daemon,84064.3,216870.3,13615.8,17013.8,48.8,
2025-12-27T18:01:49.775392,6.8,29.2,0.97,38.0,daemon,84064.3,216982.8,13616.0,17013.9,48.5,
2025-12-27T18:02:50.067362,14.3,28.6,0.99,37.0,daemon,84064.3,217015.5,13616.1,17014.0,48.2,
2025-12-27T18:03:50.329858,5.9,30.5,1.30,38.0,daemon,84064.9,217159.8,13619.5,17014.3,47.9,
2025-12-27T18:04:50.600435,9.9,30.8,1.57,39.0,daemon,84065.1,217306.0,13620.6,17014.5,47.6,
2025-12-27T18:05:50.868603,0.0,30.8,1.44,37.0,daemon,84065.1,217495.7,13620.9,17014.6,47.3,
2025-12-27T18:06:51.149204,16.0,30.8,0.69,38.0,daemon,84065.1,217558.8,13621.2,17014.7,47.0,
2025-12-27T18:07:51.405664,1.7,31.2,0.58,36.0,daemon,84065.1,217622.6,13621.3,17014.7,46.8,
2025-12-27T18:08:51.661613,0.8,30.5,0.33,37.0,daemon,84065.1,217651.1,13621.4,17014.7,46.6,
2025-12-27T18:09:51.909623,9.2,31.2,0.15,39.0,daemon,84065.1,217675.8,13621.5,17014.8,46.4,
2025-12-27T18:10:52.186045,1.7,30.8,0.43,36.0,daemon,84065.1,217706.2,13621.6,17014.9,46.1,
2025-12-27T18:11:52.431087,10.0,31.2,0.39,38.0,daemon,84065.1,217739.1,13621.9,17014.9,45.9,
2025-12-27T18:12:52.714667,2.5,30.8,0.55,36.0,daemon,84065.1,217780.1,13622.4,17015.1,45.6,
2025-12-27T18:13:52.982487,2.5,30.8,0.64,35.0,daemon,84065.1,217908.9,13622.6,17015.2,45.4,
2025-12-27T18:14:53.240095,0.0,31.5,0.58,34.0,daemon,84065.1,217955.8,13623.0,17015.3,45.1,
2025-12-27T18:15:53.497671,5.0,30.8,0.75,37.0,daemon,84065.1,218006.7,13623.3,17015.4,44.9,
2025-12-27T18:16:53.765466,9.2,31.5,0.64,36.0,daemon,84065.3,218123.1,13623.8,17015.6,44.6,
2025-12-27T18:17:54.040959,2.5,31.2,0.40,35.0,daemon,84065.3,218204.1,13623.8,17015.6,44.3,
2025-12-27T18:18:54.299043,10.0,31.2,0.58,38.0,daemon,84065.3,218236.0,13623.9,17015.7,44.1,
2025-12-27T18:19:54.579883,2.5,31.2,0.70,37.0,daemon,84065.4,218265.8,13624.1,17015.7,43.9,
2025-12-27T18:20:54.848239,1.7,26.6,0.64,33.0,daemon,84065.4,218300.5,13624.1,17015.8,43.7,
2025-12-27T18:21:55.127020,0.8,26.6,0.48,33.0,daemon,84065.4,218316.2,13624.2,17015.8,43.5,
2025-12-27T18:22:55.400799,2.5,26.6,0.71,35.0,daemon,84065.4,218348.1,13624.6,17016.0,43.3,
2025-12-27T18:23:55.678115,0.0,26.6,0.36,35.0,daemon,84065.4,218396.8,13624.7,17016.0,43.0,
2025-12-27T18:24:55.949461,3.4,26.6,0.26,35.0,daemon,84065.4,218424.3,13625.2,17016.6,42.8,
2025-12-27T18:25:56.212768,2.5,26.6,0.43,35.0,daemon,84065.4,218446.0,13625.2,17016.7,42.5,
2025-12-27T18:26:56.489851,1.7,26.6,0.46,34.0,daemon,84065.4,218472.8,13625.7,17016.7,42.3,
2025-12-27T18:27:56.764658,0.8,26.9,0.43,33.0,daemon,84065.4,218511.3,13626.2,17017.0,42.1,
2025-12-27T18:28:57.004041,6.7,26.6,0.67,38.0,daemon,84065.4,218568.1,13626.6,17017.2,41.8,
2025-12-27T18:29:57.272072,0.0,27.3,0.49,33.0,daemon,84065.4,218630.3,13627.1,17017.6,41.6,
2025-12-27T18:30:57.550802,7.5,27.3,0.47,35.0,daemon,84065.4,218646.3,13628.3,17019.0,41.4,
2025-12-27T18:31:57.821581,5.9,26.9,0.43,34.0,daemon,84065.4,218677.7,13629.3,17019.8,41.1,
2025-12-27T18:32:58.057799,4.2,27.3,0.16,37.0,daemon,84173.2,218710.2,13629.4,17019.8,41.0,
2025-12-27T18:33:58.335994,2.5,26.9,0.30,33.0,daemon,84173.3,218775.3,13630.2,17020.6,40.7,
2025-12-27T18:34:58.612826,1.7,26.9,0.32,33.0,daemon,84173.3,218806.8,13630.3,17020.7,40.5,
2025-12-27T18:35:58.870291,4.9,27.3,0.57,37.0,daemon,84173.4,218862.2,13630.9,17020.8,40.3,
2025-12-27T18:36:59.144822,0.0,27.3,0.62,34.0,daemon,84173.4,218949.6,13631.3,17021.0,40.0,
2025-12-27T18:37:59.423203,1.7,27.3,0.30,33.0,daemon,84173.4,219005.7,13631.4,17021.1,39.8,
2025-12-27T18:38:59.702262,0.0,26.9,0.19,33.0,daemon,84173.4,219025.7,13631.5,17021.1,39.7,
2025-12-27T18:39:59.964266,0.0,26.9,0.07,33.0,daemon,84173.4,219045.0,13631.5,17021.1,39.5,
2025-12-27T18:41:00.216081,0.0,26.9,0.08,33.0,daemon,84173.4,219064.1,13631.6,17021.2,39.3,
2025-12-27T18:42:00.474817,1.6,26.9,0.14,32.0,daemon,84173.4,219083.6,13631.6,17021.2,39.2,
2025-12-27T18:43:00.736667,3.3,26.9,0.09,32.0,daemon,84173.4,219101.1,13631.7,17021.3,39.0,
2025-12-27T18:44:01.011126,0.0,26.9,0.08,32.0,daemon,84173.4,219146.9,13631.8,17021.3,38.8,
2025-12-27T18:45:01.296585,1.7,26.9,0.08,32.0,daemon,84173.4,219169.5,13631.8,17021.4,38.7,
2025-12-27T18:46:01.584170,0.8,26.9,0.03,31.0,daemon,84173.4,219185.3,13631.9,17021.4,38.5,
2025-12-27T18:47:01.873824,0.0,26.9,0.01,32.0,daemon,84173.4,219202.8,13631.9,17021.5,38.4,
2025-12-27T18:48:02.141934,0.0,26.9,0.04,32.0,daemon,84173.4,219221.7,13632.0,17021.5,38.2,
2025-12-27T18:49:02.391004,0.8,26.9,0.05,31.0,daemon,84173.4,219241.0,13632.1,17021.6,38.1,
2025-12-27T18:50:02.673208,0.8,26.9,0.28,31.0,daemon,84173.4,219256.9,13632.1,17021.6,37.9,
2025-12-27T18:51:02.960452,0.0,26.9,0.17,31.0,daemon,84173.4,219274.5,13632.2,17021.6,37.7,
2025-12-27T18:52:03.243656,1.7,26.9,0.12,31.0,daemon,84173.4,219294.5,13632.2,17021.7,37.6,
2025-12-27T18:53:03.524539,0.8,26.9,0.15,32.0,daemon,84173.4,219304.6,13632.3,17021.7,37.4,
2025-12-27T18:54:03.833073,0.0,26.9,0.16,31.0,daemon,84173.4,219321.1,13632.4,17021.8,37.2,
2025-12-27T19:12:38.584404,2.5,26.9,0.36,27.0,daemon,84178.9,219364.8,13633.2,17022.1,36.7,
2025-12-27T19:13:38.868828,2.5,26.9,0.73,29.0,daemon,84178.9,219452.7,13633.5,17022.2,36.5,
2025-12-27T19:14:39.145696,0.0,27.3,0.49,30.0,daemon,84184.0,219521.5,13633.7,17022.4,36.3,
2025-12-27T19:15:39.439401,0.0,26.9,0.57,31.0,daemon,84184.0,219542.1,13634.0,17022.5,36.1,
2025-12-27T19:16:39.720787,2.5,27.3,0.21,32.0,daemon,84184.0,219561.7,13634.2,17022.6,35.9,
2025-12-27T19:17:39.983746,4.9,26.9,0.49,34.0,daemon,84184.2,219577.1,13634.3,17022.6,35.7,
2025-12-27T19:18:40.271476,4.1,27.3,0.37,32.0,daemon,84238.9,219608.9,13634.3,17022.7,35.5,
2025-12-27T19:19:40.558402,2.5,27.6,0.25,32.0,daemon,84242.9,219640.1,13634.5,17022.7,35.3,
2025-12-27T19:20:40.844146,2.5,27.3,0.40,33.0,daemon,84242.9,219659.6,13634.7,17022.8,35.1,
2025-12-27T19:21:41.126734,2.5,26.9,0.26,33.0,daemon,84243.7,219696.0,13634.8,17022.8,35.0,
2025-12-27T19:22:41.397210,0.8,27.3,0.09,35.0,daemon,84243.7,219722.1,13635.0,17023.0,34.7,
2025-12-27T19:23:41.672792,3.3,27.3,0.24,34.0,daemon,84243.7,219749.3,13635.4,17023.3,34.5,
2025-12-27T19:24:41.951718,5.0,27.3,0.39,35.0,daemon,84243.7,219761.3,13635.4,17023.3,34.3,
2025-12-27T19:25:42.190212,0.8,27.6,0.38,38.0,daemon,84243.7,219780.1,13635.8,17023.6,34.1,
2025-12-27T19:26:42.450654,10.0,28.9,1.18,40.0,daemon,84357.7,220448.4,13640.6,17024.1,33.7,
2025-12-27T19:27:42.695406,11.9,29.2,0.73,38.0,daemon,84360.5,220778.5,13648.9,17032.1,33.5,
2025-12-27T19:28:42.946356,0.8,28.6,0.41,36.0,daemon,84360.5,220863.3,13649.0,17032.2,33.2,
2025-12-27T19:29:43.160745,36.1,29.2,0.36,40.0,daemon,84360.5,220888.6,13656.8,17040.0,33.0,
2025-12-27T19:30:43.396201,12.5,29.2,0.29,37.0,daemon,84360.5,220978.8,13657.2,17040.3,32.8,
2025-12-27T19:31:43.654187,7.5,28.9,0.36,34.0,daemon,84360.5,221013.7,13659.5,17042.8,32.6,
2025-12-27T19:32:43.918832,1.7,28.9,0.36,35.0,daemon,84360.7,221063.3,13660.5,17043.9,32.3,
2025-12-27T19:33:44.186443,0.0,27.3,0.26,34.0,daemon,84360.7,221091.3,13661.1,17044.6,32.1,
2025-12-27T19:34:44.449255,0.0,27.3,0.15,33.0,daemon,84360.7,221117.3,13661.2,17044.6,32.0,
2025-12-27T19:35:44.731349,0.0,26.9,0.21,31.0,daemon,84360.7,221132.7,13661.2,17044.6,31.8,
2025-12-27T19:36:45.003844,0.8,27.3,0.17,32.0,daemon,84360.7,221149.2,13661.3,17044.7,31.7,
2025-12-27T19:37:45.270656,2.5,26.9,0.21,33.0,daemon,84360.7,221164.6,13661.3,17044.7,31.5,
2025-12-27T19:38:45.543754,0.8,26.9,0.35,34.0,daemon,84360.7,221202.1,13661.7,17044.7,31.2,
2025-12-27T19:39:45.826001,0.8,26.6,0.16,32.0,daemon,84360.7,221257.7,13661.7,17044.8,31.1,
2025-12-27T19:40:46.105764,1.6,26.6,0.26,32.0,daemon,84360.7,221273.6,13661.7,17044.8,30.9,
2025-12-27T19:41:46.387184,0.8,26.6,0.16,32.0,daemon,84360.7,221291.2,13661.7,17044.8,30.8,
2025-12-27T19:42:46.666706,0.0,26.6,0.06,33.0,daemon,84360.7,221304.2,13661.8,17044.8,30.6,
2025-12-27T19:43:46.937934,1.6,26.6,0.22,33.0,daemon,84360.7,221333.5,13661.9,17044.9,30.5,
2025-12-27T19:44:47.217097,0.0,26.6,0.15,33.0,daemon,84360.7,221356.2,13661.9,17044.9,30.3,
2025-12-27T19:45:47.494631,0.0,26.6,0.14,32.0,daemon,84360.7,221374.6,13661.9,17044.9,30.2,
2025-12-27T19:46:47.771690,0.8,26.6,0.05,32.0,daemon,84360.7,221394.4,13661.9,17044.9,30.0,
2025-12-27T19:47:48.050115,0.0,26.6,0.02,33.0,daemon,84360.7,221413.4,13662.0,17045.0,29.9,
2025-12-27T19:48:48.327562,9.2,26.9,0.66,36.0,daemon,84360.7,221468.8,13663.4,17045.1,29.7,
2025-12-27T19:49:48.592295,4.1,26.0,0.70,37.0,daemon,84360.7,221573.7,13665.6,17045.2,29.4,
2025-12-27T19:50:48.859665,3.3,26.3,0.50,37.0,daemon,84360.7,221606.6,13665.8,17045.2,29.2,
2025-12-27T19:51:49.113954,10.8,26.3,0.59,38.0,daemon,84360.7,221675.8,13666.5,17045.3,29.0,
2025-12-27T19:52:49.391267,0.8,26.3,0.35,35.0,daemon,84360.7,221734.8,13666.6,17045.3,28.7,
2025-12-27T19:53:49.649715,0.0,26.3,0.17,35.0,daemon,84360.7,221754.6,13666.6,17045.3,28.6,
2025-12-27T19:54:49.925993,1.7,26.3,0.06,33.0,daemon,84360.7,221769.5,13666.6,17045.4,28.4,
2025-12-27T19:55:50.205208,0.0,26.3,0.02,33.0,daemon,84360.7,221777.9,13666.7,17045.4,28.3,
2025-12-27T19:56:50.480913,4.2,26.3,0.36,34.0,daemon,84360.7,221788.7,13666.7,17045.4,28.1,
2025-12-27T19:57:50.745570,13.3,25.6,0.68,37.0,daemon,84360.7,221829.6,13666.9,17045.5,27.9,
2025-12-27T19:58:51.004269,0.0,25.6,0.49,35.0,daemon,84360.7,221910.4,13667.3,17045.5,27.6,
2025-12-27T19:59:51.280484,8.3,26.0,1.03,36.0,daemon,84360.7,222018.2,13667.8,17045.6,27.4,
2025-12-27T20:00:51.535494,5.0,25.6,0.75,36.0,daemon,84360.8,222118.1,13670.6,17045.7,27.1,
2025-12-27T20:01:51.794793,1.7,26.0,0.52,34.0,daemon,84360.8,222187.1,13670.8,17045.8,26.9,
2025-12-27T20:02:52.050548,0.8,26.0,0.19,35.0,daemon,84360.8,222204.7,13670.8,17045.8,26.8,
2025-12-27T20:03:52.325682,3.4,25.6,0.12,33.0,daemon,84360.8,222220.7,13670.9,17045.8,26.6,
2025-12-27T20:04:52.576267,4.1,26.6,0.46,35.0,daemon,84360.9,222242.9,13671.4,17047.1,26.3,
2025-12-27T20:05:52.851137,0.0,26.0,0.21,32.0,daemon,84360.9,222265.4,13671.4,17047.1,26.2,
2025-12-27T20:06:53.083746,0.0,26.6,0.17,52.0,daemon,84365.1,222317.7,13689.6,17047.2,27.1,
2025-12-27T20:07:53.335530,1.7,26.6,0.06,43.0,daemon,84365.1,222343.2,13689.7,17047.3,28.8,
2025-12-27T20:08:53.571901,0.8,26.6,0.02,46.0,daemon,84365.1,222364.0,13689.8,17047.3,30.5,
2025-12-27T20:09:53.780119,0.0,26.6,0.01,56.0,daemon,84365.1,222390.0,13689.8,17047.4,32.2,
2025-12-27T20:10:54.013371,0.0,26.6,0.00,41.0,daemon,84365.1,222406.8,13689.9,17047.4,34.0,
2025-12-27T20:11:54.248440,1.7,26.3,0.00,44.0,daemon,84365.1,222424.4,13690.0,17047.4,35.7,
2025-12-27T20:12:54.462738,0.0,26.3,0.19,57.0,daemon,84365.1,222443.5,13690.1,17047.5,37.4,
2025-12-27T20:13:54.673107,1.6,26.3,0.07,47.0,daemon,84365.1,222464.2,13690.2,17047.5,39.1,
2025-12-27T20:14:54.958112,1.7,26.6,0.24,36.0,daemon,84365.1,222502.5,13690.2,17047.6,40.1,
2025-12-27T20:15:55.224263,4.1,26.6,0.27,33.0,daemon,84365.1,222533.4,13690.3,17047.6,39.9,
2025-12-27T20:16:55.491606,6.7,26.6,0.19,34.0,daemon,84365.1,222549.9,13690.3,17047.6,39.7,
2025-12-27T20:17:55.764882,5.0,26.6,0.19,33.0,daemon,84365.1,222583.2,13690.4,17047.7,39.5,
2025-12-27T20:18:56.013780,2.5,26.6,0.54,38.0,daemon,84365.1,222610.4,13690.5,17047.8,39.2,
2025-12-27T20:19:56.268899,20.7,26.3,1.57,40.0,daemon,84365.1,222691.7,13690.9,17047.8,38.9,
2025-12-27T20:20:56.545239,1.6,26.3,0.86,35.0,daemon,84365.2,222786.0,13691.6,17048.0,38.6,
2025-12-27T20:21:56.817266,0.0,26.3,0.90,35.0,daemon,84365.2,222854.8,13692.2,17048.0,38.3,
2025-12-27T20:22:57.082989,11.7,26.3,1.03,35.0,daemon,84365.2,222907.5,13692.8,17048.1,38.0,
2025-12-27T20:23:57.335814,5.7,26.9,0.77,35.0,daemon,84365.8,222988.2,13693.4,17048.2,37.7,
2025-12-27T20:24:57.609302,0.8,26.6,0.60,34.0,daemon,84365.8,223060.9,13693.4,17048.3,37.5,
2025-12-27T20:25:57.876198,0.0,26.6,0.47,36.0,daemon,84366.2,223106.5,13693.6,17048.3,37.3,
2025-12-27T20:26:58.127875,2.5,26.6,0.40,37.0,daemon,84376.3,223125.7,13693.7,17048.4,37.1,
2025-12-27T20:27:58.384847,0.8,27.3,0.68,37.0,daemon,84376.3,223154.7,13693.9,17048.5,36.8,
2025-12-27T20:28:58.638779,0.0,26.6,0.32,38.0,daemon,84435.6,223210.6,13694.2,17051.2,36.6,
2025-12-27T20:29:58.896712,1.7,27.3,0.12,39.0,daemon,84435.6,223327.5,13695.0,17052.0,36.4,
2025-12-27T20:30:59.172706,0.0,27.6,0.16,36.0,daemon,84435.6,223372.2,13696.1,17053.1,36.1,
2025-12-27T20:31:59.462610,11.1,26.9,1.35,38.0,daemon,84435.7,223494.7,13696.4,17053.3,35.9,
2025-12-27T20:32:59.713640,7.4,25.6,0.53,37.0,daemon,84435.7,223548.1,13696.5,17053.4,35.7,
2025-12-27T20:33:59.971966,2.5,25.6,0.29,40.0,daemon,84435.7,223577.0,13696.6,17053.4,35.4,
2025-12-27T20:35:00.245784,0.0,26.0,0.38,38.0,daemon,84435.7,223641.5,13696.7,17053.5,35.2,
2025-12-27T20:36:00.498677,0.0,25.6,0.48,40.0,daemon,84435.7,223862.3,13697.2,17053.6,35.0,
2025-12-27T20:37:00.770856,0.8,25.3,0.32,38.0,daemon,84435.7,223910.6,13697.3,17053.7,34.8,
2025-12-27T20:38:01.054938,15.8,25.6,0.71,39.0,daemon,84435.7,223968.7,13697.4,17053.7,34.5,
2025-12-27T20:39:01.313724,30.8,25.3,0.64,40.0,daemon,84435.7,224071.0,13697.6,17053.8,34.2,
2025-12-27T20:40:01.593300,0.0,25.6,1.04,39.0,daemon,84435.7,224175.7,13698.0,17053.9,33.9,
2025-12-27T20:41:01.863619,0.8,25.3,0.38,37.0,daemon,84435.7,224213.7,13698.1,17053.9,33.7,
2025-12-27T20:42:02.100138,9.1,25.6,0.14,40.0,daemon,84435.7,224231.8,13698.1,17054.0,33.6,
2025-12-27T20:43:02.370796,0.0,25.3,0.31,36.0,daemon,84435.7,224249.4,13698.1,17054.0,33.5,
2025-12-27T20:44:02.648791,0.0,25.3,0.11,35.0,daemon,84435.7,224266.6,13698.2,17054.0,33.3,
2025-12-27T20:45:02.926770,6.7,25.3,0.61,38.0,daemon,84435.7,224381.3,13702.9,17054.2,33.0,
2025-12-27T20:46:03.198832,2.5,25.6,1.07,40.0,daemon,84435.8,224478.9,13704.1,17054.3,32.7,
2025-12-27T20:47:03.472755,9.3,25.6,0.63,37.0,daemon,84435.8,224543.1,13704.3,17054.4,32.5,
2025-12-27T20:48:03.745248,9.2,26.3,1.41,40.0,daemon,84435.9,224644.1,13716.2,17054.7,32.2,
2025-12-27T20:49:03.993757,3.4,25.6,0.92,37.0,daemon,84435.9,224729.3,13716.4,17054.7,31.9,
2025-12-27T20:50:04.255253,3.3,26.6,0.68,37.0,daemon,84846.4,224835.3,13717.8,17056.1,31.6,
2025-12-27T20:51:04.528217,8.5,26.9,0.82,36.0,daemon,84878.0,224893.0,13739.1,17056.4,31.4,
2025-12-27T20:52:04.806421,2.5,26.6,0.79,35.0,daemon,84878.0,225135.1,13739.3,17056.5,31.1,
2025-12-27T20:53:05.088813,0.8,26.6,0.67,33.0,daemon,84888.5,225176.1,13739.8,17056.5,30.9,
2025-12-27T20:54:05.363269,0.8,27.6,0.49,33.0,daemon,84888.9,225208.5,13740.4,17057.2,30.7,
2025-12-27T20:55:05.643905,0.0,27.6,0.65,33.0,daemon,84889.8,225255.5,13749.2,17066.1,30.4,
2025-12-27T20:56:05.923125,10.9,27.9,0.54,37.0,daemon,84889.8,225297.5,13750.6,17067.6,30.2,
2025-12-27T20:57:06.173937,14.0,27.9,0.44,36.0,daemon,84889.8,225329.8,13751.3,17068.5,29.9,
2025-12-27T20:58:06.429024,9.2,28.6,0.24,37.0,daemon,84902.7,225370.2,13751.8,17069.3,29.7,
2025-12-27T20:59:06.692729,0.0,28.6,0.30,36.0,daemon,84902.7,225474.4,13752.6,17069.5,29.4,
2025-12-27T21:00:06.953364,6.8,28.9,0.49,37.0,daemon,84903.0,225523.3,13752.9,17069.6,29.2,
2025-12-27T21:01:07.210708,2.5,28.9,0.65,35.0,daemon,84903.0,225632.6,13753.1,17069.7,28.9,
2025-12-27T21:02:07.450330,11.6,29.2,0.42,37.0,daemon,84903.0,225698.1,13753.6,17069.8,28.7,
2025-12-27T21:03:07.698236,2.5,29.2,0.41,36.0,daemon,84951.1,225791.3,13758.5,17070.0,28.4,
2025-12-27T21:04:07.966535,9.9,28.9,0.45,35.0,daemon,84951.1,225850.5,13758.6,17070.1,28.2,
2025-12-27T21:05:08.232090,0.8,29.2,0.53,33.0,daemon,84951.1,225880.3,13758.7,17070.1,27.9,
2025-12-27T21:06:08.511902,0.0,28.9,0.44,34.0,daemon,84951.3,225911.3,13758.9,17070.2,27.7,
2025-12-27T21:07:08.793870,3.4,28.9,0.28,33.0,daemon,84951.3,225935.7,13759.0,17070.3,27.6,
2025-12-27T21:08:09.072236,1.7,29.2,0.39,33.0,daemon,84951.3,225946.5,13759.0,17070.3,27.4,
2025-12-27T21:09:09.352359,7.4,29.2,0.22,35.0,daemon,84952.8,225983.1,13759.1,17070.4,27.1,
2025-12-27T21:10:09.596105,1.7,29.5,0.36,37.0,daemon,84952.8,226012.3,13759.8,17071.0,26.9,
2025-12-27T21:11:09.852817,4.1,29.9,0.48,35.0,daemon,84952.8,226075.8,13760.7,17071.6,26.7,
2025-12-27T21:12:10.130624,6.7,29.2,0.28,35.0,daemon,84954.0,226124.0,13761.4,17072.4,26.4,
2025-12-27T21:13:10.390772,1.7,29.2,0.59,34.0,daemon,84954.0,226147.2,13761.6,17072.6,26.2,
2025-12-27T21:14:10.655671,7.6,29.2,0.33,35.0,daemon,84954.0,226171.1,13761.7,17072.8,26.0,
2025-12-27T21:15:10.922041,5.0,29.2,0.48,35.0,daemon,84954.0,226197.7,13762.1,17073.6,25.7,
2025-12-27T21:16:11.182628,1.7,29.2,0.30,35.0,daemon,84954.0,226223.1,13762.6,17074.5,25.5,
2025-12-27T21:17:11.459378,4.2,29.2,0.15,35.0,daemon,84954.0,226246.3,13762.8,17074.9,25.3,
2025-12-27T21:18:11.735840,7.6,29.2,0.26,35.0,daemon,84954.0,226267.5,13763.3,17076.2,25.0,
2025-12-27T21:19:12.011936,0.8,28.6,0.27,34.0,daemon,84954.0,226281.6,13763.8,17077.3,24.7,
2025-12-27T21:20:12.291482,1.7,28.6,0.21,33.0,daemon,84954.0,226302.3,13763.9,17077.3,24.5,
2025-12-27T21:21:12.566886,0.8,28.6,0.30,34.0,daemon,84954.0,226335.0,13764.1,17077.4,24.3,
2025-12-27T21:22:12.838820,0.0,28.6,0.48,34.0,daemon,84954.0,226364.8,13764.2,17077.5,24.1,
2025-12-27T21:23:13.093756,0.8,28.6,0.18,34.0,daemon,84954.0,226387.0,13764.3,17077.5,23.9,
2025-12-27T21:24:13.357146,0.0,28.6,0.06,35.0,daemon,84954.0,226406.3,13764.3,17077.6,23.8,
2025-12-27T21:25:13.629797,0.0,28.9,0.16,33.0,daemon,84954.0,226428.2,13764.4,17077.6,23.6,
2025-12-27T21:26:13.895512,0.0,28.6,0.15,34.0,daemon,84954.0,226452.3,13764.5,17077.7,23.5,
2025-12-28T03:04:28.658885,6.7,28.6,0.65,56.0,daemon,85214.2,226572.5,13771.4,17078.3,19.7,
2025-12-28T03:05:28.866129,1.7,29.2,0.70,69.0,daemon,85214.2,226745.4,13783.1,17078.9,21.0,
2025-12-28T03:06:29.072276,2.5,29.2,0.25,60.0,daemon,85214.2,226870.1,13783.2,17079.0,22.6,
2025-12-28T03:07:29.300042,3.3,29.2,0.28,48.0,daemon,85214.4,226895.1,13783.8,17079.3,24.2,
2025-12-28T03:08:29.513398,0.8,29.5,0.33,61.0,daemon,85214.4,226947.7,13784.6,17079.9,25.8,
2025-12-28T03:09:29.728076,0.8,28.9,0.22,60.0,daemon,85214.4,226982.5,13784.8,17079.9,27.4,
2025-12-28T03:10:29.937583,1.7,28.9,0.20,57.0,daemon,85214.4,227006.5,13784.9,17080.0,29.1,
2025-12-28T03:11:30.147816,4.1,29.2,0.37,64.0,daemon,85215.6,227193.5,13786.4,17080.3,30.6,
2025-12-28T03:12:30.366697,10.1,29.2,0.77,71.0,daemon,85215.7,227389.2,13786.6,17080.4,32.1,
2025-12-28T03:13:30.612266,2.5,28.9,0.63,51.0,daemon,85215.7,227487.5,13786.7,17080.5,33.5,
2025-12-28T03:14:30.850732,1.7,29.2,0.96,49.0,daemon,85215.7,227520.9,13787.3,17081.0,35.2,
2025-12-28T03:15:31.092747,0.0,28.2,0.45,49.0,daemon,85216.8,227544.6,13787.5,17081.3,36.8,
2025-12-28T03:16:31.313155,3.4,28.6,0.24,65.0,daemon,85216.8,227574.7,13787.8,17081.6,38.3,
2025-12-28T03:17:31.523178,1.7,28.6,0.28,64.0,daemon,85217.3,227605.8,13788.8,17082.2,39.9,
2025-12-28T03:18:31.732469,5.0,28.6,0.46,62.0,daemon,85217.3,227632.7,13789.5,17082.8,41.5,
2025-12-28T03:19:31.946807,4.1,28.9,0.31,47.0,daemon,85217.4,227654.8,13789.6,17083.0,43.1,
2025-12-28T03:20:32.155404,0.8,28.9,0.15,60.0,daemon,85217.5,227678.6,13790.2,17083.7,44.7,
2025-12-28T03:21:32.385787,11.8,29.2,0.12,52.0,daemon,85217.6,227705.0,13790.5,17083.8,46.4,
2025-12-28T03:22:32.591215,8.4,28.2,0.09,68.0,daemon,85217.6,227731.7,13790.6,17083.9,48.0,
2025-12-28T03:23:32.804293,0.0,28.2,0.23,68.0,daemon,85217.7,227745.0,13790.8,17084.1,49.6,
2025-12-28T03:24:33.024715,3.3,28.6,0.08,65.0,daemon,85217.9,227833.5,13791.0,17084.2,51.2,
2025-12-28T03:25:33.233402,0.0,28.2,0.29,66.0,daemon,85218.3,227859.9,13791.2,17084.3,52.9,
2025-12-28T03:26:33.442193,0.0,27.9,0.21,62.0,daemon,85218.3,227879.9,13791.3,17084.3,54.5,
2025-12-28T03:27:33.659638,5.7,28.2,0.29,68.0,daemon,85218.3,227899.0,13791.4,17084.5,56.2,
2025-12-28T03:28:33.865878,0.0,28.2,0.34,62.0,daemon,85218.3,227931.7,13792.1,17085.5,57.7,
2025-12-28T03:29:34.069998,6.6,27.9,0.40,65.0,daemon,85218.3,227963.9,13792.2,17085.7,59.3,
2025-12-28T03:30:34.310780,1.6,28.2,0.47,56.0,daemon,85218.3,227988.4,13792.9,17086.5,60.8,
2025-12-28T03:31:34.542484,2.5,28.9,0.17,48.0,daemon,85218.3,228015.8,13793.8,17087.4,62.4,
2025-12-28T03:32:34.764558,0.8,29.9,0.50,69.0,daemon,85219.6,228068.5,13795.3,17088.4,64.0,
2025-12-28T03:33:34.977303,0.0,27.3,0.62,68.0,daemon,85219.6,228175.4,13797.0,17088.9,65.5,
2025-12-28T03:34:35.191920,1.7,27.6,0.23,62.0,daemon,85219.6,228216.6,13797.5,17089.2,67.1,
2025-12-28T03:35:35.440712,0.0,27.3,0.23,49.0,daemon,85219.6,228255.8,13797.9,17089.2,68.7,
2025-12-28T03:36:35.644140,9.2,28.2,0.62,84.0,daemon,85370.0,228712.5,13861.0,17089.9,70.1,
2025-12-28T03:37:35.853240,6.7,26.3,0.44,65.0,daemon,85447.9,229271.3,13861.1,17090.0,71.5,
2025-12-28T03:38:36.086698,4.2,26.9,0.44,52.0,daemon,85455.1,229341.5,13863.1,17090.1,73.0,
2025-12-28T03:39:36.297286,8.4,27.3,0.16,71.0,daemon,85492.4,229361.8,13863.5,17090.6,74.4,
2025-12-28T03:40:36.522505,3.3,26.9,0.39,65.0,daemon,85493.5,229424.8,13864.4,17092.2,75.8,
2025-12-28T03:41:36.724373,5.8,27.3,0.21,65.0,daemon,85497.8,229469.4,13864.7,17092.5,77.1,
2025-12-28T03:42:36.932499,0.0,27.3,0.16,61.0,daemon,85497.8,229492.7,13864.8,17092.6,78.4,
2025-12-28T03:43:37.157267,5.0,26.9,0.40,65.0,daemon,85497.8,229517.2,13864.9,17092.8,79.6,
2025-12-28T03:44:37.365929,0.8,26.9,0.20,62.0,daemon,85498.1,229538.3,13865.2,17093.0,80.7,
2025-12-28T03:45:37.575878,0.0,27.3,0.27,65.0,daemon,85499.9,229573.5,13865.3,17093.0,81.8,
2025-12-28T03:46:37.790540,0.0,26.9,0.35,61.0,daemon,85499.9,229600.2,13865.8,17094.0,82.8,
2025-12-28T03:47:38.000617,0.0,26.9,0.38,65.0,daemon,85500.0,229630.9,13866.2,17094.7,83.7,
2025-12-28T03:48:38.223538,1.7,26.9,0.22,61.0,daemon,85502.5,229655.4,13866.4,17095.0,84.7,
2025-12-28T03:49:38.476566,1.6,27.6,0.72,38.0,daemon,85693.4,229699.8,13869.9,17095.5,84.7,
2025-12-28T03:50:38.741193,0.0,27.3,0.24,37.0,daemon,85693.4,229773.0,13870.2,17095.9,84.5,
2025-12-28T03:51:39.002397,4.1,27.6,0.35,37.0,daemon,85693.4,229798.2,13870.3,17096.0,84.3,
2025-12-28T03:52:39.256723,0.8,28.2,1.06,38.0,daemon,85694.7,229885.3,13871.3,17096.2,84.0,
2025-12-28T03:53:39.504010,2.5,28.6,0.97,38.0,daemon,85694.8,230096.3,13871.4,17096.3,83.8,
2025-12-28T03:54:39.755664,1.7,27.9,0.47,37.0,daemon,85694.8,230143.5,13871.5,17096.3,83.7,
2025-12-28T03:55:40.010951,5.0,27.9,0.42,37.0,daemon,85694.8,230166.4,13871.6,17096.4,83.5,
2025-12-28T03:56:40.269096,5.0,27.9,0.44,37.0,daemon,85694.8,230207.6,13872.1,17097.4,83.2,
2025-12-28T03:57:40.555045,0.8,28.2,0.37,34.0,daemon,85694.8,230238.6,13872.9,17098.3,83.1,
2025-12-28T03:58:40.843254,2.5,27.9,0.17,35.0,daemon,85694.8,230253.6,13873.4,17099.2,82.8,
2025-12-28T03:59:41.097919,1.7,27.9,0.19,36.0,daemon,85694.8,230281.3,13873.6,17099.5,82.7,
2025-12-28T04:00:41.369356,2.5,27.9,0.26,37.0,daemon,85694.8,230305.3,13874.0,17100.1,82.5,
2025-12-28T04:01:41.600029,14.2,28.2,0.17,38.0,daemon,85694.8,230328.8,13874.0,17100.1,82.3,
2025-12-28T04:02:41.853108,0.0,27.3,0.57,35.0,daemon,85694.8,230358.7,13874.3,17100.4,82.1,
2025-12-28T04:03:42.105876,0.0,27.3,0.49,34.0,daemon,85694.8,230379.8,13874.4,17100.4,81.9,
2025-12-28T04:04:42.373033,6.7,27.6,0.55,35.0,daemon,85695.0,230430.7,13874.7,17100.5,81.8,
2025-12-28T04:05:42.645049,14.2,27.9,0.59,37.0,daemon,85695.3,230564.9,13877.0,17100.6,81.5,
2025-12-28T04:05:49.413007,11.8,28.6,0.58,39.0,daemon,85699.1,230568.9,13877.0,17100.6,81.5,
2025-12-28T04:05:52.714436,21.7,28.6,0.58,37.0,refresh,85699.3,230571.8,13877.8,17101.5,81.5,
2025-12-28T04:05:52.925051,16.8,28.6,0.58,37.0,refresh,85699.3,230571.8,13878.0,17101.7,81.5,
2025-12-28T04:06:42.914754,0.8,27.9,1.10,36.0,daemon,85705.9,230681.9,13878.1,17101.7,81.3,
2025-12-28T04:07:43.167767,0.8,28.2,0.84,35.0,daemon,85706.1,230738.4,13878.5,17102.0,81.1,
2025-12-28T04:08:43.429331,12.5,28.2,0.57,37.0,daemon,85706.1,230829.7,13878.6,17102.1,80.8,
2025-12-28T04:09:43.685665,2.5,28.2,0.84,36.0,daemon,85706.1,230882.2,13878.7,17102.4,80.6,
2025-12-28T04:10:43.945805,9.1,27.9,0.55,35.0,daemon,85706.1,230908.7,13879.1,17102.8,80.4,
2025-12-28T04:11:44.219884,4.1,28.2,0.58,33.0,daemon,85706.1,230965.6,13879.6,17103.4,80.2,
2025-12-28T04:12:44.481664,1.6,28.2,0.36,33.0,daemon,85706.1,231002.3,13879.8,17103.7,80.0,
2025-12-28T04:13:44.759122,0.8,28.2,0.39,33.0,daemon,85706.1,231019.1,13880.0,17104.1,79.8,
2025-12-28T04:14:45.005626,5.0,28.2,0.39,37.0,daemon,85706.3,231042.8,13880.1,17104.4,79.6,
2025-12-28T04:15:45.272249,13.4,28.2,0.35,38.0,daemon,85706.3,231067.6,13880.5,17105.4,79.4,
2025-12-28T04:16:45.545344,1.6,28.2,0.24,34.0,daemon,85706.3,231104.1,13880.9,17105.5,79.2,
2025-12-28T04:17:45.792831,0.8,28.2,0.47,35.0,daemon,85706.3,231140.6,13881.0,17105.9,79.0,
2025-12-28T04:18:46.049494,3.4,28.2,0.42,34.0,daemon,85706.3,231164.3,13881.2,17106.2,78.8,
2025-12-28T04:19:46.313977,1.7,28.2,0.27,36.0,daemon,85706.3,231191.5,13881.5,17107.2,78.6,
2025-12-28T04:20:46.587316,0.8,28.2,0.24,33.0,daemon,85706.3,231222.0,13881.7,17107.4,78.4,
2025-12-28T04:21:46.853729,4.2,28.2,0.50,35.0,daemon,85706.3,231295.4,13881.8,17107.4,78.2,
2025-12-28T04:32:00.612744,0.8,26.0,0.34,37.0,daemon,85707.6,231679.0,13883.8,17110.9,76.2,
2025-12-28T04:32:27.708111,7.5,26.0,0.35,38.0,refresh,85707.6,231702.7,13884.1,17111.2,76.1,
2025-12-28T04:32:27.923677,9.2,26.0,0.35,38.0,refresh,85707.6,231702.7,13884.8,17111.9,76.1,
2025-12-28T04:33:00.854220,5.8,26.3,0.31,39.0,daemon,85707.6,231765.5,13884.8,17111.9,76.0,
2025-12-28T04:34:01.112052,5.8,26.3,0.19,35.0,daemon,85707.6,231800.7,13884.9,17111.9,75.8,
2025-12-28T04:35:01.389819,0.0,26.3,0.35,34.0,daemon,85707.6,231832.4,13885.0,17112.4,75.6,
2025-12-28T04:36:01.621816,10.0,26.6,0.12,37.0,daemon,85707.6,231857.4,13885.6,17112.5,75.5,
2025-12-28T04:37:01.888342,0.8,26.6,0.33,34.0,daemon,85707.6,231884.9,13885.7,17112.6,75.3,
2025-12-28T04:38:02.143807,0.0,26.6,0.12,34.0,daemon,85707.6,231904.0,13885.7,17112.6,75.1,
2025-12-28T04:39:02.426337,0.0,26.6,0.09,32.0,daemon,85707.6,231956.8,13885.8,17112.7,75.0,
2025-12-28T04:40:02.703439,0.8,26.6,0.03,32.0,daemon,85707.6,231980.6,13885.9,17112.7,74.8,
2025-12-28T04:41:02.967916,1.7,26.6,0.11,32.0,daemon,85707.6,231989.9,13886.0,17112.8,74.7,
2025-12-28T04:42:03.243987,0.8,26.6,0.04,33.0,daemon,85707.6,232008.9,13886.1,17112.8,74.6,
2025-12-28T04:43:03.501949,1.7,26.3,0.10,35.0,daemon,85707.6,232027.5,13886.1,17112.9,74.4,
2025-12-28T04:44:03.771203,0.0,26.3,0.25,32.0,daemon,85707.6,232044.6,13886.2,17112.9,74.3,
2025-12-28T04:45:04.048276,0.0,26.6,0.09,33.0,daemon,85707.6,232064.9,13886.3,17113.0,74.2,
2025-12-28T04:46:04.328554,3.3,26.6,0.13,33.0,daemon,85707.6,232082.8,13886.4,17113.1,74.0,
2025-12-28T04:47:04.618316,0.0,26.6,0.26,32.0,daemon,85707.6,232102.4,13886.5,17113.2,73.9,
2025-12-28T04:48:04.876440,0.0,26.3,0.23,34.0,daemon,85707.6,232122.0,13886.5,17113.2,73.7,
2025-12-28T04:49:05.151598,4.2,26.3,0.37,33.0,daemon,85707.6,232143.5,13886.6,17113.2,73.6,
2025-12-28T04:50:05.406191,13.3,26.3,0.24,35.0,daemon,85707.6,232160.2,13886.6,17113.3,73.4,
2025-12-28T04:51:05.691641,0.0,26.3,0.25,33.0,daemon,85708.8,232171.4,13886.8,17113.7,73.2,
2025-12-28T04:52:05.974144,0.8,26.3,0.14,33.0,daemon,85708.8,232188.9,13886.8,17113.7,73.1,
2025-12-28T04:53:06.238208,0.8,26.3,0.24,33.0,daemon,85708.8,232210.2,13887.0,17114.2,72.9,
2025-12-28T04:54:06.502161,0.0,26.3,0.09,32.0,daemon,85708.8,232229.1,13887.1,17114.2,72.8,
2025-12-28T04:54:28.420304,8.5,26.3,0.28,35.0,refresh,85708.8,232237.5,13887.1,17114.2,72.7,
2025-12-28T04:54:28.617139,12.5,26.3,0.28,35.0,refresh,85708.8,232237.5,13887.1,17114.3,72.7,
2025-12-28T04:55:06.731482,12.6,26.3,1.95,37.0,daemon,85710.1,232261.9,13980.2,17115.1,72.6,
2025-12-28T04:55:31.947596,10.7,26.3,1.88,38.0,refresh,85710.1,232288.9,14177.5,17144.9,72.5,
2025-12-28T04:55:32.135410,19.3,26.3,1.88,38.0,refresh,85710.1,232288.9,14177.5,17144.9,72.5,
2025-12-28T04:56:06.996929,1.6,26.3,1.12,33.0,daemon,85710.1,232319.8,14177.5,17145.0,72.4,
2025-12-28T04:57:07.240410,0.0,26.3,0.62,34.0,daemon,85710.1,232351.1,14177.6,17145.0,72.2,
2025-12-28T04:58:07.496951,1.6,26.3,0.22,36.0,daemon,85710.1,232374.0,14177.8,17145.5,72.0,
2025-12-28T04:59:07.758097,1.7,26.3,0.12,35.0,daemon,85710.1,232404.4,14178.0,17145.9,71.9,
2025-12-28T05:00:08.029961,0.8,26.3,0.21,33.0,daemon,85710.1,232428.7,14178.2,17146.3,71.7,
2025-12-28T05:01:08.300764,2.5,26.6,0.17,33.0,daemon,85710.1,232447.8,14178.3,17146.4,71.5,
2025-12-28T05:02:08.575100,0.0,26.9,0.40,33.0,daemon,85710.1,232462.3,14178.6,17146.5,71.4,
2025-12-28T05:03:08.862494,14.4,26.6,0.28,34.0,daemon,85710.1,232487.5,14178.7,17146.5,71.2,
2025-12-28T05:04:09.136408,9.2,26.6,0.35,33.0,daemon,85710.1,232508.2,14178.7,17146.6,71.0,
2025-12-28T05:05:09.416889,2.5,26.6,0.46,35.0,daemon,85710.1,232525.1,14179.3,17148.6,70.8,
2025-12-28T05:06:09.697647,0.8,26.6,0.29,33.0,daemon,85710.1,232551.5,14180.5,17150.0,70.6,
2025-12-28T05:07:09.977084,0.0,27.3,0.23,33.0,daemon,85710.1,232569.4,14180.9,17150.3,70.4,
2025-12-28T05:08:10.250346,4.1,27.3,0.29,35.0,daemon,85710.1,232590.7,14181.9,17151.4,70.2,
2025-12-28T05:09:10.502559,8.3,27.3,0.36,37.0,daemon,85710.1,232639.4,14183.4,17152.9,70.0,
2025-12-28T05:10:10.784882,5.9,27.3,0.33,33.0,daemon,85710.2,232667.5,14184.1,17153.7,69.8,
2025-12-28T05:11:11.063204,1.7,26.6,0.36,33.0,daemon,85710.7,232690.9,14184.4,17153.9,69.6,
2025-12-28T05:12:11.335819,3.3,26.3,0.27,33.0,daemon,85712.5,232703.3,14184.5,17154.0,69.5,
2025-12-28T05:13:11.599589,0.8,26.3,0.25,33.0,daemon,85712.5,232732.7,14184.6,17154.0,69.3,
2025-12-28T05:14:11.876699,1.7,26.6,0.22,33.0,daemon,85712.5,232785.0,14186.6,17154.1,69.1,
2025-12-28T05:15:07.374401,5.8,26.9,0.72,36.0,daemon,85714.3,232838.6,14187.2,17155.9,68.9,
2025-12-28T05:16:07.626129,0.0,26.3,0.66,36.0,daemon,85714.3,232916.5,14187.4,17156.0,68.7,
2025-12-28T05:16:36.662782,15.3,26.3,0.77,39.0,refresh,85714.3,232931.1,14188.1,17156.6,68.6,
2025-12-28T05:16:36.854526,10.1,26.6,0.77,39.0,refresh,85714.3,232931.1,14188.1,17156.6,68.6,
2025-12-28T05:17:07.879659,0.0,26.6,0.83,37.0,daemon,85714.4,232976.3,14190.0,17156.9,68.5,
2025-12-28T05:18:08.136473,9.2,26.6,0.87,37.0,daemon,85714.5,233096.5,14190.8,17157.0,68.2,
2025-12-28T05:19:08.411832,8.4,26.9,1.72,36.0,daemon,85727.8,233169.7,14191.3,17157.1,68.0,
2025-12-28T05:20:08.658084,11.7,26.6,0.97,35.0,daemon,85727.8,233260.6,14191.6,17158.1,67.8,
2025-12-28T05:21:08.907550,3.3,27.3,0.46,37.0,daemon,85727.8,233277.5,14191.9,17159.4,67.6,
2025-12-28T05:22:09.172355,3.4,26.6,0.32,35.0,daemon,85727.8,233303.2,14192.4,17160.9,67.4,
2025-12-28T05:23:09.435806,9.8,26.9,0.33,34.0,daemon,85727.8,233328.4,14192.7,17161.9,67.2,
2025-12-28T05:24:09.703756,0.0,26.6,0.34,33.0,daemon,85727.8,233357.2,14193.1,17163.3,67.0,
2025-12-28T05:25:09.937697,5.8,27.3,0.59,39.0,daemon,85727.8,233395.4,14193.6,17163.4,66.8,
2025-12-28T05:26:10.190194,4.2,26.9,0.97,38.0,daemon,85727.8,233490.3,14194.1,17164.6,66.5,
2025-12-28T05:27:10.443846,5.0,26.9,0.53,37.0,daemon,85727.8,233526.2,14194.4,17165.2,66.3,
2025-12-28T05:28:10.722066,5.0,26.9,0.34,37.0,daemon,85727.8,233553.5,14194.6,17165.3,66.0,
2025-12-28T05:29:10.992446,7.5,26.9,1.12,37.0,daemon,85727.8,233642.3,14194.9,17165.4,65.8,
2025-12-28T05:30:11.249393,5.9,27.3,1.53,38.0,daemon,85727.8,233709.8,14195.2,17165.6,65.5,
2025-12-28T05:31:11.511190,5.0,26.9,0.86,37.0,daemon,85727.8,233769.4,14195.2,17165.6,65.2,
2025-12-28T05:32:11.792928,5.0,26.9,0.80,35.0,daemon,85727.8,233797.4,14195.3,17165.6,65.0,
2025-12-28T05:33:12.053008,3.4,26.9,0.68,37.0,daemon,85727.8,233828.9,14195.4,17165.7,64.8,
2025-12-28T05:34:12.321973,5.0,26.9,0.28,36.0,daemon,85727.8,233854.7,14195.4,17165.7,64.5,
2025-12-28T05:35:12.604368,5.7,26.9,0.18,35.0,daemon,85727.8,233870.5,14195.5,17165.8,64.3,
2025-12-28T05:36:12.873797,4.2,26.9,0.66,35.0,daemon,85727.8,233891.8,14195.8,17165.8,64.1,
2025-12-28T05:37:13.134294,6.6,26.9,0.69,35.0,daemon,85727.8,233908.3,14195.9,17165.9,63.8,
2025-12-28T05:38:13.330159,13.3,27.3,0.48,71.0,daemon,86022.6,233972.5,14196.7,17165.9,64.0,
2025-12-28T05:38:14.407076,7.6,27.3,0.48,79.0,daemon,86023.5,233974.3,14196.7,17166.0,64.0,
2025-12-28T05:38:18.351846,7.6,27.3,0.52,81.0,refresh,86023.5,233976.5,14197.3,17166.5,64.1,
2025-12-28T05:38:18.508489,11.5,27.3,0.52,81.0,refresh,86023.5,233976.5,14197.3,17166.5,64.1,
2025-12-28T05:39:14.646322,3.4,27.3,0.57,60.0,daemon,86023.7,234111.1,14197.5,17166.7,65.5,
2025-12-28T05:40:14.874305,4.9,27.3,0.91,45.0,daemon,86023.7,234133.3,14197.5,17166.7,67.1,
2025-12-28T05:41:15.117553,4.1,27.3,0.44,49.0,daemon,86023.7,234152.1,14197.6,17166.8,68.7,
2025-12-28T05:42:15.358482,2.5,27.3,0.55,47.0,daemon,86023.7,234179.3,14197.7,17166.8,70.2,
2025-12-28T05:43:15.573153,16.2,26.9,0.71,71.0,daemon,86023.7,234223.1,14198.1,17166.9,71.6,
2025-12-28T05:44:15.804378,0.0,27.3,0.62,44.0,daemon,86023.7,234329.8,14198.6,17167.1,72.9,
2025-12-28T05:45:16.043824,0.0,26.9,0.44,41.0,daemon,86023.7,234385.2,14198.7,17167.1,74.3,
2025-12-28T05:46:16.273020,4.2,26.6,0.16,60.0,daemon,86023.7,234418.2,14198.7,17167.2,75.5,
2025-12-28T05:47:16.476117,0.8,27.3,0.21,62.0,daemon,86023.7,234436.8,14199.2,17167.6,76.7,
2025-12-28T05:48:16.700473,2.5,26.6,0.19,62.0,daemon,86023.7,234455.0,14199.8,17169.8,77.9,
2025-12-28T05:49:16.923744,3.3,26.6,0.19,44.0,daemon,86023.7,234489.1,14200.4,17172.6,79.0,
2025-12-28T05:50:17.164588,0.0,26.9,0.17,43.0,daemon,86023.7,234511.3,14200.8,17172.9,80.0,
2025-12-28T05:51:17.400930,4.9,26.9,0.06,41.0,daemon,86023.7,234531.1,14201.0,17173.0,81.0,
2025-12-28T05:52:17.638717,1.6,26.6,0.10,43.0,daemon,86023.7,234549.8,14201.1,17173.0,82.0,
2025-12-28T05:53:17.847545,0.0,26.6,0.17,60.0,daemon,86023.7,234571.2,14201.2,17173.1,82.9,
2025-12-28T05:54:18.070155,3.3,26.6,0.14,44.0,daemon,86023.7,234591.4,14201.2,17173.1,83.8,
2025-12-28T05:55:18.272912,5.0,26.6,0.23,62.0,daemon,86023.7,234613.4,14202.0,17178.1,84.6,
2025-12-28T05:56:18.509412,3.3,26.6,0.20,47.0,daemon,86023.7,234628.1,14202.6,17179.9,85.4,
2025-12-28T05:57:18.744713,1.7,26.6,0.30,57.0,daemon,86023.7,234650.7,14202.8,17180.5,86.1,
2025-12-28T05:58:18.961885,4.1,26.6,0.46,60.0,daemon,86038.8,234710.1,14203.1,17180.6,86.9,
2025-12-28T05:59:19.187137,3.3,26.6,0.37,43.0,daemon,86038.8,234842.4,14203.2,17180.6,87.5,
2025-12-28T15:20:26.548377,3.4,27.6,0.47,60.0,daemon,86049.0,234947.0,14206.6,17181.4,100.0,
2025-12-28T15:21:26.792482,0.8,27.3,0.49,35.0,daemon,86049.0,235045.4,14207.0,17181.6,100.0,
2025-12-28T15:22:27.032557,0.8,27.6,0.24,52.0,daemon,86051.6,235100.9,14225.1,17198.9,99.4,
2025-12-28T15:23:27.229608,2.5,27.9,0.13,60.0,daemon,86051.6,235121.5,14225.3,17199.2,99.2,
2025-12-28T15:24:27.461262,0.8,27.6,0.17,60.0,daemon,86051.6,235177.7,14226.1,17200.5,98.9,
2025-12-28T15:25:27.699576,1.7,27.6,0.11,57.0,daemon,86051.6,235194.8,14226.2,17200.6,98.7,
2025-12-28T15:26:27.925458,3.3,27.3,0.04,42.0,daemon,86051.6,235209.2,14226.3,17200.6,98.6,
2025-12-28T15:27:28.163224,1.7,27.9,0.41,53.0,daemon,86051.6,235219.6,14226.5,17200.6,98.4,
2025-12-28T15:28:28.406202,1.7,27.6,0.29,41.0,daemon,86073.3,235238.9,14226.8,17200.7,98.2,
2025-12-28T15:29:28.607353,3.3,28.2,0.10,60.0,daemon,86074.6,235303.6,14227.7,17201.6,98.0,
2025-12-28T15:30:28.808022,3.3,27.9,0.04,62.0,daemon,86074.6,235367.5,14228.2,17202.6,97.8,
2025-12-28T15:31:29.026923,5.0,27.6,0.35,61.0,daemon,86078.4,235398.5,14229.1,17205.0,97.5,
2025-12-28T15:32:29.263817,1.7,28.2,0.50,45.0,daemon,86078.4,235468.8,14230.8,17207.1,97.2,
2025-12-28T15:33:29.508974,0.8,27.3,0.30,41.0,daemon,86078.4,235566.9,14231.5,17207.9,97.0,
2025-12-28T15:34:29.728752,1.7,27.3,0.29,43.0,daemon,86078.4,235590.3,14231.6,17208.4,96.8,
2025-12-28T15:35:29.967426,0.0,27.3,0.19,40.0,daemon,86078.4,235607.2,14231.8,17208.7,96.6,
2025-12-28T15:36:30.215375,0.8,27.3,0.21,41.0,daemon,86078.5,235625.6,14232.4,17208.8,96.4,
2025-12-28T15:37:30.459970,5.0,27.6,0.68,45.0,daemon,86078.5,235643.2,14232.8,17209.4,96.2,
2025-12-28T15:38:30.687293,1.7,27.3,0.31,46.0,daemon,86078.5,235668.4,14232.9,17209.5,96.1,
2025-12-28T15:39:30.892713,3.3,27.9,0.37,53.0,daemon,86078.5,235683.6,14233.3,17210.7,95.7,
2025-12-28T15:40:31.137082,0.0,27.3,0.37,43.0,daemon,86078.5,235703.3,14233.5,17211.4,95.5,
2025-12-28T15:41:31.340871,0.0,27.9,0.17,62.0,daemon,86078.5,235727.0,14233.7,17212.1,95.4,
2025-12-28T15:42:31.550291,0.0,27.3,0.29,55.0,daemon,86078.5,235742.3,14233.7,17212.1,95.2,
2025-12-28T15:43:31.762327,2.5,27.3,0.14,60.0,daemon,86078.5,235760.8,14233.8,17212.2,95.0,
2025-12-28T15:44:31.975666,0.8,27.3,0.14,56.0,daemon,86078.5,235775.0,14233.9,17212.2,94.9,
2025-12-28T15:45:32.221873,2.5,27.3,0.15,53.0,daemon,86078.5,235790.0,14234.0,17212.2,94.8,
2025-12-28T15:46:32.465469,0.0,27.3,0.10,37.0,daemon,86078.5,235804.1,14234.0,17212.3,94.6,
2025-12-28T15:47:32.699927,0.0,27.3,0.16,40.0,daemon,86078.5,235813.8,14234.1,17212.3,94.4,
2025-12-28T15:48:32.931131,4.1,27.3,0.46,44.0,daemon,86078.5,235832.7,14234.7,17216.7,94.2,
2025-12-28T15:49:33.171511,2.5,27.3,0.48,47.0,daemon,86078.5,235870.7,14235.7,17222.9,93.9,
2025-12-28T15:50:33.378215,0.8,27.3,0.68,64.0,daemon,86078.5,235903.7,14236.6,17226.6,93.6,
2025-12-28T15:51:33.601255,2.5,26.9,0.34,45.0,daemon,86079.5,235944.4,14237.0,17228.2,93.4,
2025-12-28T15:52:33.810629,2.5,27.3,0.40,60.0,daemon,86079.5,235975.1,14237.7,17230.8,93.1,
2025-12-28T15:53:34.034283,4.2,27.3,0.23,39.0,daemon,86079.5,236003.3,14238.5,17234.0,92.9,
2025-12-28T15:54:34.219262,0.0,27.3,0.16,60.0,daemon,86079.5,236027.5,14238.6,17234.0,92.7,
2025-12-28T15:55:34.447811,2.5,27.3,0.23,43.0,daemon,86079.5,236048.4,14238.6,17234.0,92.5,
2025-12-28T15:56:34.656473,1.7,27.3,0.16,59.0,daemon,86079.5,236070.2,14238.7,17234.1,92.3,
2025-12-28T15:57:34.863667,2.5,27.3,0.25,59.0,daemon,86079.5,236095.4,14238.7,17234.1,92.1,
2025-12-28T15:58:35.097086,0.8,27.3,0.09,55.0,daemon,86079.5,236120.8,14238.8,17234.2,91.9,
2025-12-28T15:59:35.314142,4.2,26.6,0.17,61.0,daemon,86079.5,236161.7,14238.8,17234.2,91.7,
2025-12-28T16:00:35.529897,1.7,26.9,0.30,41.0,daemon,86079.5,236190.2,14239.1,17235.8,91.5,
2025-12-28T16:01:35.758178,0.8,26.9,0.18,55.0,daemon,86079.5,236213.1,14239.2,17235.9,91.4,
2025-12-28T16:02:35.984344,0.8,26.9,0.06,40.0,daemon,86079.5,236233.3,14239.3,17235.9,91.2,
2025-12-28T16:03:36.210286,0.8,26.9,0.02,40.0,daemon,86079.5,236251.5,14239.3,17235.9,91.1,
2025-12-28T16:04:36.452424,0.0,26.9,0.04,40.0,daemon,86079.5,236273.7,14239.4,17236.0,90.9,
2025-12-28T16:05:36.685969,3.3,26.9,0.01,40.0,daemon,86079.5,236290.0,14239.4,17236.8,90.8,
2025-12-28T16:06:36.922826,4.2,26.9,0.17,56.0,daemon,86079.8,236315.8,14240.2,17241.8,90.5,
2025-12-28T16:07:37.135994,3.3,26.9,0.06,43.0,daemon,86079.8,236335.5,14240.3,17241.9,90.3,
2025-12-28T16:08:37.338628,0.8,26.9,0.23,59.0,daemon,86079.8,236347.6,14240.4,17241.9,90.1,
2025-12-28T16:09:37.573922,5.0,26.9,0.08,41.0,daemon,86079.8,236366.2,14240.4,17241.9,90.0,
2025-12-28T16:10:37.781274,1.7,26.9,0.15,44.0,daemon,86079.8,236382.0,14240.4,17241.9,89.8,
2025-12-28T16:11:38.018220,1.7,26.9,0.28,40.0,daemon,86079.8,236398.5,14240.5,17242.0,89.6,
2025-12-28T16:12:38.238098,2.5,26.9,0.10,57.0,daemon,86079.8,236416.8,14240.5,17242.0,89.5,
2025-12-28T16:13:38.468772,4.1,26.9,0.45,41.0,daemon,86079.8,236435.7,14240.6,17242.9,89.3,
2025-12-28T16:14:38.694763,3.3,26.9,0.41,60.0,daemon,86080.1,236456.9,14241.0,17244.7,89.0,
2025-12-28T16:15:38.937887,2.5,26.9,0.34,45.0,daemon,86080.1,236480.1,14241.5,17246.5,88.8,
2025-12-28T16:16:39.163510,1.7,26.9,0.99,44.0,daemon,86080.1,236502.5,14242.5,17252.1,88.5,
2025-12-28T16:17:39.397534,0.0,26.9,0.36,44.0,daemon,86080.1,236528.3,14243.2,17255.0,88.3,
2025-12-28T16:18:39.612047,0.0,26.9,0.28,51.0,daemon,86080.1,236547.7,14243.2,17255.0,88.1,
2025-12-28T16:19:39.837209,3.4,26.9,0.43,40.0,daemon,86080.1,236572.2,14243.3,17255.9,87.9,
2025-12-28T16:20:03.734753,6.7,27.3,0.51,55.0,refresh,86080.1,236574.9,14243.6,17256.0,87.8,
2025-12-28T16:20:03.894728,8.3,27.3,0.51,55.0,refresh,86080.1,236575.7,14243.6,17256.1,87.8,
2025-12-28T16:20:06.725043,6.7,27.6,0.51,75.0,refresh,86080.1,236578.3,14244.0,17256.4,87.8,
2025-12-28T16:20:06.893480,12.6,27.6,0.51,75.0,refresh,86080.1,236601.2,14244.4,17256.9,87.8,
2025-12-28T16:20:30.348417,5.1,27.3,0.34,68.0,refresh,86080.1,236615.4,14244.5,17257.0,87.7,
2025-12-28T16:20:30.510936,12.3,27.3,0.34,68.0,refresh,86080.1,236615.4,14244.5,17257.0,87.7,
2025-12-28T16:20:40.062655,1.7,27.3,0.36,45.0,daemon,86080.1,236650.6,14244.8,17257.0,87.7,
2025-12-28T16:21:40.264765,6.6,27.3,0.70,64.0,daemon,86080.1,236712.8,14245.3,17259.9,87.4,
2025-12-28T16:22:40.479360,0.8,26.9,0.39,39.0,daemon,86080.1,236732.9,14246.0,17263.9,87.2,
2025-12-28T16:22:46.206308,10.9,27.3,0.35,75.0,refresh,86080.1,236743.8,14246.0,17263.9,87.1,
2025-12-28T16:22:46.363303,8.4,27.3,0.35,75.0,refresh,86080.1,236743.8,14246.0,17263.9,87.1,
2025-12-28T16:23:40.690136,3.3,26.9,0.57,55.0,daemon,86080.1,236765.5,14246.1,17264.0,86.9,
2025-12-28T16:24:40.906119,8.2,27.3,0.70,43.0,daemon,86080.1,236788.8,14246.1,17264.0,86.7,
2025-12-28T16:25:41.110889,0.8,26.9,0.47,59.0,daemon,86080.1,236811.1,14246.2,17264.0,86.5,
2025-12-28T16:25:50.745081,0.8,27.3,0.40,55.0,daemon,86084.3,236842.8,14246.2,17264.0,86.5,
2025-12-28T16:25:54.268205,11.2,27.3,0.36,73.0,refresh,86084.4,236844.0,14246.4,17264.2,86.5,
2025-12-28T16:25:54.421761,16.9,27.3,0.36,73.0,refresh,86084.4,236844.0,14247.1,17264.6,86.5,
2025-12-28T16:26:50.984630,1.6,26.9,0.44,40.0,daemon,86084.4,236910.7,14247.3,17264.7,86.2,
2025-12-28T16:27:51.221727,3.4,26.9,0.44,43.0,daemon,86084.4,236923.3,14247.3,17264.7,86.0,
2025-12-28T16:28:51.452954,0.8,26.9,0.16,43.0,daemon,86084.4,236971.2,14247.6,17266.7,85.8,
2025-12-28T16:29:32.990918,9.2,26.9,0.21,69.0,refresh,86085.3,237018.0,14247.9,17268.9,85.6,
2025-12-28T16:29:33.144920,8.4,26.9,0.19,69.0,refresh,86085.3,237018.0,14247.9,17268.9,85.6,
2025-12-28T16:29:38.619626,5.9,27.3,0.17,64.0,refresh,86085.3,237020.3,14248.0,17269.0,85.6,
2025-12-28T16:29:38.804357,8.3,27.3,0.17,64.0,refresh,86085.3,237020.3,14248.0,17269.0,85.6,
2025-12-28T16:29:51.664456,3.3,28.2,0.23,45.0,daemon,86085.3,237022.2,14248.0,17269.1,85.5,
2025-12-28T16:29:54.330780,6.7,27.9,0.21,81.0,refresh,86085.3,237024.2,14248.1,17269.1,85.5,
2025-12-28T16:29:54.501789,8.3,27.9,0.21,81.0,refresh,86085.3,237024.2,14248.1,17269.1,85.5,
2025-12-28T16:30:51.869898,4.2,27.9,0.37,61.0,daemon,86085.4,237079.7,14248.2,17269.2,85.3,
2025-12-28T16:31:52.079356,0.8,27.9,0.22,59.0,daemon,86085.4,237104.5,14248.3,17269.2,85.1,
2025-12-28T16:32:08.396834,11.8,27.9,0.54,78.0,daemon,86085.4,237119.1,14248.3,17270.2,85.0,
2025-12-28T16:32:11.207302,10.0,27.9,0.54,77.0,refresh,86109.3,237120.6,14248.4,17270.3,85.0,
2025-12-28T16:32:11.372946,12.5,27.9,0.54,77.0,refresh,86109.3,237120.6,14248.4,17270.3,85.0,
2025-12-28T16:33:08.606856,5.0,27.9,0.41,68.0,daemon,86109.3,237184.4,14248.7,17270.4,84.8,
2025-12-28T16:33:56.920099,7.6,28.2,0.42,56.0,refresh,86109.3,237209.9,14248.9,17270.5,84.5,
2025-12-28T16:33:57.114656,11.7,28.2,0.42,56.0,refresh,86109.3,237209.9,14248.9,17270.5,84.5,
2025-12-28T16:34:08.823570,0.0,27.9,0.46,56.0,daemon,86109.3,237213.6,14248.9,17270.6,84.5,
2025-12-28T16:35:09.030732,10.1,27.9,0.56,49.0,daemon,86109.3,237266.0,14249.6,17270.6,84.3,
2025-12-28T16:36:09.257508,2.5,27.9,0.35,60.0,daemon,86109.3,237319.1,14251.7,17270.7,84.1,
2025-12-28T16:36:42.063523,12.6,27.9,0.21,56.0,refresh,86109.3,237337.2,14251.7,17270.8,84.0,
2025-12-28T16:36:42.221475,6.7,27.9,0.21,56.0,refresh,86109.3,237337.2,14251.8,17270.8,84.0,
2025-12-28T16:37:09.483872,3.3,28.2,0.12,43.0,daemon,86109.3,237356.3,14251.9,17270.9,83.9,
2025-12-28T16:37:28.278582,12.5,28.6,0.33,57.0,refresh,86109.3,237376.8,14252.4,17271.4,83.8,
2025-12-28T16:37:28.434276,7.6,28.6,0.33,57.0,refresh,86109.3,237376.8,14252.4,17271.4,83.8,
2025-12-28T16:37:35.090411,9.2,28.6,0.38,59.0,refresh,86109.3,237384.7,14252.5,17271.5,83.8,
2025-12-28T16:37:35.276614,9.2,28.6,0.38,59.0,refresh,86109.3,237384.7,14252.5,17271.5,83.8,
2025-12-28T16:38:09.722633,0.8,27.9,0.27,44.0,daemon,86109.4,237410.0,14252.6,17271.6,83.7,
2025-12-28T16:38:27.726560,9.9,28.6,0.21,74.0,refresh,86109.4,237437.9,14252.9,17271.9,83.6,
2025-12-28T16:38:27.917344,9.1,28.6,0.21,74.0,refresh,86109.4,237437.9,14252.9,17271.9,83.6,
2025-12-28T16:38:47.256420,11.7,28.2,0.15,61.0,refresh,86109.5,237443.0,14253.1,17272.1,83.5,
2025-12-28T16:38:47.413630,9.3,28.2,0.15,61.0,refresh,86109.5,237443.0,14253.1,17272.1,83.5,
2025-12-28T16:39:09.957998,0.0,28.2,0.15,41.0,daemon,86109.5,237468.6,14253.2,17272.1,83.4,
2025-12-28T16:39:51.620242,8.3,28.6,0.23,59.0,refresh,86109.5,237493.1,14253.7,17272.6,83.3,
2025-12-28T16:39:51.812803,8.5,28.6,0.23,59.0,refresh,86109.5,237493.1,14253.7,17272.6,83.3,
2025-12-28T16:40:10.192800,2.5,28.9,0.22,45.0,daemon,86109.5,237508.0,14253.8,17272.7,83.2,
2025-12-28T16:41:10.409431,15.0,28.9,0.55,48.0,daemon,86109.8,237633.4,14254.5,17272.8,82.9,
2025-12-28T16:42:10.645990,5.0,28.9,0.67,47.0,daemon,86109.8,237705.4,14255.8,17273.8,82.6,
2025-12-28T16:42:41.250962,10.8,27.9,0.55,74.0,refresh,86109.8,237743.5,14256.4,17274.3,82.5,
2025-12-28T16:42:41.404278,9.2,27.9,0.55,74.0,refresh,86109.8,237743.5,14256.5,17274.3,82.5,
2025-12-28T16:43:10.853447,0.0,27.3,0.55,57.0,daemon,86110.4,237776.5,14256.6,17274.4,82.4,
2025-12-28T16:44:11.061099,0.0,27.6,0.20,60.0,daemon,86110.4,237809.3,14256.9,17274.6,82.1,
2025-12-28T16:44:34.416150,11.0,27.6,0.48,73.0,refresh,86110.4,237812.0,14257.1,17274.8,82.0,
2025-12-28T16:44:34.611889,8.3,27.6,0.48,73.0,refresh,86110.4,237812.0,14257.1,17274.8,82.0,
2025-12-28T16:45:11.253066,4.2,27.6,0.43,60.0,daemon,86110.4,237847.2,14257.3,17275.0,81.9,
2025-12-28T16:45:12.523811,7.5,27.9,0.43,70.0,refresh,86110.4,237849.0,14257.3,17275.0,81.9,
2025-12-28T16:45:12.704497,10.9,27.9,0.43,70.0,refresh,86110.4,237849.0,14257.4,17275.1,81.9,
2025-12-28T16:45:25.995164,9.2,27.9,0.33,71.0,refresh,86110.4,237856.4,14257.5,17275.2,81.8,
2025-12-28T16:45:26.156961,9.2,27.9,0.33,71.0,refresh,86110.4,237856.4,14257.5,17275.2,81.8,
2025-12-28T16:46:11.459928,3.3,28.2,0.63,57.0,daemon,86110.5,237937.1,14258.1,17275.4,81.6,
2025-12-28T16:46:12.549260,7.5,28.6,0.63,71.0,refresh,86110.5,237942.8,14258.5,17275.9,81.6,
2025-12-28T16:46:12.704033,9.1,28.2,0.63,71.0,refresh,86110.5,237943.0,14259.0,17276.3,81.6,
2025-12-28T16:47:11.670583,0.8,29.2,0.78,68.0,daemon,86110.7,238042.8,14259.9,17276.7,81.1,
2025-12-28T16:48:11.894215,1.7,28.2,0.57,43.0,daemon,86111.8,238160.9,14260.1,17276.8,80.9,
2025-12-28T16:48:27.355094,8.4,28.6,0.61,57.0,refresh,86111.8,238178.2,14260.2,17276.9,80.8,
2025-12-28T16:48:27.513004,9.2,28.6,0.61,57.0,refresh,86111.8,238178.2,14260.2,17276.9,80.8,
2025-12-28T16:48:31.011592,8.5,28.6,0.56,59.0,refresh,86111.8,238182.6,14260.3,17277.0,80.8,
2025-12-28T16:48:31.210222,7.5,28.6,0.56,59.0,refresh,86111.8,238182.6,14260.3,17277.0,80.8,
2025-12-28T16:49:12.089237,22.5,28.9,0.43,81.0,daemon,86111.8,238213.9,14260.9,17277.5,80.6,
2025-12-28T16:49:12.161205,7.5,28.9,0.43,81.0,refresh,86111.8,238214.0,14260.9,17277.5,80.6,
2025-12-28T16:49:12.346735,10.1,28.9,0.43,81.0,refresh,86111.8,238214.0,14261.0,17277.6,80.6,
2025-12-28T16:49:17.145701,10.0,28.9,0.64,71.0,refresh,86111.8,238217.2,14261.1,17277.7,80.6,
2025-12-28T16:49:17.293824,10.0,28.9,0.64,71.0,refresh,86111.8,238217.2,14261.1,17277.7,80.6,
2025-12-28T16:49:42.629941,10.1,27.6,0.59,58.0,refresh,86111.8,238255.0,14261.2,17277.8,80.5,
2025-12-28T16:49:42.787984,11.0,27.6,0.59,58.0,refresh,86111.8,238255.0,14261.2,17277.8,80.5,
2025-12-28T16:49:54.299850,6.7,27.6,0.53,56.0,refresh,86111.8,238277.5,14261.7,17278.3,80.4,
2025-12-28T16:49:54.465343,9.3,27.6,0.53,56.0,refresh,86111.8,238277.8,14262.1,17278.7,80.4,
2025-12-28T16:50:12.283671,0.8,27.3,0.49,59.0,daemon,86111.8,238288.4,14262.2,17278.8,80.3,
2025-12-28T16:51:12.495004,0.0,27.3,0.18,56.0,daemon,86111.8,238339.5,14262.5,17278.8,80.2,
2025-12-28T16:52:12.736165,0.8,27.3,0.06,37.0,daemon,86111.8,238367.6,14262.6,17278.9,80.0,
2025-12-28T16:53:12.970970,0.0,27.3,0.02,40.0,daemon,86111.8,238386.9,14262.6,17278.9,79.8,
2025-12-28T16:54:13.205313,0.0,27.3,0.10,41.0,daemon,86111.8,238409.8,14262.7,17279.9,79.7,
2025-12-28T16:55:13.433848,3.3,27.3,0.49,44.0,daemon,86111.8,238443.7,14263.0,17282.0,79.5,
2025-12-28T16:56:13.647114,0.8,27.3,0.75,57.0,daemon,86111.8,238466.9,14263.1,17283.0,79.2,
2025-12-28T16:57:13.886566,5.0,27.3,0.42,41.0,daemon,86111.8,238484.5,14263.4,17284.1,79.1,
2025-12-28T16:58:14.088762,0.0,27.3,0.26,57.0,daemon,86111.8,238507.6,14263.4,17284.1,78.9,
2025-12-28T16:59:14.302100,1.6,27.3,0.31,50.0,daemon,86111.8,238554.4,14263.6,17284.2,78.7,
2025-12-28T17:00:14.525374,0.0,27.3,0.17,43.0,daemon,86111.8,238576.4,14263.9,17285.4,78.5,
2025-12-28T17:01:14.757376,0.8,27.6,0.12,47.0,daemon,86111.9,238604.1,14264.3,17285.6,78.3,
2025-12-28T17:02:14.994744,0.8,27.3,0.31,41.0,daemon,86111.9,238678.1,14264.3,17285.7,78.1,
2025-12-28T17:03:15.234703,0.0,27.3,0.11,40.0,daemon,86111.9,238699.0,14264.4,17285.7,77.9,
2025-12-28T17:04:15.546168,1.7,27.3,0.20,46.0,daemon,86111.9,238718.5,14264.4,17285.7,77.8,
2025-12-28T17:05:15.781338,1.7,27.3,0.11,41.0,daemon,86111.9,238735.4,14264.4,17285.8,79.0,
2025-12-28T17:06:16.019442,0.8,27.3,0.04,41.0,daemon,86111.9,238748.0,14264.5,17285.8,80.2,
2025-12-28T17:07:16.256104,0.0,27.3,0.01,40.0,daemon,86111.9,238761.3,14264.5,17285.8,81.3,
2025-12-28T17:08:16.499217,0.8,27.3,0.12,41.0,daemon,86111.9,238785.4,14264.7,17285.9,82.4,
2025-12-28T17:09:16.729475,2.5,27.3,0.34,41.0,daemon,86111.9,238808.7,14265.0,17286.3,83.3,
2025-12-28T17:10:16.971792,0.0,28.2,0.12,50.0,daemon,86112.0,238833.2,14265.2,17286.4,84.3,
2025-12-28T17:11:17.184645,2.5,28.2,0.04,57.0,daemon,86112.0,238846.1,14265.3,17286.5,85.2,
2025-12-28T17:12:17.429490,3.4,28.2,0.12,44.0,daemon,86112.0,238865.2,14265.6,17286.8,86.0,
2025-12-28T17:13:17.673938,0.0,28.2,0.17,43.0,daemon,86112.0,238883.5,14266.3,17287.2,86.8,
2025-12-28T17:14:17.900147,0.8,28.2,0.12,43.0,daemon,86251.2,238956.2,14268.2,17287.5,87.6,
2025-12-28T17:15:18.120143,4.2,28.2,0.32,60.0,daemon,86251.2,238983.5,14268.7,17287.8,88.4,
2025-12-28T17:16:18.334265,5.8,28.2,0.24,60.0,daemon,86251.2,238998.6,14269.0,17287.9,89.0,
2025-12-28T17:17:18.548100,0.8,28.2,0.08,44.0,daemon,86251.2,239014.1,14269.4,17288.2,89.7,
2025-12-28T17:18:18.773451,0.0,28.2,0.18,48.0,daemon,86251.2,239025.1,14269.9,17288.5,90.3,
2025-12-28T17:19:19.002222,0.0,28.2,0.55,43.0,daemon,86251.2,239046.0,14270.2,17288.7,90.9,
2025-12-28T17:20:19.238075,0.8,28.2,0.31,41.0,daemon,86251.2,239069.1,14270.6,17289.0,91.5,
2025-12-28T17:21:19.473197,0.0,28.2,0.18,43.0,daemon,86251.2,239089.3,14271.3,17289.2,92.0,
2025-12-28T17:22:19.715736,2.5,28.2,0.14,43.0,daemon,86251.2,239102.5,14271.7,17289.4,92.5,
2025-12-28T17:23:19.931947,0.8,28.2,0.32,57.0,daemon,86251.2,239123.3,14272.0,17289.6,93.0,
2025-12-28T17:24:20.148729,0.0,28.2,0.28,60.0,daemon,86251.2,239140.9,14272.7,17290.0,93.5,
2025-12-28T17:25:20.378429,3.3,28.2,0.30,60.0,daemon,86251.2,239158.9,14273.2,17290.3,93.9,
2025-12-28T17:26:20.585764,0.0,28.2,0.53,61.0,daemon,86251.2,239166.3,14273.9,17290.7,94.3,
2025-12-28T17:27:20.798921,4.1,28.2,0.49,44.0,daemon,86251.2,239183.1,14279.4,17291.0,94.7,
2025-12-28T17:28:21.034134,0.8,28.2,0.35,43.0,daemon,86251.2,239226.4,14279.7,17291.2,95.1,
2025-12-28T17:29:21.266795,0.8,28.2,0.12,43.0,daemon,86251.2,239253.9,14280.3,17291.5,95.4,
2025-12-28T17:30:21.480959,0.0,28.2,0.25,50.0,daemon,86251.2,239268.8,14280.7,17291.8,95.7,
2025-12-28T17:31:21.714612,0.0,28.2,0.37,43.0,daemon,86251.2,239287.6,14281.4,17292.1,96.1,
2025-12-28T17:32:21.939448,0.0,28.2,0.19,57.0,daemon,86251.2,239309.8,14282.6,17292.5,96.4,
2025-12-28T17:33:22.170147,0.8,28.2,0.07,41.0,daemon,86251.2,239328.5,14283.3,17292.8,96.7,
2025-12-28T17:34:22.404064,2.5,28.2,0.25,44.0,daemon,86251.2,239356.5,14284.4,17293.2,96.9,
2025-12-28T17:35:22.645242,0.0,28.2,0.22,43.0,daemon,86251.2,239368.2,14284.9,17293.4,97.2,
2025-12-28T17:36:22.884414,0.8,28.2,0.24,41.0,daemon,86251.2,239381.9,14285.0,17293.4,97.5,
2025-12-28T17:37:23.115364,6.6,28.2,0.30,51.0,daemon,86251.2,239398.8,14285.1,17293.4,97.7,
2025-12-28T17:38:23.323672,2.5,28.6,0.18,60.0,daemon,86251.2,239405.0,14285.5,17293.8,97.9,
2025-12-28T17:39:23.546112,1.7,28.2,0.34,44.0,daemon,86251.2,239425.8,14286.1,17294.0,98.1,
2025-12-28T17:40:23.788670,0.8,28.2,0.26,43.0,daemon,86251.2,239446.5,14286.3,17294.2,98.3,
2025-12-28T17:41:24.014859,2.5,28.2,0.22,57.0,daemon,86252.8,239468.9,14287.5,17295.5,98.5,
2025-12-28T17:42:24.243302,2.5,28.2,0.21,43.0,daemon,86252.8,239490.7,14288.2,17295.8,98.7,
2025-12-28T17:43:24.484405,0.0,28.2,0.18,41.0,daemon,86252.8,239504.4,14288.6,17295.9,98.9,
2025-12-28T17:44:24.724454,0.0,28.2,0.06,40.0,daemon,86252.8,239520.4,14289.1,17296.1,99.1,
2025-12-28T17:45:24.963981,0.8,28.2,0.20,40.0,daemon,86252.8,239539.2,14289.5,17296.3,99.2,
2025-12-28T17:46:25.202232,0.8,28.2,0.27,40.0,daemon,86252.8,239551.8,14290.2,17296.5,99.4,
2025-12-28T17:47:25.441607,0.0,28.2,0.10,40.0,daemon,86252.8,239558.2,14290.7,17296.7,99.4,
2025-12-28T17:48:25.679565,0.0,28.2,0.13,40.0,daemon,86252.8,239571.3,14291.4,17296.9,99.4,
2025-12-28T17:49:25.916100,0.8,28.2,0.30,43.0,daemon,86252.8,239608.7,14292.1,17297.2,99.4,
2025-12-28T17:50:26.156369,0.0,28.2,0.15,40.0,daemon,86252.8,239646.3,14292.5,17297.3,99.4,
2025-12-28T17:51:26.370401,0.0,28.2,0.05,57.0,daemon,86252.8,239678.4,14293.2,17297.5,99.4,
2025-12-28T17:52:26.583518,3.3,28.2,0.02,45.0,daemon,86252.8,239703.6,14293.7,17297.7,99.4,
2025-12-28T17:53:26.813379,0.0,28.2,0.11,43.0,daemon,86252.8,239719.1,14294.6,17298.2,99.4,
2025-12-28T17:54:27.044374,0.0,28.2,0.14,40.0,daemon,86252.8,239740.2,14296.1,17298.6,99.4,
2025-12-28T17:55:27.294500,2.4,28.6,0.09,43.0,daemon,86252.8,239754.6,14296.5,17298.9,99.4,
2025-12-28T17:56:27.524410,0.8,28.2,0.31,48.0,daemon,86252.8,239769.8,14296.9,17299.3,99.4,
2025-12-28T17:57:27.763258,0.0,28.6,0.33,41.0,daemon,86252.8,239786.3,14297.0,17299.4,100.0,
2025-12-28T17:58:27.978246,12.5,28.2,0.12,41.0,daemon,86252.8,239831.6,14297.0,17299.4,100.0,
2025-12-28T17:59:28.211672,0.0,28.2,0.16,56.0,daemon,86252.8,239853.2,14297.1,17299.4,100.0,
2025-12-28T18:00:28.449218,0.0,28.2,0.14,41.0,daemon,86252.8,239875.4,14297.1,17299.5,100.0,
2025-12-28T18:01:28.672139,1.7,28.6,0.25,45.0,daemon,86252.8,239895.7,14297.2,17299.6,100.0,
2025-12-28T18:02:28.904915,0.8,28.2,0.09,53.0,daemon,86252.8,239912.3,14297.6,17299.9,100.0,
2025-12-28T18:03:29.112902,0.0,28.2,0.10,57.0,daemon,86252.8,239928.1,14297.7,17300.1,100.0,
2025-12-28T18:04:29.319399,0.0,28.2,0.17,57.0,daemon,86252.8,239940.3,14298.0,17300.4,100.0,
2025-12-28T18:05:29.534847,0.0,28.2,0.13,48.0,daemon,86252.8,239963.1,14298.1,17300.5,100.0,
2025-12-28T18:06:29.745613,0.8,28.2,0.12,59.0,daemon,86252.8,239980.0,14298.1,17300.5,100.0,
2025-12-28T18:07:29.983060,0.8,28.6,0.04,41.0,daemon,86252.8,239993.3,14298.2,17300.5,100.0,
2025-12-28T18:08:30.220237,0.0,28.2,0.18,40.0,daemon,86252.8,240011.9,14298.2,17300.6,100.0,
2025-12-28T18:09:30.458774,0.8,28.6,0.54,40.0,daemon,86252.8,240031.8,14298.3,17300.6,100.0,
2025-12-28T18:10:30.691088,0.0,28.2,0.24,40.0,daemon,86252.8,240052.1,14298.3,17300.6,100.0,
2025-12-28T18:11:30.892464,0.0,28.6,0.09,56.0,daemon,86252.8,240071.7,14298.4,17300.7,100.0,
2025-12-28T18:12:31.110046,0.0,28.2,0.13,50.0,daemon,86252.8,240083.2,14298.4,17300.7,100.0,
2025-12-28T18:13:31.327707,0.0,28.2,0.11,55.0,daemon,86252.8,240099.0,14298.5,17300.7,100.0,
2025-12-28T18:14:22.401459,5.8,26.0,0.31,57.0,refresh,86252.8,240132.5,14298.8,17300.9,100.0,
2025-12-28T18:14:22.588399,7.6,26.0,0.31,57.0,refresh,86252.8,240132.6,14298.8,17300.9,100.0,
2025-12-28T18:14:31.543134,0.0,26.0,0.26,44.0,daemon,86252.8,240135.7,14298.9,17301.0,100.0,
2025-12-28T18:14:55.984194,11.7,25.6,0.37,57.0,refresh,86252.8,240172.9,14298.9,17301.0,100.0,
2025-12-28T18:14:56.131058,7.5,26.0,0.37,57.0,refresh,86252.8,240172.9,14298.9,17301.1,100.0,
2025-12-28T18:15:31.775291,2.5,26.6,0.65,47.0,daemon,86252.8,240212.5,14301.3,17301.3,100.0,
2025-12-28T18:16:32.014797,0.8,26.9,0.39,50.0,daemon,86252.8,240370.3,14311.5,17301.9,100.0,
2025-12-28T18:17:32.248361,0.0,26.3,0.31,44.0,daemon,86252.8,240456.3,14312.1,17302.1,100.0,
2025-12-28T18:18:32.489286,2.5,25.6,0.11,41.0,daemon,86252.8,240491.8,14312.1,17302.1,100.0,
2025-12-28T18:19:32.695825,3.4,25.6,0.04,61.0,daemon,86252.8,240516.0,14312.3,17303.1,100.0,
2025-12-28T18:20:32.904691,0.8,25.3,0.10,59.0,daemon,86252.8,240537.5,14312.4,17303.2,100.0,
2025-12-28T18:21:21.370002,3.4,25.6,0.09,53.0,daemon,86254.7,240559.9,14312.9,17303.3,100.0,
2025-12-28T18:21:25.463899,8.3,25.6,0.08,74.0,refresh,86254.7,240586.7,14313.0,17303.4,100.0,
2025-12-28T18:21:25.620913,8.3,25.6,0.08,74.0,refresh,86254.7,240586.7,14313.0,17303.4,100.0,
2025-12-28T18:22:21.602252,4.9,25.3,0.20,45.0,daemon,86254.7,240620.1,14313.2,17303.5,100.0,
2025-12-28T18:39:36.803518,0.0,26.0,0.40,64.0,daemon,86283.3,241279.5,14323.4,17328.5,100.0,
2025-12-28T18:39:55.588794,9.9,26.0,0.29,55.0,refresh,86283.3,241307.4,14323.8,17328.8,100.0,
2025-12-28T18:39:55.786350,8.4,26.0,0.29,55.0,refresh,86283.3,241307.4,14323.9,17328.9,100.0,
2025-12-28T18:40:07.207210,10.8,26.0,0.48,81.0,refresh,86283.3,241318.2,14324.5,17329.5,100.0,
2025-12-28T18:40:07.385838,11.0,26.0,0.48,81.0,refresh,86283.3,241318.5,14324.5,17329.5,100.0,
2025-12-28T18:40:37.020318,2.5,26.0,0.37,59.0,daemon,86283.3,241342.6,14324.6,17329.6,100.0,
2025-12-28T18:41:48.755177,3.3,26.9,0.28,57.0,daemon,86283.3,241412.8,14329.2,17334.1,100.0,
2025-12-28T18:42:15.056029,9.2,26.9,0.41,77.0,refresh,86283.3,241444.8,14329.6,17334.4,100.0,
2025-12-28T18:42:15.247850,8.3,26.9,0.41,77.0,refresh,86283.3,241444.8,14329.7,17334.5,100.0,
2025-12-28T18:42:48.998718,1.7,26.6,0.30,45.0,daemon,86284.5,241495.2,14330.2,17335.1,100.0,
2025-12-28T18:43:49.224726,10.8,26.6,0.36,65.0,daemon,86284.5,241524.8,14330.3,17336.2,100.0,
2025-12-28T18:44:49.446615,3.3,26.6,0.25,42.0,daemon,86284.8,241561.6,14331.3,17338.9,100.0,
